name,M_solar,M_kg,r_m,r_km,r_AU,r_ly,r_pc,r_s_m,r_s_km,x_dimensionless,horizon_ratio,r_ph_m,r_isco_m,inside_photon_sphere,inside_isco,Xi_segment_density,D_ssz_time_dilation,D_gr_time_dilation,stretch_factor,R_ssz_m,R_ssz_km,v_orbital_m_s,v_escape_m_s,v_orbital_ssz_m_s,v_escape_ssz_m_s,v_orbital_km_s,v_escape_km_s,v_orbital_ssz_km_s,v_escape_ssz_km_s,v_orbital_over_c,v_escape_over_c,tau_over_t,z_gr_redshift,z_ssz_redshift,T_orbital_seconds,T_orbital_years,T_orbital_ssz_seconds,T_orbital_ssz_years,g_m_s2,g_earth_g,phi_potential_J_kg,export_timestamp,phi_golden_ratio
Star_0000,2.7119001220e-01,5.3939693427e+29,1.5441742592e+19,1.5441742592e+16,1.0322020449e+08,1.6321469815e+03,5.0042916005e+02,8.0112961651e+02,8.0112961651e-01,1.9274961596e+16,1.9274961596e+16,1.2016944248e+03,2.4033888495e+03,False,False,1.0000000000e+00,0,1.0000000000e+00,2.0000000000e+00,3.0883485183e+19,3.0883485183e+16,1.5268941964e+00,2.1593544809e+00,2.1593544809e+00,3.0537883928e+00,1.5268941964e-03,2.1593544809e-03,2.1593544809e-03,3.0537883928e-03,5.0931708108e-09,7.2028312362e-09,0,0.0000000000e+00,inf,6.3542929431e+19,2.0135539278e+12,1.2708585886e+20,4.0271078555e+12,1.5098075059e-19,1.5390494454e-20,-2.3314058870e+00,2025-11-22T13:30:24.706247,1.6180339887e+00
Star_0001,2.5279381180e-01,5.0280689167e+29,5.7844990910e+18,5.7844990910e+15,3.8666437774e+07,6.1140461801e+02,1.8746148657e+02,7.4678491239e+02,7.4678491239e-01,7.7458703236e+15,7.7458703236e+15,1.1201773686e+03,2.2403547372e+03,False,False,1.0000000000e+00,0,1.0000000000e+00,2.0000000000e+00,1.1568998182e+19,1.1568998182e+16,2.4086327886e+00,3.4063211564e+00,3.4063211564e+00,4.8172655771e+00,2.4086327886e-03,3.4063211564e-03,3.4063211564e-03,4.8172655771e-03,8.0343341678e-09,1.1362264345e-08,0,2.2204460493e-16,inf,1.5089506325e+19,4.7815760150e+11,3.0179012650e+19,9.5631520301e+11,1.0029411050e-18,1.0223660601e-19,-5.8015119101e+00,2025-11-22T13:30:24.706247,1.6180339887e+00
Star_0002,4.8604718010e-01,9.6674784122e+29,2.6504884252e+19,2.6504884252e+16,1.7717168618e+08,2.8014886642e+03,8.5895855892e+02,1.4358448817e+03,1.4358448817e+00,1.8459434295e+16,1.8459434295e+16,2.1537673226e+03,4.3075346452e+03,False,False,1.0000000000e+00,0,1.0000000000e+00,2.0000000000e+00,5.3009768505e+19,5.3009768505e+16,1.5602583351e+00,2.2065384983e+00,2.2065384983e+00,3.1205166702e+00,1.5602583351e-03,2.2065384983e-03,2.2065384983e-03,3.1205166702e-03,5.2044615982e-09,7.3602201770e-09,0,0.0000000000e+00,inf,1.0673559343e+20,3.3822468576e+12,2.1347118687e+20,6.7644937152e+12,9.1847451549e-20,9.3626352241e-21,-2.4344060722e+00,2025-11-22T13:30:24.706247,1.6180339887e+00
Star_0003,4.6999674430e-01,9.3482352441e+29,1.9062058162e+19,1.9062058162e+16,1.2742017488e+08,2.0148037377e+03,6.1775474486e+02,1.3884298631e+03,1.3884298631e+00,1.3729219364e+16,1.3729219364e+16,2.0826447947e+03,4.1652895894e+03,False,False,1.0000000000e+00,0,1.0000000000e+00,2.0000000000e+00,3.8124116324e+19,3.8124116324e+16,1.8091841863e+00,2.5585728130e+00,2.5585728130e+00,3.6183683725e+00,1.8091841863e-03,2.5585728130e-03,2.5585728130e-03,3.6183683725e-03,6.0347888614e-09,8.5344802538e-09,0,2.2204460493e-16,inf,6.6201354554e+19,2.0977943365e+12,1.3240270911e+20,4.1955886730e+12,1.7171007412e-19,1.7503575343e-20,-3.2731474198e+00,2025-11-22T13:30:24.706247,1.6180339887e+00
Star_0004,4.2145463760e-01,8.3827327419e+29,9.7063309155e+18,9.7063309155e+15,6.4881891146e+07,1.0259307595e+03,3.1455847670e+02,1.2450303367e+03,1.2450303367e+00,7.7960597662e+15,7.7960597662e+15,1.8675455050e+03,3.7350910101e+03,False,False,1.0000000000e+00,0,1.0000000000e+00,2.0000000000e+00,1.9412661831e+19,1.9412661831e+16,2.4008671267e+00,3.3953388520e+00,3.3953388520e+00,4.8017342533e+00,2.4008671267e-03,3.3953388520e-03,3.3953388520e-03,4.8017342533e-03,8.0084307079e-09,1.1325631320e-08,0,2.2204460493e-16,inf,2.5401937124e+19,8.0493881424e+11,5.0803874249e+19,1.6098776285e+12,5.9385601109e-19,6.0535780947e-20,-5.7641629598e+00,2025-11-22T13:30:24.706755,1.6180339887e+00
Star_0005,2.9318649140e-01,5.8314793139e+29,1.0696074242e+20,1.0696074242e+17,7.1497822472e+08,1.1305437313e+04,3.4663364040e+03,8.6610999983e+02,8.6610999983e-01,1.2349556343e+17,1.2349556343e+17,1.2991649997e+03,2.5983299995e+03,False,False,1.0000000000e+00,0,1.0000000000e+00,2.0000000000e+00,2.1392148484e+20,2.1392148484e+17,6.0322596544e-01,8.5309034150e-01,8.5309034150e-01,1.2064519309e+00,6.0322596544e-04,8.5309034150e-04,8.5309034150e-04,1.2064519309e-03,2.0121452336e-09,2.8456030788e-09,0,0.0000000000e+00,inf,1.1141001941e+21,3.5303704786e+13,2.2282003883e+21,7.0607409571e+13,3.4020104681e-21,3.4679005791e-22,-3.6388156538e-01,2025-11-22T13:30:24.706755,1.6180339887e+00
Star_0006,1.5200657258e+00,3.0234107286e+30,3.0559284316e+19,3.0559284316e+16,2.0427329088e+08,3.2300268804e+03,9.9035176185e+02,4.4904665260e+03,4.4904665260e+00,6.8053695843e+15,6.8053695843e+15,6.7356997890e+03,1.3471399578e+04,False,False,1.0000000000e+00,0,1.0000000000e+00,2.0000000000e+00,6.1118568631e+19,6.1118568631e+16,2.5696847503e+00,3.6340830250e+00,3.6340830250e+00,5.1393695007e+00,2.5696847503e-03,3.6340830250e-03,3.6340830250e-03,5.1393695007e-03,8.5715456869e-09,1.2121996161e-08,0,2.2204460493e-16,inf,7.4721090275e+19,2.3677684702e+12,1.4944218055e+20,4.7355369404e+12,2.1608096734e-19,2.2026602175e-20,-6.6032797161e+00,2025-11-22T13:30:24.706755,1.6180339887e+00
Star_0007,2.9509277080e-01,5.8693952112e+29,1.5054563219e+19,1.5054563219e+16,1.0063210708e+08,1.5912232554e+03,4.8788162229e+02,8.7174139043e+02,8.7174139043e-01,1.7269528996e+16,1.7269528996e+16,1.3076120856e+03,2.6152241713e+03,False,False,1.0000000000e+00,0,1.0000000000e+00,2.0000000000e+00,3.0109126438e+19,3.0109126438e+16,1.6131154792e+00,2.2812897884e+00,2.2812897884e+00,3.2262309584e+00,1.6131154792e-03,2.2812897884e-03,2.2812897884e-03,3.2262309584e-03,5.3807740527e-09,7.6095636415e-09,0,2.2204460493e-16,inf,5.8638461810e+19,1.8581407271e+12,1.1727692362e+20,3.7162814542e+12,1.7284736272e-19,1.7619506903e-20,-2.6021415493e+00,2025-11-22T13:30:24.706755,1.6180339887e+00
Star_0008,2.3879372330e-01,4.7496071564e+29,7.2171267090e+18,7.2171267090e+15,4.8242825595e+07,7.6282916277e+02,2.3388944839e+02,7.0542687918e+02,7.0542687918e-01,1.0230864349e+16,1.0230864349e+16,1.0581403188e+03,2.1162806375e+03,False,False,1.0000000000e+00,0,1.0000000000e+00,2.0000000000e+00,1.4434253418e+19,1.4434253418e+16,2.0957985806e+00,2.9639067768e+00,2.9639067768e+00,4.1915971613e+00,2.0957985806e-03,2.9639067768e-03,2.9639067768e-03,4.1915971613e-03,6.9908315727e-09,9.8865288224e-09,0,2.2204460493e-16,inf,2.1636881004e+19,6.8563138528e+11,4.3273762008e+19,1.3712627706e+12,6.0860393170e-19,6.2039136768e-20,-4.3923716906e+00,2025-11-22T13:30:24.706755,1.6180339887e+00
Star_0009,1.9229041780e-01,3.8246564100e+29,4.9674878562e+19,4.9674878562e+16,3.3205132729e+08,5.2504892255e+03,1.6098414804e+03,5.6805022951e+02,5.6805022951e-01,8.7448038891e+16,8.7448038891e+16,8.5207534426e+02,1.7041506885e+03,False,False,1.0000000000e+00,0,1.0000000000e+00,2.0000000000e+00,9.9349757124e+19,9.9349757124e+16,7.1685392565e-01,1.0137845439e+00,1.0137845439e+00,1.4337078513e+00,7.1685392565e-04,1.0137845439e-03,1.0137845439e-03,1.4337078513e-03,2.3911673110e-09,3.3816212411e-09,0,0.0000000000e+00,inf,4.3539758373e+20,1.3796916867e+13,8.7079516746e+20,2.7593833735e+13,1.0344857715e-20,1.0545216835e-21,-5.1387955072e-01,2025-11-22T13:30:24.706755,1.6180339887e+00
Star_0010,1.7356988260e-01,3.4523049649e+29,1.5467844996e+20,1.5467844996e+17,1.0339468580e+09,1.6349059291e+04,5.0127507520e+03,5.1274739935e+02,5.1274739935e-01,3.0166598632e+17,3.0166598632e+17,7.6912109902e+02,1.5382421980e+03,False,False,1.0000000000e+00,0,1.0000000000e+00,2.0000000000e+00,3.0935689991e+20,3.0935689991e+17,3.8596020872e-01,5.4583016171e-01,5.4583016171e-01,7.7192041744e-01,3.8596020872e-04,5.4583016171e-04,5.4583016171e-04,7.7192041744e-04,1.2874246780e-09,1.8206934402e-09,0,0.0000000000e+00,inf,2.5180662207e+21,7.9792703522e+13,5.0361324414e+21,1.5958540704e+14,9.6306423265e-22,9.8171685285e-23,-1.4896528271e-01,2025-11-22T13:30:24.707255,1.6180339887e+00
Star_0011,4.3067942200e-01,8.5662137036e+29,1.5442445693e+20,1.5442445693e+17,1.0322490436e+09,1.6322212972e+04,5.0045194585e+03,1.2722815172e+03,1.2722815172e+00,1.2137601218e+17,1.2137601218e+17,1.9084222759e+03,3.8168445517e+03,False,False,1.0000000000e+00,0,1.0000000000e+00,2.0000000000e+00,3.0884891386e+20,3.0884891386e+17,6.0847014313e-01,8.6050672871e-01,8.6050672871e-01,1.2169402863e+00,6.0847014313e-04,8.6050672871e-04,8.6050672871e-04,1.2169402863e-03,2.0296379275e-09,2.8703414837e-09,0,0.0000000000e+00,inf,1.5946180594e+21,5.0530397097e+13,3.1892361188e+21,1.0106079419e+14,2.3975212375e-21,2.4439564093e-22,-3.7023591508e-01,2025-11-22T13:30:24.707255,1.6180339887e+00
Star_0012,3.3878269150e-01,6.7383877339e+29,2.9506631328e+19,2.9506631328e+16,1.9723684043e+08,3.1187645416e+03,9.5623784970e+02,1.0008069454e+03,1.0008069454e+00,2.9482840287e+16,2.9482840287e+16,1.5012104180e+03,3.0024208361e+03,False,False,1.0000000000e+00,0,1.0000000000e+00,2.0000000000e+00,5.9013262656e+19,5.9013262656e+16,1.2345851397e+00,1.7459670484e+00,1.7459670484e+00,2.4691702793e+00,1.2345851397e-03,1.7459670484e-03,1.7459670484e-03,2.4691702793e-03,4.1181327506e-09,5.8239191875e-09,0,0.0000000000e+00,inf,1.5016836544e+20,4.7585483511e+12,3.0033673089e+20,9.5170967021e+12,5.1656200606e-20,5.2656677478e-21,-1.5242004671e+00,2025-11-22T13:30:24.707255,1.6180339887e+00
Star_0013,4.1290888620e-01,8.2127577465e+29,5.7727279905e+18,5.7727279905e+15,3.8587753947e+07,6.1016044715e+02,1.8708001395e+02,1.2197851055e+03,1.2197851055e+00,4.7325778649e+15,4.7325778649e+15,1.8296776583e+03,3.6593553166e+03,False,False,1.0000000000e+00,0,1.0000000000e+00,2.0000000000e+00,1.1545455981e+19,1.1545455981e+16,3.0814620324e+00,4.3578453982e+00,4.3578453982e+00,6.1629240648e+00,3.0814620324e-03,4.3578453982e-03,4.3578453982e-03,6.1629240648e-03,1.0278650947e-08,1.4536207573e-08,0,2.2204460493e-16,inf,1.1770750154e+19,3.7299256451e+11,2.3541500308e+19,7.4598512902e+11,1.6448736668e-18,1.6767315666e-19,-9.4954082573e+00,2025-11-22T13:30:24.707255,1.6180339887e+00
Star_0014,1.8616027752e+00,3.7027279199e+30,9.3815262680e+19,9.3815262680e+16,6.2710737086e+08,9.9159985921e+03,3.0403235143e+03,5.4994101932e+03,5.4994101932e+00,1.7059149870e+16,1.7059149870e+16,8.2491152898e+03,1.6498230580e+04,False,False,1.0000000000e+00,0,1.0000000000e+00,2.0000000000e+00,1.8763052536e+20,1.8763052536e+17,1.6230317393e+00,2.2953134979e+00,2.2953134979e+00,3.2460634786e+00,1.6230317393e-03,2.2953134979e-03,2.2953134979e-03,3.2460634786e-03,5.4138511360e-09,7.6563417012e-09,0,2.2204460493e-16,inf,3.6318370478e+20,1.1508597130e+13,7.2636740956e+20,2.3017194259e+13,2.8078928221e-20,2.8622760674e-21,-2.6342320268e+00,2025-11-22T13:30:24.707255,1.6180339887e+00
Star_0015,2.8114620530e-01,5.5919980234e+29,2.5355125193e+19,2.5355125193e+16,1.6948613097e+08,2.6799624979e+03,8.2169767615e+02,8.3054147093e+02,8.3054147093e-01,3.0528427635e+16,3.0528427635e+16,1.2458122064e+03,2.4916244128e+03,False,False,1.0000000000e+00,0,1.0000000000e+00,2.0000000000e+00,5.0710250386e+19,5.0710250386e+16,1.2132589028e+00,1.7158071950e+00,1.7158071950e+00,2.4265178056e+00,1.2132589028e-03,1.7158071950e-03,1.7158071950e-03,2.4265178056e-03,4.0469960815e-09,5.7233167454e-09,0,0.0000000000e+00,inf,1.3130828853e+20,4.1609085778e+12,2.6261657707e+20,8.3218171555e+12,5.8055211876e-20,5.9179624746e-21,-1.4719971652e+00,2025-11-22T13:30:24.707760,1.6180339887e+00
Star_0016,3.2901589050e-01,6.5441260620e+29,5.7001771711e+19,5.7001771711e+16,3.8102788577e+08,6.0249203796e+03,1.8472881910e+03,9.7195457916e+02,9.7195457916e-01,5.8646538566e+16,5.8646538566e+16,1.4579318687e+03,2.9158637375e+03,False,False,1.0000000000e+00,0,1.0000000000e+00,2.0000000000e+00,1.1400354342e+20,1.1400354342e+17,8.7535559699e-01,1.2379397572e+00,1.2379397572e+00,1.7507111940e+00,8.7535559699e-04,1.2379397572e-03,1.2379397572e-03,1.7507111940e-03,2.9198719769e-09,4.1293225501e-09,0,0.0000000000e+00,inf,4.0915108755e+20,1.2965215591e+13,8.1830217509e+20,2.5930431183e+13,1.3442519384e-20,1.3702873990e-21,-7.6624742117e-01,2025-11-22T13:30:24.707760,1.6180339887e+00
Star_0017,4.4839745980e-01,8.9186254754e+29,4.1362236857e+19,4.1362236857e+16,2.7648554048e+08,4.3718673350e+03,1.3404490669e+03,1.3246228432e+03,1.3246228432e+00,3.1225670815e+16,3.1225670815e+16,1.9869342648e+03,3.9738685296e+03,False,False,1.0000000000e+00,0,1.0000000000e+00,2.0000000000e+00,8.2724473713e+19,8.2724473713e+16,1.1996369019e+00,1.6965427766e+00,1.6965427766e+00,2.3992738039e+00,1.1996369019e-03,1.6965427766e-03,1.6965427766e-03,2.3992738039e-03,4.0015579776e-09,5.6590575625e-09,0,0.0000000000e+00,inf,2.1663771635e+20,6.8648349797e+12,4.3327543271e+20,1.3729669959e+13,3.4793299537e-20,3.5467175879e-21,-1.4391286965e+00,2025-11-22T13:30:24.707760,1.6180339887e+00
Star_0018,4.5056898060e-01,8.9618170241e+29,3.5164961681e+19,3.5164961681e+16,2.3505990429e+08,3.7168334934e+03,1.1396105156e+03,1.3310377905e+03,1.3310377905e+00,2.6419206076e+16,2.6419206076e+16,1.9965566857e+03,3.9931133714e+03,False,False,1.0000000000e+00,0,1.0000000000e+00,2.0000000000e+00,7.0329923363e+19,7.0329923363e+16,1.3042048889e+00,1.8444242420e+00,1.8444242420e+00,2.6084097778e+00,1.3042048889e-03,1.8444242420e-03,1.8444242420e-03,2.6084097778e-03,4.3503592372e-09,6.1523370344e-09,0,0.0000000000e+00,inf,1.6941200914e+20,5.3683426225e+12,3.3882401829e+20,1.0736685245e+13,4.8370602750e-20,4.9307444190e-21,-1.7009503922e+00,2025-11-22T13:30:24.707760,1.6180339887e+00
Star_0019,2.6895923930e-01,5.3495992697e+29,1.6991184108e+19,1.6991184108e+16,1.1357743388e+08,1.7959184133e+03,5.5064277501e+02,7.9453963104e+02,7.9453963104e-01,2.1384942229e+16,2.1384942229e+16,1.1918094466e+03,2.3836188931e+03,False,False,1.0000000000e+00,0,1.0000000000e+00,2.0000000000e+00,3.3982368217e+19,3.3982368217e+16,1.4496116293e+00,2.0500604264e+00,2.0500604264e+00,2.8992232587e+00,1.4496116293e-03,2.0500604264e-03,2.0500604264e-03,2.8992232587e-03,4.8353839152e-09,6.8382655122e-09,0,0.0000000000e+00,inf,7.3646455493e+19,2.3337153489e+12,1.4729291099e+20,4.6674306977e+12,1.2367436327e-19,1.2606968733e-20,-2.1013738759e+00,2025-11-22T13:30:24.707760,1.6180339887e+00
Star_0020,3.4740677550e-01,6.9099207647e+29,9.3062857699e+19,9.3062857699e+16,6.2207792579e+08,9.8364715885e+03,3.0159399066e+03,1.0262835809e+03,1.0262835809e+00,9.0679476345e+16,9.0679476345e+16,1.5394253714e+03,3.0788507427e+03,False,False,1.0000000000e+00,0,1.0000000000e+00,2.0000000000e+00,1.8612571540e+20,1.8612571540e+17,7.0396522058e-01,9.9555716239e-01,9.9555716239e-01,1.4079304412e+00,7.0396522058e-04,9.9555716239e-04,9.9555716239e-04,1.4079304412e-03,2.3481752185e-09,3.3208212409e-09,0,0.0000000000e+00,inf,8.3062509772e+20,2.6320921037e+13,1.6612501954e+21,5.2641842074e+13,5.3250785979e-21,5.4282146768e-22,-4.9556703179e-01,2025-11-22T13:30:24.707760,1.6180339887e+00
Star_0021,2.9100887770e-01,5.7881665775e+29,9.6950748097e+19,9.6950748097e+16,6.4806649797e+08,1.0247410221e+04,3.1419369380e+03,8.5967705337e+02,8.5967705337e-01,1.1277577750e+17,1.1277577750e+17,1.2895155801e+03,2.5790311601e+03,False,False,1.0000000000e+00,0,1.0000000000e+00,2.0000000000e+00,1.9390149619e+20,1.9390149619e+17,6.3124476596e-01,8.9271490920e-01,8.9271490920e-01,1.2624895319e+00,6.3124476596e-04,8.9271490920e-04,8.9271490920e-04,1.2624895319e-03,2.1056058921e-09,2.9777764096e-09,0,0.0000000000e+00,inf,9.6501317525e+20,3.0579422239e+13,1.9300263505e+21,6.1158844478e+13,4.1100245472e-21,4.1896274692e-22,-3.9846995455e-01,2025-11-22T13:30:24.708265,1.6180339887e+00
Star_0022,4.0761732580e-01,8.1075086102e+29,7.0481641451e+19,7.0481641451e+16,4.7113396692e+08,7.4497031446e+03,2.2841378440e+03,1.2041531664e+03,1.2041531664e+00,5.8532123168e+16,5.8532123168e+16,1.8062297497e+03,3.6124594993e+03,False,False,1.0000000000e+00,0,1.0000000000e+00,2.0000000000e+00,1.4096328290e+20,1.4096328290e+17,8.7621072796e-01,1.2391490950e+00,1.2391490950e+00,1.7524214559e+00,8.7621072796e-04,1.2391490950e-03,1.2391490950e-03,1.7524214559e-03,2.9227243867e-09,4.1333564668e-09,0,0.0000000000e+00,inf,5.0541405151e+20,1.6015604847e+13,1.0108281030e+21,3.2031209693e+13,1.0892839951e-20,1.1103812386e-21,-7.6774523979e-01,2025-11-22T13:30:24.708265,1.6180339887e+00
Star_0023,1.9346698100e-01,3.8480582521e+29,3.5836150787e+18,3.5836150787e+15,2.3954646248e+07,3.7877762168e+02,1.1613621151e+02,5.7152594610e+02,5.7152594610e-01,6.2702579002e+15,6.2702579002e+15,8.5728891915e+02,1.7145778383e+03,False,False,1.0000000000e+00,0,1.0000000000e+00,2.0000000000e+00,7.1672301574e+18,7.1672301574e+15,2.6770901928e+00,3.7859772583e+00,3.7859772583e+00,5.3541803855e+00,2.6770901928e-03,3.7859772583e-03,3.7859772583e-03,5.3541803855e-03,8.9298116791e-09,1.2628660786e-08,0,2.2204460493e-16,inf,8.4108177117e+18,2.6652273024e+11,1.6821635423e+19,5.3304546047e+11,1.9998832862e-18,2.0386170094e-19,-7.1668119002e+00,2025-11-22T13:30:24.708265,1.6180339887e+00
Star_0024,3.1368306330e-01,6.2391561290e+29,1.4030002784e+20,1.4030002784e+17,9.3783441069e+08,1.4829302171e+04,4.5467812114e+03,9.2665946717e+02,9.2665946717e-01,1.5140408404e+17,1.5140408404e+17,1.3899892007e+03,2.7799784015e+03,False,False,1.0000000000e+00,0,1.0000000000e+00,2.0000000000e+00,2.8060005568e+20,2.8060005568e+17,5.4479976305e-01,7.7046321368e-01,7.7046321368e-01,1.0895995261e+00,5.4479976305e-04,7.7046321368e-04,7.7046321368e-04,1.0895995261e-03,1.8172564003e-09,2.5699886476e-09,0,0.0000000000e+00,inf,1.6180827036e+21,5.1273946802e+13,3.2361654072e+21,1.0254789360e+14,2.1155147749e-21,2.1564880479e-22,-2.9680678182e-01,2025-11-22T13:30:24.708265,1.6180339887e+00
Star_0025,4.7373509280e-01,9.4225909958e+29,6.7457981733e+18,6.7457981733e+15,4.5092233779e+07,7.1301111651e+02,2.1861484180e+02,1.3994734177e+03,1.3994734177e+00,4.8202403047e+15,4.8202403047e+15,2.0992101266e+03,4.1984202531e+03,False,False,1.0000000000e+00,0,1.0000000000e+00,2.0000000000e+00,1.3491596347e+19,1.3491596347e+16,3.0533132349e+00,4.3180369869e+00,4.3180369869e+00,6.1066264697e+00,3.0533132349e-03,4.3180369869e-03,4.3180369869e-03,6.1066264697e-03,1.0184756665e-08,1.4403421006e-08,0,2.2204460493e-16,inf,1.3881674335e+19,4.3988371532e+11,2.7763348669e+19,8.7976743064e+11,1.3820042448e-18,1.4087708918e-19,-9.3227217102e+00,2025-11-22T13:30:24.708265,1.6180339887e+00
Star_0026,1.9226884460e-01,3.8242273191e+29,7.8673524401e+19,7.8673524401e+16,5.2589254279e+08,8.3155611881e+03,2.5496167612e+03,5.6798649954e+02,5.6798649954e-01,1.3851301829e+17,1.3851301829e+17,8.5197974931e+02,1.7039594986e+03,False,False,1.0000000000e+00,0,1.0000000000e+00,2.0000000000e+00,1.5734704880e+20,1.5734704880e+17,5.6958744595e-01,8.0551829102e-01,8.0551829102e-01,1.1391748919e+00,5.6958744595e-04,8.0551829102e-04,8.0551829102e-04,1.1391748919e-03,1.8999392105e-09,2.6869197991e-09,0,0.0000000000e+00,inf,8.6785679019e+20,2.7500722178e+13,1.7357135804e+21,5.5001444355e+13,4.1237488858e-21,4.2036176205e-22,-3.2442985859e-01,2025-11-22T13:30:24.708265,1.6180339887e+00
Star_0027,3.8075982490e-01,7.5733129173e+29,4.4463252485e+19,4.4463252485e+16,2.9721425458e+08,4.6996356078e+03,1.4409454090e+03,1.1248127098e+03,1.1248127098e+00,3.9529471970e+16,3.9529471970e+16,1.6872190648e+03,3.3744381295e+03,False,False,1.0000000000e+00,0,1.0000000000e+00,2.0000000000e+00,8.8926504970e+19,8.8926504970e+16,1.0662160077e+00,1.5078571385e+00,1.5078571385e+00,2.1324320153e+00,1.0662160077e-03,1.5078571385e-03,1.5078571385e-03,2.1324320153e-03,3.5565137788e-09,5.0296700208e-09,0,0.0000000000e+00,inf,2.6202087824e+20,8.3029405988e+12,5.2404175648e+20,1.6605881198e+13,2.5567553237e-20,2.6062745400e-21,-1.1368165750e+00,2025-11-22T13:30:24.708265,1.6180339887e+00
Star_0028,2.6674537480e-01,5.3055655048e+29,5.5537053797e+19,5.5537053797e+16,3.7123699062e+08,5.8701039845e+03,1.7998202611e+03,7.8799959513e+02,7.8799959513e-01,7.0478530877e+16,7.0478530877e+16,1.1819993927e+03,2.3639987854e+03,False,False,1.0000000000e+00,0,1.0000000000e+00,2.0000000000e+00,1.1107410759e+20,1.1107410759e+17,7.9850434521e-01,1.1292556746e+00,1.1292556746e+00,1.5970086904e+00,7.9850434521e-04,1.1292556746e-03,1.1292556746e-03,1.5970086904e-03,2.6635237942e-09,3.7667914735e-09,0,0.0000000000e+00,inf,4.3700400945e+20,1.3847821427e+13,8.7400801890e+20,2.7695642853e+13,1.1480788874e-20,1.1703148699e-21,-6.3760918932e-01,2025-11-22T13:30:24.708265,1.6180339887e+00
Star_0029,2.0006142588e+01,3.9792217608e+31,2.8872379020e+19,2.8872379020e+16,1.9299718596e+08,3.0517259296e+03,9.3568328158e+02,5.9100677084e+04,5.9100677084e+01,4.8852873510e+14,4.8852873510e+14,8.8651015626e+04,1.7730203125e+05,False,False,1.0000000000e+00,0,1.0000000000e+00,2.0000000000e+00,5.7744758040e+19,5.7744758040e+16,9.5909283853e+00,1.3563620998e+01,1.3563620998e+01,1.9181856771e+01,9.5909283853e-03,1.3563620998e-02,1.3563620998e-02,1.9181856771e-02,3.1991893490e-08,4.5243369659e-08,0,1.1102230246e-15,inf,1.8914801608e+19,5.9937389433e+11,3.7829603215e+19,1.1987477887e+12,3.1859483151e-18,3.2476537361e-19,-9.1985907292e+01,2025-11-22T13:30:24.708265,1.6180339887e+00
Star_0030,4.8639995040e-01,9.6744950135e+29,2.2411162054e+19,2.2411162054e+16,1.4980723298e+08,2.3687942135e+03,7.2629102161e+02,1.4368870099e+03,1.4368870099e+00,1.5597024609e+16,1.5597024609e+16,2.1553305148e+03,4.3106610296e+03,False,False,1.0000000000e+00,0,1.0000000000e+00,2.0000000000e+00,4.4822324107e+19,4.4822324107e+16,1.6974024567e+00,2.4004895750e+00,2.4004895750e+00,3.3948049133e+00,1.6974024567e-03,2.4004895750e-03,2.4004895750e-03,3.3948049133e-03,5.6619251464e-09,8.0071713312e-09,0,2.2204460493e-16,inf,8.2958218648e+19,2.6287873174e+12,1.6591643730e+20,5.2575746348e+12,1.2855982626e-19,1.3104977192e-20,-2.8811750999e+00,2025-11-22T13:30:24.708265,1.6180339887e+00
Star_0031,4.4555135750e-01,8.8620165007e+29,6.2989363496e+19,6.2989363496e+16,4.2105189503e+08,6.6577913007e+03,2.0413314158e+03,1.3162150968e+03,1.3162150968e+00,4.7856435964e+16,4.7856435964e+16,1.9743226452e+03,3.9486452905e+03,False,False,1.0000000000e+00,0,1.0000000000e+00,2.0000000000e+00,1.2597872699e+20,1.2597872699e+17,9.6902622152e-01,1.3704100248e+00,1.3704100248e+00,1.9380524430e+00,9.6902622152e-04,1.3704100248e-03,1.3704100248e-03,1.9380524430e-03,3.2323235480e-09,4.5711957996e-09,0,0.0000000000e+00,inf,4.0842428661e+20,1.2942184659e+13,8.1684857321e+20,2.5884369319e+13,1.4907466370e-20,1.5196194057e-21,-9.3901181799e-01,2025-11-22T13:30:24.708265,1.6180339887e+00
Star_0032,3.8312486170e-01,7.6203534992e+29,6.1865798962e+19,6.1865798962e+16,4.1354143691e+08,6.5390338191e+03,2.0049194336e+03,1.1317993278e+03,1.1317993278e+00,5.4661455825e+16,5.4661455825e+16,1.6976989918e+03,3.3953979835e+03,False,False,1.0000000000e+00,0,1.0000000000e+00,2.0000000000e+00,1.2373159792e+20,1.2373159792e+17,9.0670311540e-01,1.2822718428e+00,1.2822718428e+00,1.8134062308e+00,9.0670311540e-04,1.2822718428e-03,1.2822718428e-03,1.8134062308e-03,3.0244360430e-09,4.2771984706e-09,0,0.0000000000e+00,inf,4.2871174969e+20,1.3585055571e+13,8.5742349939e+20,2.7170111142e+13,1.3288611046e-20,1.3545984757e-21,-8.2211053947e-01,2025-11-22T13:30:24.708265,1.6180339887e+00
Star_0033,1.6730078046e+00,3.3276125233e+30,1.6699653351e+19,1.6699653351e+16,1.1162869887e+08,1.7651044658e+03,5.4119497525e+02,4.9422767824e+03,4.9422767824e+00,3.3789393202e+15,3.3789393202e+15,7.4134151736e+03,1.4826830347e+04,False,False,1.0000000000e+00,0,1.0000000000e+00,2.0000000000e+00,3.3399306702e+19,3.3399306702e+16,3.6468299158e+00,5.1573963265e+00,5.1573963265e+00,7.2936598315e+00,3.6468299158e-03,5.1573963265e-03,5.1573963265e-03,7.2936598315e-03,1.2164515212e-08,1.7203222392e-08,0,2.2204460493e-16,inf,2.8772116878e+19,9.1173336623e+11,5.7544233757e+19,1.8234667325e+12,7.9638589824e-19,8.1181029383e-20,-1.3299368434e+01,2025-11-22T13:30:24.709269,1.6180339887e+00
Star_0034,1.0772503970e-01,2.1426510396e+29,1.1507437698e+20,1.1507437698e+17,7.6921374990e+08,1.2163024732e+04,3.7292794823e+03,3.1823340042e+02,3.1823340042e-01,3.6160370606e+17,3.6160370606e+17,4.7735010063e+02,9.5470020127e+02,False,False,1.0000000000e+00,0,1.0000000000e+00,2.0000000000e+00,2.3014875397e+20,2.3014875397e+17,3.5252447026e-01,4.9854488691e-01,4.9854488691e-01,7.0504894053e-01,3.5252447026e-04,4.9854488691e-04,4.9854488691e-04,7.0504894053e-04,1.1758950596e-09,1.6629667412e-09,0,0.0000000000e+00,inf,2.0510168675e+21,6.4992802604e+13,4.1020337349e+21,1.2998560521e+14,1.0799406905e-21,1.1008569729e-22,-1.2427350213e-01,2025-11-22T13:30:24.709269,1.6180339887e+00
Star_0035,1.9134165902e+00,3.8057855979e+30,8.1466966197e+19,8.1466966197e+16,5.4456528207e+08,8.6108198073e+03,2.6401453867e+03,5.6524747600e+03,5.6524747600e+00,1.4412619190e+16,1.4412619190e+16,8.4787121400e+03,1.6957424280e+04,False,False,1.0000000000e+00,0,1.0000000000e+00,2.0000000000e+00,1.6293393239e+20,1.6293393239e+17,1.7657704683e+00,2.4971765443e+00,2.4971765443e+00,3.5315409366e+00,1.7657704683e-03,2.4971765443e-03,2.4971765443e-03,3.5315409366e-03,5.8899762858e-09,8.3296843455e-09,0,2.2204460493e-16,inf,2.8988594737e+20,9.1859313562e+12,5.7977189473e+20,1.8371862712e+13,3.8272510838e-20,3.9013772515e-21,-3.1179453467e+00,2025-11-22T13:30:24.709269,1.6180339887e+00
Star_0036,3.5108833720e-01,6.9831470269e+29,7.7634244951e+18,7.7634244951e+15,5.1894548764e+07,8.2057123931e+02,2.5159362527e+02,1.0371593801e+03,1.0371593801e+00,7.4852762691e+15,7.4852762691e+15,1.5557390701e+03,3.1114781403e+03,False,False,1.0000000000e+00,0,1.0000000000e+00,2.0000000000e+00,1.5526848990e+19,1.5526848990e+16,2.4502014248e+00,3.4651080854e+00,3.4651080854e+00,4.9004028495e+00,2.4502014248e-03,3.4651080854e-03,3.4651080854e-03,4.9004028495e-03,8.1729922130e-09,1.1558356433e-08,0,2.2204460493e-16,inf,1.9908173356e+19,6.3085194552e+11,3.9816346712e+19,1.2617038910e+12,7.7330397503e-19,7.8828132011e-20,-6.0034870219e+00,2025-11-22T13:30:24.709269,1.6180339887e+00
Star_0037,3.0187581480e-01,6.0043099564e+29,1.2905493568e+19,1.2905493568e+16,8.6266668233e+07,1.3640728853e+03,4.1823552412e+02,8.9177936083e+02,8.9177936083e-01,1.4471621720e+16,1.4471621720e+16,1.3376690412e+03,2.6753380825e+03,False,False,1.0000000000e+00,0,1.0000000000e+00,2.0000000000e+00,2.5810987135e+19,2.5810987135e+16,1.7621671632e+00,2.4920807014e+00,2.4920807014e+00,3.5243343264e+00,1.7621671632e-03,2.4920807014e-03,2.4920807014e-03,3.5243343264e-03,5.8779569539e-09,8.3126864432e-09,0,2.2204460493e-16,inf,4.6015843025e+19,1.4581540746e+12,9.2031686050e+19,2.9163081492e+12,2.4061327797e-19,2.4527347397e-20,-3.1052331111e+00,2025-11-22T13:30:24.709269,1.6180339887e+00
Star_0038,2.9380922640e-01,5.8438655131e+29,1.6568207525e+18,1.6568207525e+15,1.1075005030e+07,1.7512110268e+02,5.3693513707e+01,8.6794963783e+02,8.6794963783e-01,1.9088904243e+15,1.9088904243e+15,1.3019244567e+03,2.6038489135e+03,False,False,1.0000000000e+00,0,1.0000000000e+00,2.0000000000e+00,3.3136415049e+18,3.3136415049e+15,4.8519375840e+00,6.8616759350e+00,6.8616759350e+00,9.7038751679e+00,4.8519375840e-03,6.8616759350e-03,6.8616759350e-03,9.7038751679e-03,1.6184321702e-08,2.2888087248e-08,0,4.4408920985e-16,inf,2.1455576516e+18,6.7988619275e+10,4.2911153032e+18,1.3597723855e+11,1.4208717680e-17,1.4483912009e-18,-2.3541298319e+01,2025-11-22T13:30:24.709269,1.6180339887e+00
Star_0039,4.3472735630e-01,8.6467271168e+29,1.2732295464e+20,1.2732295464e+17,8.5108926900e+08,1.3457663528e+04,4.1262259663e+03,1.2842396275e+03,1.2842396275e+00,9.9142677052e+16,9.9142677052e+16,1.9263594412e+03,3.8527188824e+03,False,False,1.0000000000e+00,0,1.0000000000e+00,2.0000000000e+00,2.5464590928e+20,2.5464590928e+17,6.7324848426e-01,9.5211713728e-01,9.5211713728e-01,1.3464969685e+00,6.7324848426e-04,9.5211713728e-04,9.5211713728e-04,1.3464969685e-03,2.2457152149e-09,3.1759209142e-09,0,0.0000000000e+00,inf,1.1882592187e+21,3.7653662467e+13,2.3765184373e+21,7.5307324934e+13,3.5599513287e-21,3.6289004370e-22,-4.5326352155e-01,2025-11-22T13:30:24.709773,1.6180339887e+00
Star_0040,6.0862297810e-01,1.2105511034e+30,1.6983735532e+19,1.6983735532e+16,1.1352764393e+08,1.7951311206e+03,5.5040138485e+02,1.7979493016e+03,1.7979493016e+00,9.4461704326e+15,9.4461704326e+15,2.6969239524e+03,5.3938479049e+03,False,False,1.0000000000e+00,0,1.0000000000e+00,2.0000000000e+00,3.3967471065e+19,3.3967471065e+16,2.1811112437e+00,3.0845571019e+00,3.0845571019e+00,4.3622224874e+00,2.1811112437e-03,3.0845571019e-03,3.0845571019e-03,4.3622224874e-03,7.2754039853e-09,1.0288974988e-08,0,2.2204460493e-16,inf,4.8925499727e+19,1.5503555317e+12,9.7850999454e+19,3.1007110634e+12,2.8010600190e-19,2.8553109267e-20,-4.7572462574e+00,2025-11-22T13:30:24.709773,1.6180339887e+00
Star_0041,4.8569248490e-01,9.6604235247e+29,9.6139630304e+18,9.6139630304e+15,6.4264458759e+07,1.0161677445e+03,3.1156505916e+02,1.4347970672e+03,1.4347970672e+00,6.7005733772e+15,6.7005733772e+15,2.1521956009e+03,4.3043912017e+03,False,False,1.0000000000e+00,0,1.0000000000e+00,2.0000000000e+00,1.9227926061e+19,1.9227926061e+16,2.5897015777e+00,3.6623910937e+00,3.6623910937e+00,5.1794031554e+00,2.5897015777e-03,3.6623910937e-03,3.6623910937e-03,5.1794031554e-03,8.6383146359e-09,1.2216421714e-08,0,2.2204460493e-16,inf,2.3325587696e+19,7.3914327122e+11,4.6651175392e+19,1.4782865424e+12,6.9758477750e-19,7.1109559378e-20,-6.7065542614e+00,2025-11-22T13:30:24.709773,1.6180339887e+00
Star_0042,1.1038256675e+00,2.1955092527e+30,1.5595890838e+20,1.5595890838e+17,1.0425060721e+09,1.6484399998e+04,5.0542472821e+03,3.2608407165e+03,3.2608407165e+00,4.7827821701e+16,4.7827821701e+16,4.8912610748e+03,9.7825221495e+03,False,False,1.0000000000e+00,0,1.0000000000e+00,2.0000000000e+00,3.1191781677e+20,3.1191781677e+17,9.6931605099e-01,1.3708199055e+00,1.3708199055e+00,1.9386321020e+00,9.6931605099e-04,1.3708199055e-03,1.3708199055e-03,1.9386321020e-03,3.2332903151e-09,4.5725630147e-09,0,0.0000000000e+00,inf,1.0109383010e+21,3.2034701655e+13,2.0218766019e+21,6.4069403311e+13,6.0244946342e-21,6.1411769971e-22,-9.3957360671e-01,2025-11-22T13:30:24.709773,1.6180339887e+00
Star_0043,1.7871406242e+00,3.5546227015e+30,8.6787609207e+19,8.6787609207e+16,5.8013107759e+08,9.1731961956e+03,2.8125744307e+03,5.2794395756e+03,5.2794395756e+00,1.6438792028e+16,1.6438792028e+16,7.9191593634e+03,1.5838318727e+04,False,False,1.0000000000e+00,0,1.0000000000e+00,2.0000000000e+00,1.7357521841e+20,1.7357521841e+17,1.6533726701e+00,2.3382220536e+00,2.3382220536e+00,3.3067453401e+00,1.6533726701e-03,2.3382220536e-03,2.3382220536e-03,3.3067453401e-03,5.5150575871e-09,7.7994692370e-09,0,2.2204460493e-16,inf,3.2981229271e+20,1.0451120894e+13,6.5962458542e+20,2.0902241787e+13,3.1498058433e-20,3.2108112572e-21,-2.7336411861e+00,2025-11-22T13:30:24.709773,1.6180339887e+00
Star_0044,1.9205578435e+00,3.8199895507e+30,1.5670810351e+20,1.5670810351e+17,1.0475140609e+09,1.6563587729e+04,5.0785268661e+03,5.6735709260e+03,5.6735709260e+00,2.7620718160e+16,2.7620718160e+16,8.5103563890e+03,1.7020712778e+04,False,False,1.0000000000e+00,0,1.0000000000e+00,2.0000000000e+00,3.1341620702e+20,3.1341620702e+17,1.2755227879e+00,1.8038616257e+00,1.8038616257e+00,2.5510455757e+00,1.2755227879e-03,1.8038616257e-03,1.8038616257e-03,2.5510455757e-03,4.2546860464e-09,6.0170347104e-09,0,0.0000000000e+00,inf,7.7193921022e+20,2.4461277481e+13,1.5438784204e+21,4.8922554961e+13,1.0382094773e-20,1.0583175100e-21,-1.6269583823e+00,2025-11-22T13:30:24.709773,1.6180339887e+00
Star_0045,1.2128699733e+00,2.4123983769e+30,4.4765592264e+19,4.4765592264e+16,2.9923524241e+08,4.7315920372e+03,1.4507435027e+03,3.5829713960e+03,3.5829713960e+00,1.2493985387e+16,1.2493985387e+16,5.3744570939e+03,1.0748914188e+04,False,False,1.0000000000e+00,0,1.0000000000e+00,2.0000000000e+00,8.9531184528e+19,8.9531184528e+16,1.8965103111e+00,2.6820706032e+00,2.6820706032e+00,3.7930206223e+00,1.8965103111e-03,2.6820706032e-03,2.6820706032e-03,3.7930206223e-03,6.3260774597e-09,8.9464245401e-09,0,2.2204460493e-16,inf,1.4830950822e+20,4.6996447202e+12,2.9661901644e+20,9.3992894403e+12,8.0346336960e-20,8.1902484159e-21,-3.5967513603e+00,2025-11-22T13:30:24.710274,1.6180339887e+00
Star_0046,8.6879380360e-01,1.7280308754e+30,1.8513827389e+19,1.8513827389e+16,1.2375553068e+08,1.9568573501e+03,5.9998792460e+02,2.5665268461e+03,2.5665268461e+00,7.2135724657e+15,7.2135724657e+15,3.8497902691e+03,7.6995805382e+03,False,False,1.0000000000e+00,0,1.0000000000e+00,2.0000000000e+00,3.7027654779e+19,3.7027654779e+16,2.4959191065e+00,3.5297626509e+00,3.5297626509e+00,4.9918382129e+00,2.4959191065e-03,3.5297626509e-03,3.5297626509e-03,4.9918382129e-03,8.3254899843e-09,1.1774020849e-08,0,2.2204460493e-16,inf,4.6606401599e+19,1.4768677466e+12,9.3212803198e+19,2.9537354931e+12,3.3648429657e-19,3.4300132168e-20,-6.2296121859e+00,2025-11-22T13:30:24.710274,1.6180339887e+00
Star_0047,4.2655686400e-01,8.4842160250e+29,2.7820532892e+19,2.7820532892e+16,1.8596612895e+08,2.9405488734e+03,9.0159551776e+02,1.2601029592e+03,1.2601029592e+00,2.2077983937e+16,2.2077983937e+16,1.8901544388e+03,3.7803088776e+03,False,False,1.0000000000e+00,0,1.0000000000e+00,2.0000000000e+00,5.5641065783e+19,5.5641065783e+16,1.4266781127e+00,2.0176275361e+00,2.0176275361e+00,2.8533562253e+00,1.4266781127e-03,2.0176275361e-03,2.0176275361e-03,2.8533562253e-03,4.7588859379e-09,6.7300810352e-09,0,0.0000000000e+00,inf,1.2252347741e+20,3.8825347113e+12,2.4504695481e+20,7.7650694226e+12,7.3162165696e-20,7.4579169925e-21,-2.0354104372e+00,2025-11-22T13:30:24.710274,1.6180339887e+00
Star_0048,3.0303097760e-01,6.0272861445e+29,7.4220285203e+19,7.4220285203e+16,4.9612490109e+08,7.8448668431e+03,2.4052981561e+03,8.9519185793e+02,8.9519185793e-01,8.2909919862e+16,8.2909919862e+16,1.3427877869e+03,2.6855755738e+03,False,False,1.0000000000e+00,0,1.0000000000e+00,2.0000000000e+00,1.4844057041e+20,1.4844057041e+17,7.3621126326e-01,1.0411599533e+00,1.0411599533e+00,1.4724225265e+00,7.3621126326e-04,1.0411599533e-03,1.0411599533e-03,1.4724225265e-03,2.4557364390e-09,3.4729357777e-09,0,0.0000000000e+00,inf,6.3343204424e+20,2.0072250242e+13,1.2668640885e+21,4.0144500484e+13,7.3026804285e-21,7.4441186835e-22,-5.4200702415e-01,2025-11-22T13:30:24.710274,1.6180339887e+00
Star_0049,3.3038744670e-01,6.5714063149e+29,5.4705400179e+19,5.4705400179e+16,3.6567780869e+08,5.7822006320e+03,1.7728683987e+03,9.7600632975e+02,9.7600632975e-01,5.6050251429e+16,5.6050251429e+16,1.4640094946e+03,2.9280189893e+03,False,False,1.0000000000e+00,0,1.0000000000e+00,2.0000000000e+00,1.0941080036e+20,1.0941080036e+17,8.9539965467e-01,1.2662863354e+00,1.2662863354e+00,1.7907993093e+00,8.9539965467e-04,1.2662863354e-03,1.2662863354e-03,1.7907993093e-03,2.9867317565e-09,4.2238765572e-09,0,0.0000000000e+00,inf,3.8387793075e+20,1.2164357580e+13,7.6775586150e+20,2.4328715159e+13,1.4655601439e-20,1.4939451008e-21,-8.0174054158e-01,2025-11-22T13:30:24.710274,1.6180339887e+00
Star_0050,3.5361576190e-01,7.0334175042e+29,7.3652864101e+19,7.3652864101e+16,4.9233197929e+08,7.7848920940e+03,2.3869094242e+03,1.0446257125e+03,1.0446257125e+00,7.0506462955e+16,7.0506462955e+16,1.5669385688e+03,3.1338771375e+03,False,False,1.0000000000e+00,0,1.0000000000e+00,2.0000000000e+00,1.4730572820e+20,1.4730572820e+17,7.9834616045e-01,1.1290319676e+00,1.1290319676e+00,1.5966923209e+00,7.9834616045e-04,1.1290319676e-03,1.1290319676e-03,1.5966923209e-03,2.6629961467e-09,3.7660452672e-09,0,0.0000000000e+00,inf,5.7966658635e+20,1.8368525691e+13,1.1593331727e+21,3.6737051382e+13,8.6535208058e-21,8.8211221262e-22,-6.3735659191e-01,2025-11-22T13:30:24.710778,1.6180339887e+00
Star_0051,2.1555561500e-01,4.2874011823e+29,8.9780474680e+18,8.9780474680e+15,6.0013686284e+07,9.4895333136e+02,2.9095658904e+02,6.3677856636e+02,6.3677856636e-01,1.4099167187e+16,1.4099167187e+16,9.5516784954e+02,1.9103356991e+03,False,False,1.0000000000e+00,0,1.0000000000e+00,2.0000000000e+00,1.7956094936e+19,1.7956094936e+16,1.7852908326e+00,2.5247825082e+00,2.5247825082e+00,3.5705816652e+00,1.7852908326e-03,2.5247825082e-03,2.5247825082e-03,3.5705816652e-03,5.9550892124e-09,8.4217679293e-09,0,2.2204460493e-16,inf,3.1597504960e+19,1.0012645119e+12,6.3195009921e+19,2.0025290238e+12,3.5500629377e-19,3.6188205277e-20,-3.1872633569e+00,2025-11-22T13:30:24.710778,1.6180339887e+00
Star_0052,3.1642278840e-01,6.2936492613e+29,9.6061772014e+19,9.6061772014e+16,6.4212414448e+08,1.0153448051e+04,3.1131273946e+03,9.3475296184e+02,9.3475296184e-01,1.0276701539e+17,1.0276701539e+17,1.4021294428e+03,2.8042588855e+03,False,False,1.0000000000e+00,0,1.0000000000e+00,2.0000000000e+00,1.9212354403e+20,1.9212354403e+17,6.6127001954e-01,9.3517703003e-01,9.3517703003e-01,1.3225400391e+00,6.6127001954e-04,9.3517703003e-04,9.3517703003e-04,1.3225400391e-03,2.2057593575e-09,3.1194147987e-09,0,0.0000000000e+00,inf,9.1274955262e+20,2.8923287976e+13,1.8254991052e+21,5.7846575951e+13,4.5520505148e-21,4.6402145920e-22,-4.3727803874e-01,2025-11-22T13:30:24.710778,1.6180339887e+00
Star_0053,4.4439859260e-01,8.8390880068e+29,2.0007832238e+19,2.0007832238e+16,1.3374219410e+08,2.1147692884e+03,6.4840497255e+02,1.3128096834e+03,1.3128096834e+00,1.5240466680e+16,1.5240466680e+16,1.9692145251e+03,3.9384290503e+03,False,False,1.0000000000e+00,0,1.0000000000e+00,2.0000000000e+00,4.0015664476e+19,4.0015664476e+16,1.7171434287e+00,2.4284075254e+00,2.4284075254e+00,3.4342868573e+00,1.7171434287e-03,2.4284075254e-03,2.4284075254e-03,3.4342868573e-03,5.7277739411e-09,8.1002955897e-09,0,2.2204460493e-16,inf,7.3210493339e+19,2.3199005418e+12,1.4642098668e+20,4.6398010836e+12,1.4737136535e-19,1.5022565275e-20,-2.9485815546e+00,2025-11-22T13:30:24.710778,1.6180339887e+00
Star_0054,1.2141847480e-01,2.4150134638e+29,4.0580710706e+19,4.0580710706e+16,2.7126143520e+08,4.2892623091e+03,1.3151217133e+03,3.5868554068e+02,3.5868554068e-01,1.1313729187e+17,1.1313729187e+17,5.3802831102e+02,1.0760566220e+03,False,False,1.0000000000e+00,0,1.0000000000e+00,2.0000000000e+00,8.1161421413e+19,8.1161421413e+16,6.3023543191e-01,8.9128749529e-01,8.9128749529e-01,1.2604708638e+00,6.3023543191e-04,8.9128749529e-04,8.9128749529e-04,1.2604708638e-03,2.1022391161e-09,2.9730150693e-09,0,0.0000000000e+00,inf,4.0457281891e+20,1.2820139013e+13,8.0914563783e+20,2.5640278026e+13,9.7878201913e-21,9.9773906129e-22,-3.9719669963e-01,2025-11-22T13:30:24.710778,1.6180339887e+00
Star_0055,5.2236198434e+00,1.0389779869e+31,4.1325367870e+19,4.1325367870e+16,2.7623909004e+08,4.3679703911e+03,1.3392542331e+03,1.5431234093e+04,1.5431234093e+01,2.6780338903e+15,2.6780338903e+15,2.3146851139e+04,4.6293702279e+04,False,False,1.0000000000e+00,0,1.0000000000e+00,2.0000000000e+00,8.2650735740e+19,8.2650735740e+16,4.0963557938e+00,5.7931219198e+00,5.7931219198e+00,8.1927115875e+00,4.0963557938e-03,5.7931219198e-03,5.7931219198e-03,8.1927115875e-03,1.3663972140e-08,1.9323774716e-08,0,2.2204460493e-16,inf,6.3386814351e+19,2.0086069394e+12,1.2677362870e+20,4.0172138788e+12,4.0604915707e-19,4.1391351383e-20,-1.6780130789e+01,2025-11-22T13:30:24.710778,1.6180339887e+00
Star_0056,7.1065435090e-01,1.4134915039e+30,8.6594495070e+18,8.6594495070e+15,5.7884020769e+07,9.1527845968e+02,2.8063160732e+02,2.0993628895e+03,2.0993628895e+00,4.1247987904e+15,4.1247987904e+15,3.1490443342e+03,6.2980886684e+03,False,False,1.0000000000e+00,0,1.0000000000e+00,2.0000000000e+00,1.7318899014e+19,1.7318899014e+16,3.3006868347e+00,4.6678760868e+00,4.6678760868e+00,6.6013736695e+00,3.3006868347e-03,4.6678760868e-03,4.6678760868e-03,6.6013736695e-03,1.1009906176e-08,1.5570358634e-08,0,2.2204460493e-16,inf,1.6484122437e+19,5.2235031933e+11,3.2968244875e+19,1.0447006387e+12,1.2581092565e-18,1.2824763063e-19,-1.0894533581e+01,2025-11-22T13:30:24.711285,1.6180339887e+00
Star_0057,1.2763514368e+00,2.5386630078e+30,2.4575508434e+19,2.4575508434e+16,1.6427478900e+08,2.5975592891e+03,7.9643220125e+02,3.7705036730e+03,3.7705036730e+00,6.5178317183e+15,6.5178317183e+15,5.6557555096e+03,1.1311511019e+04,False,False,1.0000000000e+00,0,1.0000000000e+00,2.0000000000e+00,4.9151016868e+19,4.9151016868e+16,2.6257545905e+00,3.7133777533e+00,3.7133777533e+00,5.2515091809e+00,2.6257545905e-03,3.7133777533e-03,3.7133777533e-03,5.2515091809e-03,8.7585745418e-09,1.2386494904e-08,0,2.2204460493e-16,inf,5.8806894624e+19,1.8634780409e+12,1.1761378925e+20,3.7269560818e+12,2.8054708157e-19,2.8598071516e-20,-6.8945871693e+00,2025-11-22T13:30:24.711285,1.6180339887e+00
Star_0058,1.3963382530e-01,2.7773167852e+29,1.2621097015e+20,1.2621097015e+17,8.4365621755e+08,1.3340130023e+04,4.0901892649e+03,4.1249599130e+02,4.1249599130e-01,3.0596896166e+17,3.0596896166e+17,6.1874398695e+02,1.2374879739e+03,False,False,1.0000000000e+00,0,1.0000000000e+00,2.0000000000e+00,2.5242194029e+20,2.5242194029e+17,3.8323663549e-01,5.4197844751e-01,5.4197844751e-01,7.6647327099e-01,3.8323663549e-04,5.4197844751e-04,5.4197844751e-04,7.6647327099e-04,1.2783398157e-09,1.8078455046e-09,0,0.0000000000e+00,inf,2.0692356622e+21,6.5570121372e+13,4.1384713244e+21,1.3114024274e+14,1.1636890091e-21,1.1862273283e-22,-1.4687031879e-01,2025-11-22T13:30:24.711285,1.6180339887e+00
Star_0059,1.8114909590e-01,3.6030555175e+29,1.4137561461e+19,1.4137561461e+16,9.4502416182e+07,1.4942988543e+03,4.5816383514e+02,5.3513735462e+02,5.3513735462e-01,2.6418565885e+16,2.6418565885e+16,8.0270603193e+02,1.6054120639e+03,False,False,1.0000000000e+00,0,1.0000000000e+00,2.0000000000e+00,2.8275122922e+19,2.8275122922e+16,1.3042206909e+00,1.8444465894e+00,1.8444465894e+00,2.6084413819e+00,1.3042206909e-03,1.8444465894e-03,1.8444465894e-03,2.6084413819e-03,4.3504119471e-09,6.1524115775e-09,0,0.0000000000e+00,inf,6.8108809397e+19,2.1582379331e+12,1.3621761879e+20,4.3164758661e+12,1.2031718591e-19,1.2264748819e-20,-1.7009916107e+00,2025-11-22T13:30:24.711285,1.6180339887e+00
Star_0060,4.7353678030e-01,9.4186465602e+29,2.6659596338e+19,2.6659596338e+16,1.7820585787e+08,2.8178412787e+03,8.6397239971e+02,1.3988875775e+03,1.3988875775e+00,1.9057711833e+16,1.9057711833e+16,2.0983313662e+03,4.1966627324e+03,False,False,1.0000000000e+00,0,1.0000000000e+00,2.0000000000e+00,5.3319192676e+19,5.3319192676e+16,1.5355725046e+00,2.1716274620e+00,2.1716274620e+00,3.0711450092e+00,1.5355725046e-03,2.1716274620e-03,2.1716274620e-03,3.0711450092e-03,5.1221185311e-09,7.2437694948e-09,0,0.0000000000e+00,inf,1.0908451636e+20,3.4566797337e+12,2.1816903273e+20,6.9133594673e+12,8.8447810200e-20,9.0160866667e-21,-2.3579829169e+00,2025-11-22T13:30:24.711784,1.6180339887e+00
Star_0061,3.9829321920e-01,7.9220521299e+29,1.7072451627e+19,1.7072451627e+16,1.1412066596e+08,1.8045081521e+03,5.5327645679e+02,1.1766085755e+03,1.1766085755e+00,1.4509882031e+16,1.4509882031e+16,1.7649128633e+03,3.5298257266e+03,False,False,1.0000000000e+00,0,1.0000000000e+00,2.0000000000e+00,3.4144903254e+19,3.4144903254e+16,1.7598423488e+00,2.4887929173e+00,2.4887929173e+00,3.5196846976e+00,1.7598423488e-03,2.4887929173e-03,2.4887929173e-03,3.5196846976e-03,5.8702022077e-09,8.3017195759e-09,0,2.2204460493e-16,inf,6.0953969709e+19,1.9315147448e+12,1.2190793942e+20,3.8630294895e+12,1.8140599606e-19,1.8491946591e-20,-3.0970450926e+00,2025-11-22T13:30:24.711784,1.6180339887e+00
Star_0062,1.4367488770e-01,2.8576935164e+29,7.5519287816e+18,7.5519287816e+15,5.0480807364e+07,7.9821676162e+02,2.4473956579e+02,4.2443380105e+02,4.2443380105e-01,1.7792948542e+16,1.7792948542e+16,6.3665070157e+02,1.2733014031e+03,False,False,1.0000000000e+00,0,1.0000000000e+00,2.0000000000e+00,1.5103857563e+19,1.5103857563e+16,1.5892116633e+00,2.2474846878e+00,2.2474846878e+00,3.1784233267e+00,1.5892116633e-03,2.2474846878e-03,2.2474846878e-03,3.1784233267e-03,5.3010395056e-09,7.4968019635e-09,0,2.2204460493e-16,inf,2.9857676643e+19,9.4613267939e+11,5.9715353286e+19,1.8922653588e+12,3.3443028714e-19,3.4090753021e-20,-2.5255937109e+00,2025-11-22T13:30:24.711784,1.6180339887e+00
Star_0063,1.1568996246e+00,2.3010733533e+30,2.8583588073e+19,2.8583588073e+16,1.9106676519e+08,3.0212015720e+03,9.2632427238e+02,3.4176279026e+03,3.4176279026e+00,8.3635752305e+15,8.3635752305e+15,5.1264418538e+03,1.0252883708e+04,False,False,1.0000000000e+00,0,1.0000000000e+00,2.0000000000e+00,5.7167176146e+19,5.7167176146e+16,2.3179801962e+00,3.2781190308e+00,3.2781190308e+00,4.6359603924e+00,2.3179801962e-03,3.2781190308e-03,3.2781190308e-03,4.6359603924e-03,7.7319496683e-09,1.0934628085e-08,0,2.2204460493e-16,inf,7.7479514666e+19,2.4551776645e+12,1.5495902933e+20,4.9103553290e+12,1.8797612729e-19,1.9161684739e-20,-5.3730321900e+00,2025-11-22T13:30:24.711784,1.6180339887e+00
Star_0064,4.5704375030e-01,9.0906001935e+29,8.0656302903e+19,8.0656302903e+16,5.3914640978e+08,8.5251350706e+03,2.6138737694e+03,1.3501650796e+03,1.3501650796e+00,5.9738104712e+16,5.9738104712e+16,2.0252476194e+03,4.0504952388e+03,False,False,1.0000000000e+00,0,1.0000000000e+00,2.0000000000e+00,1.6131260581e+20,1.6131260581e+17,8.6732124630e-01,1.2265774695e+00,1.2265774695e+00,1.7346424926e+00,8.6732124630e-04,1.2265774695e-03,1.2265774695e-03,1.7346424926e-03,2.8930722677e-09,4.0914220379e-09,0,0.0000000000e+00,inf,5.8430310510e+20,1.8515448104e+13,1.1686062102e+21,3.7030896209e+13,9.3265636685e-21,9.5072004775e-22,-7.5224614429e-01,2025-11-22T13:30:24.711784,1.6180339887e+00
Star_0065,2.4293646810e-01,4.8320063505e+29,1.3692507183e+20,1.3692507183e+17,9.1527454431e+08,1.4472579202e+04,4.4374071306e+03,7.1766507161e+02,7.1766507161e-01,1.9079244239e+17,1.9079244239e+17,1.0764976074e+03,2.1529952148e+03,False,False,1.0000000000e+00,0,1.0000000000e+00,2.0000000000e+00,2.7385014366e+20,2.7385014366e+17,4.8531657198e-01,6.8634127814e-01,6.8634127814e-01,9.7063314396e-01,4.8531657198e-04,6.8634127814e-04,6.8634127814e-04,9.7063314396e-04,1.6188418322e-09,2.2893880744e-09,0,0.0000000000e+00,inf,1.7727101220e+21,5.6173794013e+13,3.5454202439e+21,1.1234758803e+14,1.7201537446e-21,1.7534696683e-22,-2.3553217504e-01,2025-11-22T13:30:24.711784,1.6180339887e+00
Star_0066,1.5157717700e-01,3.0148700505e+29,1.1698127674e+19,1.1698127674e+16,7.8196040603e+07,1.2364578453e+03,3.7910774457e+02,4.4777816372e+02,4.4777816372e-01,2.6124828369e+16,2.6124828369e+16,6.7166724557e+02,1.3433344911e+03,False,False,1.0000000000e+00,0,1.0000000000e+00,2.0000000000e+00,2.3396255348e+19,2.3396255348e+16,1.3115322740e+00,1.8547867294e+00,1.8547867294e+00,2.6230645480e+00,1.3115322740e-03,1.8547867294e-03,1.8547867294e-03,2.6230645480e-03,4.3748007630e-09,6.1869025718e-09,0,0.0000000000e+00,inf,5.6042466801e+19,1.7758786093e+12,1.1208493360e+20,3.5517572186e+12,1.4704206978e-19,1.4988997939e-20,-1.7201169058e+00,2025-11-22T13:30:24.712282,1.6180339887e+00
Star_0067,1.0551764880e-01,2.0987460346e+29,5.1487333897e+19,5.1487333897e+16,3.4416667044e+08,5.4420604479e+03,1.6685787308e+03,3.1171248835e+02,3.1171248835e-01,1.6517571744e+17,1.6517571744e+17,4.6756873252e+02,9.3513746504e+02,False,False,1.0000000000e+00,0,1.0000000000e+00,2.0000000000e+00,1.0297466779e+20,1.0297466779e+17,5.2159402066e-01,7.3764533807e-01,7.3764533807e-01,1.0431880413e+00,5.2159402066e-04,7.3764533807e-04,7.3764533807e-04,1.0431880413e-03,1.7398503756e-09,2.4605199977e-09,0,0.0000000000e+00,inf,6.2022271544e+20,1.9653671871e+13,1.2404454309e+21,3.9307343742e+13,5.2840242792e-21,5.3863652184e-22,-2.7206032239e-01,2025-11-22T13:30:24.712282,1.6180339887e+00
Star_0068,4.6970575340e-01,9.3424474351e+29,3.9473265649e+19,3.9473265649e+16,2.6385872760e+08,4.1722086089e+03,1.2792321240e+03,1.3875702392e+03,1.3875702392e+00,2.8447760362e+16,2.8447760362e+16,2.0813553588e+03,4.1627107175e+03,False,False,1.0000000000e+00,0,1.0000000000e+00,2.0000000000e+00,7.8946531298e+19,7.8946531298e+16,1.2568448347e+00,1.7774470111e+00,1.7774470111e+00,2.5136896694e+00,1.2568448347e-03,1.7774470111e-03,1.7774470111e-03,2.5136896694e-03,4.1923831010e-09,5.9289250400e-09,0,0.0000000000e+00,inf,1.9733370095e+20,6.2531276443e+12,3.9466740190e+20,1.2506255289e+13,4.0018450781e-20,4.0793527810e-21,-1.5796589385e+00,2025-11-22T13:30:24.712282,1.6180339887e+00
Star_0069,1.7082163082e+00,3.3976422370e+30,1.8215050826e+19,1.8215050826e+16,1.2175836114e+08,1.9252775421e+03,5.9030530597e+02,5.0462871578e+03,5.0462871578e+00,3.6095945903e+15,3.6095945903e+15,7.5694307367e+03,1.5138861473e+04,False,False,1.0000000000e+00,0,1.0000000000e+00,2.0000000000e+00,3.6430101652e+19,3.6430101652e+16,3.5283892607e+00,4.9898959458e+00,4.9898959458e+00,7.0567785213e+00,3.5283892607e-03,4.9898959458e-03,4.9898959458e-03,7.0567785213e-03,1.1769439712e-08,1.6644501263e-08,0,2.2204460493e-16,inf,3.2436483411e+19,1.0278501347e+12,6.4872966822e+19,2.0557002694e+12,6.8347494023e-19,6.9671247730e-20,-1.2449530775e+01,2025-11-22T13:30:24.712282,1.6180339887e+00
Star_0070,1.3640469761e+00,2.7130894355e+30,9.0088125309e+18,9.0088125309e+15,6.0219335100e+07,9.5220510844e+02,2.9195360958e+02,4.0295673944e+03,4.0295673944e+00,2.2356773443e+15,2.2356773443e+15,6.0443510917e+03,1.2088702183e+04,False,False,1.0000000000e+00,0,1.0000000000e+00,2.0000000000e+00,1.8017625062e+19,1.8017625062e+16,4.4833344954e+00,6.3403924481e+00,6.3403924481e+00,8.9666689908e+00,4.4833344954e-03,6.3403924481e-03,6.3403924481e-03,8.9666689908e-03,1.4954794144e-08,2.1149272701e-08,0,2.2204460493e-16,inf,1.2625432831e+19,4.0007582423e+11,2.5250865661e+19,8.0015164846e+11,2.2311806499e-18,2.2743941385e-19,-2.0100288198e+01,2025-11-22T13:30:24.712282,1.6180339887e+00
Star_0071,3.8170744300e-01,7.5921610413e+29,9.6689753518e+19,9.6689753518e+16,6.4632188180e+08,1.0219823858e+04,3.1334787412e+03,1.1276120936e+03,1.1276120936e+00,8.5747354134e+16,8.5747354134e+16,1.6914181404e+03,3.3828362809e+03,False,False,1.0000000000e+00,0,1.0000000000e+00,2.0000000000e+00,1.9337950704e+20,1.9337950704e+17,7.2392794416e-01,1.0237887168e+00,1.0237887168e+00,1.4478558883e+00,7.2392794416e-04,1.0237887168e-03,1.0237887168e-03,1.4478558883e-03,2.4147636968e-09,3.4149915700e-09,0,0.0000000000e+00,inf,8.3919904399e+20,2.6592612999e+13,1.6783980880e+21,5.3185225999e+13,5.4201365633e-21,5.5251137241e-22,-5.2407166834e-01,2025-11-22T13:30:24.712282,1.6180339887e+00
Star_0072,2.3022629210e-01,4.5792009499e+29,2.5219608069e+19,2.5219608069e+16,1.6858026784e+08,2.6656387347e+03,8.1730589716e+02,6.8011760316e+02,6.8011760316e-01,3.7081245877e+16,3.7081245877e+16,1.0201764047e+03,2.0403528095e+03,False,False,1.0000000000e+00,0,1.0000000000e+00,2.0000000000e+00,5.0439216137e+19,5.0439216137e+16,1.1008510130e+00,1.5568384328e+00,1.5568384328e+00,2.2017020260e+00,1.1008510130e-03,1.5568384328e-03,1.5568384328e-03,2.2017020260e-03,3.6720437210e-09,5.1930540319e-09,0,0.0000000000e+00,inf,1.4394270341e+20,4.5612690260e+12,2.8788540683e+20,9.1225380519e+12,4.8052806751e-20,4.8983493120e-21,-1.2118729528e+00,2025-11-22T13:30:24.712783,1.6180339887e+00
Star_0073,1.1965249873e+00,2.3798881997e+30,1.6055653222e+19,1.6055653222e+16,1.0732388517e+08,1.6970355377e+03,5.2032450407e+02,3.5346862388e+03,3.5346862388e+00,4.5423135570e+15,4.5423135570e+15,5.3020293582e+03,1.0604058716e+04,False,False,1.0000000000e+00,0,1.0000000000e+00,2.0000000000e+00,3.2111306444e+19,3.2111306444e+16,3.1453367548e+00,4.4481778968e+00,4.4481778968e+00,6.2906735096e+00,3.1453367548e-03,4.4481778968e-03,4.4481778968e-03,6.2906735096e-03,1.0491714087e-08,1.4837524354e-08,0,2.2204460493e-16,inf,3.2073082244e+19,1.0163346466e+12,6.4146164488e+19,2.0326692932e+12,6.1617818747e-19,6.2811232158e-20,-9.8931433010e+00,2025-11-22T13:30:24.712783,1.6180339887e+00
Star_0074,1.0321270138e+00,2.0529006304e+30,1.0222768841e+19,1.0222768841e+16,6.8334016319e+07,1.0805167362e+03,3.3129496845e+02,3.0490338197e+03,3.0490338197e+00,3.3527895871e+15,3.3527895871e+15,4.5735507295e+03,9.1471014590e+03,False,False,1.0000000000e+00,0,1.0000000000e+00,2.0000000000e+00,2.0445537683e+19,2.0445537683e+16,3.6610238285e+00,5.1774695504e+00,5.1774695504e+00,7.3220476570e+00,3.6610238285e-03,5.1774695504e-03,5.1774695504e-03,7.3220476570e-03,1.2211861009e-08,1.7270179460e-08,0,2.2204460493e-16,inf,1.7544696236e+19,5.5595787499e+11,3.5089392471e+19,1.1119157500e+12,1.3111022738e-18,1.3364956920e-19,-1.3403095473e+01,2025-11-22T13:30:24.712783,1.6180339887e+00
Star_0075,1.3208847466e+00,2.6272397610e+30,3.4366879442e+19,3.4366879442e+16,2.2972512996e+08,3.6324785374e+03,1.1137466196e+03,3.9020607061e+03,3.9020607061e+00,8.8073666790e+15,8.8073666790e+15,5.8530910591e+03,1.1706182118e+04,False,False,1.0000000000e+00,0,1.0000000000e+00,2.0000000000e+00,6.8733758884e+19,6.8733758884e+16,2.2588254185e+00,3.1944615419e+00,3.1944615419e+00,4.5176508370e+00,2.2588254185e-03,3.1944615419e-03,3.1944615419e-03,4.5176508370e-03,7.5346305694e-09,1.0655576739e-08,0,2.2204460493e-16,inf,9.5595467536e+19,3.0292375699e+12,1.9119093507e+20,6.0584751398e+12,1.4846539326e-19,1.5134086978e-20,-5.1022922713e+00,2025-11-22T13:30:24.712783,1.6180339887e+00
Star_0076,3.5498037680e-01,7.0605596946e+29,1.8178144356e+19,1.8178144356e+16,1.2151166013e+08,1.9213766363e+03,5.8910925740e+02,1.0486569576e+03,1.0486569576e+00,1.7334691029e+16,1.7334691029e+16,1.5729854364e+03,3.1459708729e+03,False,False,1.0000000000e+00,0,1.0000000000e+00,2.0000000000e+00,3.6356288711e+19,3.6356288711e+16,1.6100807308e+00,2.2769980060e+00,2.2769980060e+00,3.2201614616e+00,1.6100807308e-03,2.2769980060e-03,2.2769980060e-03,3.2201614616e-03,5.3706512217e-09,7.5952477965e-09,0,2.2204460493e-16,inf,7.0938461247e+19,2.2479041894e+12,1.4187692249e+20,4.4958083788e+12,1.4260861334e-19,1.4537065580e-20,-2.5923599597e+00,2025-11-22T13:30:24.712783,1.6180339887e+00
Star_0077,3.0781022700e-01,6.1223454150e+29,5.5825377106e+18,5.5825377106e+15,3.7316428547e+07,5.9005789141e+02,1.8091641153e+02,9.0931036550e+02,9.0931036550e-01,6.1393094398e+15,6.1393094398e+15,1.3639655482e+03,2.7279310965e+03,False,False,1.0000000000e+00,0,1.0000000000e+00,2.0000000000e+00,1.1165075421e+19,1.1165075421e+16,2.7054900636e+00,3.8261407408e+00,3.8261407408e+00,5.4109801273e+00,2.7054900636e-03,3.8261407408e-03,3.8261407408e-03,5.4109801273e-03,9.0245434514e-09,1.2762631743e-08,0,2.2204460493e-16,inf,1.2964793104e+19,4.1082950237e+11,2.5929586208e+19,8.2165900475e+11,1.3111736747e-18,1.3365684758e-19,-7.3196764844e+00,2025-11-22T13:30:24.712783,1.6180339887e+00
Star_0078,2.7960391720e-01,5.5613219131e+29,1.5222632420e+19,1.5222632420e+16,1.0175556430e+08,1.6089876778e+03,4.9332833456e+02,8.2598535670e+02,8.2598535670e-01,1.8429663790e+16,1.8429663790e+16,1.2389780350e+03,2.4779560701e+03,False,False,1.0000000000e+00,0,1.0000000000e+00,2.0000000000e+00,3.0445264839e+19,3.0445264839e+16,1.5615180145e+00,2.2083199539e+00,2.2083199539e+00,3.1230360289e+00,1.5615180145e-03,2.2083199539e-03,2.2083199539e-03,3.1230360289e-03,5.2086634363e-09,7.3661624734e-09,0,0.0000000000e+00,inf,6.1252332327e+19,1.9409692856e+12,1.2250466465e+20,3.8819385712e+12,1.6017850542e-19,1.6328084140e-20,-2.4383385095e+00,2025-11-22T13:30:24.713284,1.6180339887e+00
Star_0079,4.1955965330e-01,8.3450415041e+29,6.2492061935e+18,6.2492061935e+15,4.1772768673e+07,6.6052279817e+02,2.0252150868e+02,1.2394323132e+03,1.2394323132e+00,5.0419906974e+15,5.0419906974e+15,1.8591484699e+03,3.7182969397e+03,False,False,1.0000000000e+00,0,1.0000000000e+00,2.0000000000e+00,1.2498412387e+19,1.2498412387e+16,2.9854148247e+00,4.2220141344e+00,4.2220141344e+00,5.9708296494e+00,2.9854148247e-03,4.2220141344e-03,4.2220141344e-03,5.9708296494e-03,9.9582719479e-09,1.4083123247e-08,0,2.2204460493e-16,inf,1.3152249467e+19,4.1676963606e+11,2.6304498934e+19,8.3353927211e+11,1.4262134101e-18,1.4538362998e-19,-8.9127016755e+00,2025-11-22T13:30:24.713284,1.6180339887e+00
Star_0080,4.5869766420e-01,9.1234965409e+29,3.9070560408e+19,3.9070560408e+16,2.6116684765e+08,4.1296438440e+03,1.2661814307e+03,1.3550509506e+03,1.3550509506e+00,2.8833277739e+16,2.8833277739e+16,2.0325764258e+03,4.0651528517e+03,False,False,1.0000000000e+00,0,1.0000000000e+00,2.0000000000e+00,7.8141120815e+19,7.8141120815e+16,1.2484141929e+00,1.7655242831e+00,1.7655242831e+00,2.4968283858e+00,1.2484141929e-03,1.7655242831e-03,1.7655242831e-03,2.4968283858e-03,4.1642615070e-09,5.8891551004e-09,0,0.0000000000e+00,inf,1.9663952276e+20,6.2311304648e+12,3.9327904551e+20,1.2462260930e+13,3.9890341496e-20,4.0662937304e-21,-1.5585379971e+00,2025-11-22T13:30:24.713284,1.6180339887e+00
Star_0081,1.9844518430e-01,3.9470747157e+29,2.5171402817e+19,2.5171402817e+16,1.6825804022e+08,2.6605435807e+03,8.1574368270e+02,5.8623218866e+02,5.8623218866e-01,4.2937599306e+16,4.2937599306e+16,8.7934828300e+02,1.7586965660e+03,False,False,1.0000000000e+00,0,1.0000000000e+00,2.0000000000e+00,5.0342805634e+19,5.0342805634e+16,1.0230263635e+00,1.4467777579e+00,1.4467777579e+00,2.0460527270e+00,1.0230263635e-03,1.4467777579e-03,1.4467777579e-03,2.0460527270e-03,3.4124486331e-09,4.8259311378e-09,0,0.0000000000e+00,inf,1.5459678654e+20,4.8988765476e+12,3.0919357308e+20,9.7977530951e+12,4.1578252433e-20,4.2383539687e-21,-1.0465829404e+00,2025-11-22T13:30:24.713284,1.6180339887e+00
Star_0082,3.6638097800e-01,7.2873176524e+29,2.9602183182e+19,2.9602183182e+16,1.9787555603e+08,3.1288640928e+03,9.5933445188e+02,1.0823357764e+03,1.0823357764e+00,2.7350276899e+16,2.7350276899e+16,1.6235036646e+03,3.2470073291e+03,False,False,1.0000000000e+00,0,1.0000000000e+00,2.0000000000e+00,5.9204366364e+19,5.9204366364e+16,1.2818135002e+00,1.8127580364e+00,1.8127580364e+00,2.5636270004e+00,1.2818135002e-03,1.8127580364e-03,1.8127580364e-03,2.5636270004e-03,4.2756696041e-09,6.0467099423e-09,0,0.0000000000e+00,inf,1.4510379427e+20,4.5980617750e+12,2.9020758854e+20,9.1961235500e+12,5.5504211944e-20,5.6579217068e-21,-1.6430458493e+00,2025-11-22T13:30:24.713284,1.6180339887e+00
Star_0083,6.1751460860e-01,1.2282365565e+30,5.7890182444e+19,5.7890182444e+16,3.8696646018e+08,6.1188227929e+03,1.8760794129e+03,1.8242163034e+03,1.8242163034e+00,3.1734275335e+16,3.1734275335e+16,2.7363244551e+03,5.4726489102e+03,False,False,1.0000000000e+00,0,1.0000000000e+00,2.0000000000e+00,1.1578036489e+20,1.1578036489e+17,1.1899847953e+00,1.6828926366e+00,1.6828926366e+00,2.3799695906e+00,1.1899847953e-03,1.6828926366e-03,1.6828926366e-03,2.3799695906e-03,3.9693620155e-09,5.6135255963e-09,0,0.0000000000e+00,inf,3.0566335401e+20,9.6858872035e+12,6.1132670802e+20,1.9371774407e+13,2.4461208331e-20,2.4934972815e-21,-1.4160638131e+00,2025-11-22T13:30:24.713284,1.6180339887e+00
Star_0084,1.5145589542e+00,3.0124577599e+30,1.7113972739e+19,1.7113972739e+16,1.1439821350e+08,1.8088968121e+03,5.5462205462e+02,4.4741988258e+03,4.4741988258e+00,3.8250362592e+15,3.8250362592e+15,6.7112982387e+03,1.3422596477e+04,False,False,1.0000000000e+00,0,1.0000000000e+00,2.0000000000e+00,3.4227945479e+19,3.4227945479e+16,3.4275825797e+00,4.8473337703e+00,4.8473337703e+00,6.8551651594e+00,3.4275825797e-03,4.8473337703e-03,4.8473337703e-03,6.8551651594e-03,1.1433184819e-08,1.6168965032e-08,0,2.2204460493e-16,inf,3.1372041246e+19,9.9411999791e+11,6.2744082492e+19,1.9882399958e+12,6.8647546186e-19,6.9977111301e-20,-1.1748322341e+01,2025-11-22T13:30:24.713790,1.6180339887e+00
Star_0085,3.0813330560e-01,6.1287714484e+29,6.7718842826e+17,6.7718842826e+14,4.5266606167e+06,7.1576834189e+01,2.1946022888e+01,9.1026478057e+02,9.1026478057e-01,7.4394664356e+14,7.4394664356e+14,1.3653971709e+03,2.7307943417e+03,False,False,1.0000000000e+00,0,1.0000000000e+00,2.0000000000e+00,1.3543768565e+18,1.3543768565e+15,7.7720361280e+00,1.0991318900e+01,1.0991318900e+01,1.5544072256e+01,7.7720361280e-03,1.0991318900e-02,1.0991318900e-02,1.5544072256e-02,2.5924721989e-08,3.6663093438e-08,0,6.6613381478e-16,inf,5.4746276426e+17,1.7348048149e+10,1.0949255285e+18,3.4696096298e+10,8.9199022096e-17,9.0926628029e-18,-6.0404545576e+01,2025-11-22T13:30:24.713790,1.6180339887e+00
Star_0086,3.1413567240e-01,6.2481585240e+29,6.8985261951e+18,6.8985261951e+15,4.6113143015e+07,7.2915402125e+02,2.2356438393e+02,9.2799653173e+02,9.2799653173e-01,7.4337844585e+15,7.4337844585e+15,1.3919947976e+03,2.7839895952e+03,False,False,1.0000000000e+00,0,1.0000000000e+00,2.0000000000e+00,1.3797052390e+19,1.3797052390e+16,2.4586727212e+00,3.4770883077e+00,3.4770883077e+00,4.9173454423e+00,2.4586727212e-03,3.4770883077e-03,3.4770883077e-03,4.9173454423e-03,8.2012494162e-09,1.1598318153e-08,0,2.2204460493e-16,inf,1.7629316036e+19,5.5863931465e+11,3.5258632072e+19,1.1172786293e+12,8.7628449597e-19,8.9325636694e-20,-6.0450715498e+00,2025-11-22T13:30:24.713790,1.6180339887e+00
Star_0087,7.5616827020e-01,1.5040186894e+30,3.9028817947e+19,3.9028817947e+16,2.6088782050e+08,4.1252317881e+03,1.2648286595e+03,2.2338167671e+03,2.2338167671e+00,1.7471808128e+16,1.7471808128e+16,3.3507251506e+03,6.7014503013e+03,False,False,1.0000000000e+00,0,1.0000000000e+00,2.0000000000e+00,7.8057635894e+19,7.8057635894e+16,1.6037504057e+00,2.2680455744e+00,2.2680455744e+00,3.2075008114e+00,1.6037504057e-03,2.2680455744e-03,2.2680455744e-03,3.2075008114e-03,5.3495355300e-09,7.5653856989e-09,0,2.2204460493e-16,inf,1.5290739420e+20,4.8453429349e+12,3.0581478840e+20,9.6906858697e+12,6.5900416641e-20,6.7176775373e-21,-2.5720153637e+00,2025-11-22T13:30:24.713790,1.6180339887e+00
Star_0088,4.1373118460e-01,8.2291132617e+29,7.1027339978e+19,7.1027339978e+16,4.7478168434e+08,7.5073818812e+03,2.3018226003e+03,1.2222142791e+03,1.2222142791e+00,5.8113655840e+16,5.8113655840e+16,1.8333214186e+03,3.6666428372e+03,False,False,1.0000000000e+00,0,1.0000000000e+00,2.0000000000e+00,1.4205467996e+20,1.4205467996e+17,8.7935979720e-01,1.2436025514e+00,1.2436025514e+00,1.7587195944e+00,8.7935979720e-04,1.2436025514e-03,1.2436025514e-03,1.7587195944e-03,2.9332285511e-09,4.1482115985e-09,0,0.0000000000e+00,inf,5.0750323176e+20,1.6081806974e+13,1.0150064635e+21,3.2163613948e+13,1.0886985957e-20,1.1097845013e-21,-7.7327365293e-01,2025-11-22T13:30:24.713790,1.6180339887e+00
Star_0089,3.3536319960e-01,6.6703740400e+29,4.9622769796e+19,4.9622769796e+16,3.3170300666e+08,5.2449814815e+03,1.6081527626e+03,9.9070533353e+02,9.9070533353e-01,5.0088324063e+16,5.0088324063e+16,1.4860580003e+03,2.9721160006e+03,False,False,1.0000000000e+00,0,1.0000000000e+00,2.0000000000e+00,9.9245539593e+19,9.9245539593e+16,9.4719076439e-01,1.3395300252e+00,1.3395300252e+00,1.8943815288e+00,9.4719076439e-04,1.3395300252e-03,1.3395300252e-03,1.8943815288e-03,3.1594883030e-09,4.4681912083e-09,0,0.0000000000e+00,inf,3.2917240097e+20,1.0430843948e+13,6.5834480193e+20,2.0861687896e+13,1.8079811905e-20,1.8429981555e-21,-8.9717034414e-01,2025-11-22T13:30:24.713790,1.6180339887e+00
Star_0090,4.8674704700e-01,9.6813987648e+29,1.8058748987e+19,1.8058748987e+16,1.2071356275e+08,1.9087568954e+03,5.8523994514e+02,1.4379123771e+03,1.4379123771e+00,1.2559005176e+16,1.2559005176e+16,2.1568685657e+03,4.3137371314e+03,False,False,1.0000000000e+00,0,1.0000000000e+00,2.0000000000e+00,3.6117497974e+19,3.6117497974e+16,1.8915946864e+00,2.6751188600e+00,2.6751188600e+00,3.7831893728e+00,1.8915946864e-03,2.6751188600e-03,2.6751188600e-03,3.7831893728e-03,6.3096807005e-09,8.9232360208e-09,0,2.2204460493e-16,inf,5.9984555422e+19,1.9007958597e+12,1.1996911084e+20,3.8015917194e+12,1.9813833506e-19,2.0197587672e-20,-3.5781304576e+00,2025-11-22T13:30:24.713790,1.6180339887e+00
Star_0091,4.3143237890e-01,8.5811900163e+29,3.8917662634e+18,3.8917662634e+15,2.6014480371e+07,4.1134829970e+02,1.2612263873e+02,1.2745058472e+03,1.2745058472e+00,3.0535491633e+15,3.0535491633e+15,1.9117587708e+03,3.8235175417e+03,False,False,1.0000000000e+00,0,1.0000000000e+00,2.0000000000e+00,7.7835325269e+18,7.7835325269e+15,3.8362177172e+00,5.4252311238e+00,5.4252311238e+00,7.6724354343e+00,3.8362177172e-03,5.4252311238e-03,5.4252311238e-03,7.6724354343e-03,1.2796244918e-08,1.8096623111e-08,0,2.2204460493e-16,inf,6.3741660167e+18,2.0198513248e+11,1.2748332033e+19,4.0397026496e+11,3.7814620348e-18,3.8547013607e-19,-1.4716566373e+01,2025-11-22T13:30:24.713790,1.6180339887e+00
Star_0092,4.1235149570e-01,8.2016712495e+29,1.5706495649e+19,1.5706495649e+16,1.0498994417e+08,1.6601306044e+03,5.0900915995e+02,1.2181385035e+03,1.2181385035e+00,1.2893850415e+16,1.2893850415e+16,1.8272077552e+03,3.6544155104e+03,False,False,1.0000000000e+00,0,1.0000000000e+00,2.0000000000e+00,3.1412991297e+19,3.1412991297e+16,1.8668713521e+00,2.6401547853e+00,2.6401547853e+00,3.7337427042e+00,1.8668713521e-03,2.6401547853e-03,2.6401547853e-03,3.7337427042e-03,6.2272125341e-09,8.8066084215e-09,0,2.2204460493e-16,inf,5.2862144237e+19,1.6751002686e+12,1.0572428847e+20,3.3502005373e+12,2.2189600553e-19,2.2619368555e-20,-3.4852086452e+00,2025-11-22T13:30:24.713790,1.6180339887e+00
Star_0093,6.9693873630e-01,1.3862111465e+30,5.3560827579e+19,5.3560827579e+16,3.5802692232e+08,5.6612226592e+03,1.7357755964e+03,2.0588452282e+03,2.0588452282e+00,2.6014984928e+16,2.6014984928e+16,3.0882678422e+03,6.1765356845e+03,False,False,1.0000000000e+00,0,1.0000000000e+00,2.0000000000e+00,1.0712165516e+20,1.0712165516e+17,1.3142982081e+00,1.8586983509e+00,1.8586983509e+00,2.6285964162e+00,1.3142982081e-03,1.8586983509e-03,1.8586983509e-03,2.6285964162e-03,4.3840269261e-09,6.1999503367e-09,0,0.0000000000e+00,inf,2.5605498266e+20,8.1138927757e+12,5.1210996532e+20,1.6227785551e+13,3.2250804514e-20,3.2875437832e-21,-1.7273797798e+00,2025-11-22T13:30:24.713790,1.6180339887e+00
Star_0094,4.5027470980e-01,8.9559639779e+29,8.4104515450e+19,8.4104515450e+16,5.6219595889e+08,8.8896010411e+03,2.7256219156e+03,1.3301684773e+03,1.3301684773e+00,6.3228468338e+16,6.3228468338e+16,1.9952527159e+03,3.9905054319e+03,False,False,1.0000000000e+00,0,1.0000000000e+00,2.0000000000e+00,1.6820903090e+20,1.6820903090e+17,8.4304231607e-01,1.1922418770e+00,1.1922418770e+00,1.6860846321e+00,8.4304231607e-04,1.1922418770e-03,1.1922418770e-03,1.6860846321e-03,2.8120864737e-09,3.9768908297e-09,0,0.0000000000e+00,inf,6.2683004835e+20,1.9863045617e+13,1.2536600967e+21,3.9726091233e+13,8.4504422013e-21,8.6141102969e-22,-7.1072034668e-01,2025-11-22T13:30:24.713790,1.6180339887e+00
Star_0095,1.9236775830e-01,3.8261947126e+29,4.2737140457e+19,4.2737140457e+16,2.8567607257e+08,4.5171906201e+03,1.3850063343e+03,5.6827870313e+02,5.6827870313e-01,7.5204543513e+16,7.5204543513e+16,8.5241805470e+02,1.7048361094e+03,False,False,1.0000000000e+00,0,1.0000000000e+00,2.0000000000e+00,8.5474280914e+19,8.5474280914e+16,7.7300742479e-01,1.0931975839e+00,1.0931975839e+00,1.5460148496e+00,7.7300742479e-04,1.0931975839e-03,1.0931975839e-03,1.5460148496e-03,2.5784752223e-09,3.6465146296e-09,0,0.0000000000e+00,inf,3.4737748226e+20,1.1007728162e+13,6.9475496452e+20,2.2015456325e+13,1.3981760885e-20,1.4252559516e-21,-5.9754047878e-01,2025-11-22T13:30:24.713790,1.6180339887e+00
Star_0096,2.8542141170e-01,5.6770318787e+29,1.1699295576e+20,1.1699295576e+17,7.8203847430e+08,1.2365812890e+04,3.7914559340e+03,8.4317097168e+02,8.4317097168e-01,1.3875353835e+17,1.3875353835e+17,1.2647564575e+03,2.5295129151e+03,False,False,1.0000000000e+00,0,1.0000000000e+00,2.0000000000e+00,2.3398591151e+20,2.3398591151e+17,5.6909356079e-01,8.0481983193e-01,8.0481983193e-01,1.1381871216e+00,5.6909356079e-04,8.0481983193e-04,8.0481983193e-04,1.1381871216e-03,1.8982917869e-09,2.6845899904e-09,0,0.0000000000e+00,inf,1.2916828994e+21,4.0930961145e+13,2.5833657988e+21,8.1861922289e+13,2.7682647972e-21,2.8218805272e-22,-3.2386748094e-01,2025-11-22T13:30:24.713790,1.6180339887e+00
Star_0097,1.5256185470e+00,3.0344552900e+30,8.8417407129e+19,8.8417407129e+16,5.9102544872e+08,9.3454610642e+03,2.8653922004e+03,4.5068702626e+03,4.5068702626e+00,1.9618360853e+16,1.9618360853e+16,6.7603053939e+03,1.3520610788e+04,False,False,1.0000000000e+00,0,1.0000000000e+00,2.0000000000e+00,1.7683481426e+20,1.7683481426e+17,1.5134718436e+00,2.1403724076e+00,2.1403724076e+00,3.0269436873e+00,1.5134718436e-03,2.1403724076e-03,2.1403724076e-03,3.0269436873e-03,5.0483986613e-09,7.1395138551e-09,0,0.0000000000e+00,inf,3.6706527161e+20,1.1631596560e+13,7.3413054323e+20,2.3263193121e+13,2.5906629655e-20,2.6408389047e-21,-2.2905970215e+00,2025-11-22T13:30:24.714841,1.6180339887e+00
Star_0098,1.8460788190e-01,3.6718507710e+29,7.0182504198e+19,7.0182504198e+16,4.6913438635e+08,7.4180852128e+03,2.2744435362e+03,5.4535504619e+02,5.4535504619e-01,1.2869139964e+17,1.2869139964e+17,8.1803256929e+02,1.6360651386e+03,False,False,1.0000000000e+00,0,1.0000000000e+00,2.0000000000e+00,1.4036500840e+20,1.4036500840e+17,5.9092306663e-01,8.3569141514e-01,8.3569141514e-01,1.1818461333e+00,5.9092306663e-04,8.3569141514e-04,8.3569141514e-04,1.1818461333e-03,1.9711071805e-09,2.7875665076e-09,0,0.0000000000e+00,inf,7.4623873073e+20,2.3646878430e+13,1.4924774615e+21,4.7293756859e+13,4.9754575540e-21,5.0718221754e-22,-3.4919007067e-01,2025-11-22T13:30:24.714841,1.6180339887e+00
Star_0099,3.3301346650e-01,6.6236378487e+29,1.5448562337e+20,1.5448562337e+17,1.0326579102e+09,1.6328678086e+04,5.0065017135e+03,9.8376392458e+02,9.8376392458e-01,1.5703525969e+17,1.5703525969e+17,1.4756458869e+03,2.9512917737e+03,False,False,1.0000000000e+00,0,1.0000000000e+00,2.0000000000e+00,3.0897124675e+20,3.0897124675e+17,5.3494251670e-01,7.5652296221e-01,7.5652296221e-01,1.0698850334e+00,5.3494251670e-04,7.5652296221e-04,7.5652296221e-04,1.0698850334e-03,1.7843761657e-09,2.5234889739e-09,0,0.0000000000e+00,inf,1.8145160810e+21,5.7498544913e+13,3.6290321619e+21,1.1499708983e+14,1.8523632810e-21,1.8882398379e-22,-2.8616349618e-01,2025-11-22T13:30:24.714841,1.6180339887e+00
Star_0100,2.6301520730e-01,5.2313724732e+29,2.9914592975e+19,2.9914592975e+16,1.9996385679e+08,3.1618848933e+03,9.6945889021e+02,7.7698020827e+02,7.7698020827e-01,3.8501100359e+16,3.8501100359e+16,1.1654703124e+03,2.3309406248e+03,False,False,1.0000000000e+00,0,1.0000000000e+00,2.0000000000e+00,5.9829185951e+19,5.9829185951e+16,1.0803615871e+00,1.5278620088e+00,1.5278620088e+00,2.1607231742e+00,1.0803615871e-03,1.5278620088e-03,1.5278620088e-03,2.1607231742e-03,3.6036983530e-09,5.0963990855e-09,0,0.0000000000e+00,inf,1.7397779900e+20,5.5130237724e+12,3.4795559800e+20,1.1026047545e+13,3.9017116492e-20,3.9772799686e-21,-1.1671811589e+00,2025-11-22T13:30:24.714841,1.6180339887e+00
Star_0101,1.6213503476e+00,3.2248658414e+30,1.4979749340e+19,1.4979749340e+16,1.0013201431e+08,1.5833156474e+03,4.8545708722e+02,4.7896741169e+03,4.7896741169e+00,3.1275090903e+15,3.1275090903e+15,7.1845111753e+03,1.4369022351e+04,False,False,1.0000000000e+00,0,1.0000000000e+00,2.0000000000e+00,2.9959498681e+19,2.9959498681e+16,3.7905865280e+00,5.3606988772e+00,5.3606988772e+00,7.5811730559e+00,3.7905865280e-03,5.3606988772e-03,5.3606988772e-03,7.5811730559e-03,1.2644035655e-08,1.7881366706e-08,0,2.2204460493e-16,inf,2.4830073200e+19,7.8681753999e+11,4.9660146400e+19,1.5736350800e+12,9.5919804127e-19,9.7777578111e-20,-1.4368546226e+01,2025-11-22T13:30:24.714841,1.6180339887e+00
Star_0102,2.2854345980e-01,4.5457294154e+29,6.7823919103e+18,6.7823919103e+15,4.5336844320e+07,7.1687896737e+02,2.1980075543e+02,6.7514630358e+02,6.7514630358e-01,1.0045810626e+16,1.0045810626e+16,1.0127194554e+03,2.0254389107e+03,False,False,1.0000000000e+00,0,1.0000000000e+00,2.0000000000e+00,1.3564783821e+19,1.3564783821e+16,2.1150138302e+00,2.9910812433e+00,2.9910812433e+00,4.2300276605e+00,2.1150138302e-03,2.9910812433e-03,2.9910812433e-03,4.2300276605e-03,7.0549267462e-09,9.9771730860e-09,0,2.2204460493e-16,inf,2.0148816329e+19,6.3847746117e+11,4.0297632658e+19,1.2769549223e+12,6.5954364792e-19,6.7231768391e-20,-4.4732835021e+00,2025-11-22T13:30:24.714841,1.6180339887e+00
Star_0103,3.4864577350e-01,6.9345644349e+29,5.5760121810e+19,5.5760121810e+16,3.7272808697e+08,5.8936816203e+03,1.8070493506e+03,1.0299437378e+03,1.0299437378e+00,5.4138997853e+16,5.4138997853e+16,1.5449156067e+03,3.0898312134e+03,False,False,1.0000000000e+00,0,1.0000000000e+00,2.0000000000e+00,1.1152024362e+20,1.1152024362e+17,9.1106759294e-01,1.2884441462e+00,1.2884441462e+00,1.8221351859e+00,9.1106759294e-04,1.2884441462e-03,1.2884441462e-03,1.8221351859e-03,3.0389943730e-09,4.2977870583e-09,0,0.0000000000e+00,inf,3.8455014842e+20,1.2185658872e+13,7.6910029684e+20,2.4371317744e+13,1.4885981808e-20,1.5174293383e-21,-8.3004415890e-01,2025-11-22T13:30:24.715345,1.6180339887e+00
Star_0104,4.5127172890e-01,8.9757946878e+29,6.5343109569e+19,6.5343109569e+16,4.3678549177e+08,6.9065753694e+03,2.1176105768e+03,1.3331137979e+03,1.3331137979e+00,4.9015402641e+16,4.9015402641e+16,1.9996706968e+03,3.9993413937e+03,False,False,1.0000000000e+00,0,1.0000000000e+00,2.0000000000e+00,1.3068621914e+20,1.3068621914e+17,9.5750140042e-01,1.3541114665e+00,1.3541114665e+00,1.9150028008e+00,9.5750140042e-04,1.3541114665e-03,1.3541114665e-03,1.9150028008e-03,3.1938808828e-09,4.5168296611e-09,0,0.0000000000e+00,inf,4.2878565587e+20,1.3587397517e+13,8.5757131174e+20,2.7174795033e+13,1.4030690272e-20,1.4302436567e-21,-9.1680893180e-01,2025-11-22T13:30:24.715345,1.6180339887e+00
Star_0105,3.2864192390e-01,6.5366878664e+29,2.2960378237e+19,2.2960378237e+16,1.5347846415e+08,2.4268447561e+03,7.4408977662e+02,9.7084983450e+02,9.7084983450e-01,2.3649773035e+16,2.3649773035e+16,1.4562747517e+03,2.9125495035e+03,False,False,1.0000000000e+00,0,1.0000000000e+00,2.0000000000e+00,4.5920756474e+19,4.5920756474e+16,1.3784538049e+00,1.9494280660e+00,1.9494280660e+00,2.7569076098e+00,1.3784538049e-03,1.9494280660e-03,1.9494280660e-03,2.7569076098e-03,4.5980269620e-09,6.5025920898e-09,0,0.0000000000e+00,inf,1.0465661648e+20,3.3163680532e+12,2.0931323295e+20,6.6327361064e+12,8.2757125016e-20,8.4359964339e-21,-1.9001348922e+00,2025-11-22T13:30:24.715345,1.6180339887e+00
Star_0106,3.8015053920e-01,7.5611942247e+29,1.7217048481e+19,1.7217048481e+16,1.1508722246e+08,1.8197916162e+03,5.5796248763e+02,1.1230128028e+03,1.1230128028e+00,1.5331123954e+16,1.5331123954e+16,1.6845192042e+03,3.3690384083e+03,False,False,1.0000000000e+00,0,1.0000000000e+00,2.0000000000e+00,3.4434096961e+19,3.4434096961e+16,1.7120589235e+00,2.4212169492e+00,2.4212169492e+00,3.4241178471e+00,1.7120589235e-03,2.4212169492e-03,2.4212169492e-03,3.4241178471e-03,5.7108138576e-09,8.0763104095e-09,0,2.2204460493e-16,inf,6.3185854505e+19,2.0022389062e+12,1.2637170901e+20,4.0044778123e+12,1.7024670407e-19,1.7354404085e-20,-2.9311457577e+00,2025-11-22T13:30:24.715345,1.6180339887e+00
Star_0107,4.0296840500e-01,8.0150415754e+29,6.3657915393e+19,6.3657915393e+16,4.2552082482e+08,6.7284552788e+03,2.0629975497e+03,1.1904196661e+03,1.1904196661e+00,5.3475187959e+16,5.3475187959e+16,1.7856294991e+03,3.5712589982e+03,False,False,1.0000000000e+00,0,1.0000000000e+00,2.0000000000e+00,1.2731583079e+20,1.2731583079e+17,9.1670488409e-01,1.2964164798e+00,1.2964164798e+00,1.8334097682e+00,9.1670488409e-04,1.2964164798e-03,1.2964164798e-03,1.8334097682e-03,3.0577983523e-09,4.3243799008e-09,0,0.0000000000e+00,inf,4.3631760408e+20,1.3826070553e+13,8.7263520817e+20,2.7652141106e+13,1.3200995341e-20,1.3456672111e-21,-8.4034784452e-01,2025-11-22T13:30:24.715345,1.6180339887e+00
Star_0108,4.2609555780e-01,8.4750406446e+29,1.0314211414e+20,1.0314211414e+17,6.8945263465e+08,1.0901819485e+04,3.3425839888e+03,1.2587402023e+03,1.2587402023e+00,8.1940748342e+16,8.1940748342e+16,1.8881103034e+03,3.7762206069e+03,False,False,1.0000000000e+00,0,1.0000000000e+00,2.0000000000e+00,2.0628422829e+20,2.0628422829e+17,7.4055231198e-01,1.0472991233e+00,1.0472991233e+00,1.4811046240e+00,7.4055231198e-04,1.0472991233e-03,1.0472991233e-03,1.4811046240e-03,2.4702166189e-09,3.4934138445e-09,0,0.0000000000e+00,inf,8.7510497996e+20,2.7730403452e+13,1.7502099599e+21,5.5460806903e+13,5.3171076755e-21,5.4200893736e-22,-5.4841772679e-01,2025-11-22T13:30:24.715345,1.6180339887e+00
Star_0109,2.6235169810e-01,5.2181752752e+29,3.5262088960e+19,3.5262088960e+16,2.3570915080e+08,3.7270995624e+03,1.1427581735e+03,7.7502011812e+02,7.7502011812e-01,4.5498288542e+16,4.5498288542e+16,1.1625301772e+03,2.3250603544e+03,False,False,1.0000000000e+00,0,1.0000000000e+00,2.0000000000e+00,7.0524177921e+19,7.0524177921e+16,9.9382101236e-01,1.4054751543e+00,1.4054751543e+00,1.9876420247e+00,9.9382101236e-04,1.4054751543e-03,1.4054751543e-03,1.9876420247e-03,3.3150300678e-09,4.6881604815e-09,0,0.0000000000e+00,inf,2.2293575654e+20,7.0644078301e+12,4.4587151308e+20,1.4128815660e+13,2.8009690683e-20,2.8552182144e-21,-9.8768020461e-01,2025-11-22T13:30:24.715345,1.6180339887e+00
Star_0110,3.0211479210e-01,6.0090632149e+29,6.4280030647e+19,6.4280030647e+16,4.2967934925e+08,6.7942110398e+03,2.0831587856e+03,8.9248533002e+02,8.9248533002e-01,7.2023627151e+16,7.2023627151e+16,1.3387279950e+03,2.6774559901e+03,False,False,1.0000000000e+00,0,1.0000000000e+00,2.0000000000e+00,1.2856006129e+20,1.2856006129e+17,7.8989290088e-01,1.1170772532e+00,1.1170772532e+00,1.5797858018e+00,7.8989290088e-04,1.1170772532e-03,1.1170772532e-03,1.5797858018e-03,2.6347991078e-09,3.7261686324e-09,0,0.0000000000e+00,inf,5.1131405746e+20,1.6202564753e+13,1.0226281149e+21,3.2405129507e+13,9.7064483102e-21,9.8944427219e-22,-6.2393079486e-01,2025-11-22T13:30:24.715345,1.6180339887e+00
Star_0111,3.8444818920e-01,7.6466744832e+29,5.4520983791e+18,5.4520983791e+15,3.6444507881e+07,5.7627083596e+02,1.7668919140e+02,1.1357086048e+03,1.1357086048e+00,4.8006137809e+15,4.8006137809e+15,1.7035629071e+03,3.4071258143e+03,False,False,1.0000000000e+00,0,1.0000000000e+00,2.0000000000e+00,1.0904196758e+19,1.0904196758e+16,3.0595483543e+00,4.3268547774e+00,4.3268547774e+00,6.1190967086e+00,3.0595483543e-03,4.3268547774e-03,4.3268547774e-03,6.1190967086e-03,1.0205554785e-08,1.4432833989e-08,0,2.2204460493e-16,inf,1.1196601740e+19,3.5479889917e+11,2.2393203481e+19,7.0959779834e+11,1.7169235552e-18,1.7501769166e-19,-9.3608361322e+00,2025-11-22T13:30:24.715345,1.6180339887e+00
Star_0112,2.8955841935e+01,5.7593169609e+31,6.3592406427e+19,6.3592406427e+16,4.2508293066e+08,6.7215311730e+03,2.0608745642e+03,8.5539221584e+04,8.5539221584e+01,7.4342980038e+14,7.4342980038e+14,1.2830883238e+05,2.5661766475e+05,False,False,1.0000000000e+00,0,1.0000000000e+00,2.0000000000e+00,1.2718481285e+20,1.2718481285e+17,7.7747372748e+00,1.0995138898e+01,1.0995138898e+01,1.5549474550e+01,7.7747372748e-03,1.0995138898e-02,1.0995138898e-02,1.5549474550e-02,2.5933732045e-08,3.6675835580e-08,0,6.6613381478e-16,inf,5.1392459911e+19,1.6285287826e+12,1.0278491982e+20,3.2570575653e+12,9.5053078013e-19,9.6894065253e-20,-6.0446539692e+01,2025-11-22T13:30:24.715345,1.6180339887e+00
Star_0113,3.6228840570e-01,7.2059163894e+29,3.7464742689e+19,3.7464742689e+16,2.5043277198e+08,3.9599136126e+03,1.2141408008e+03,1.0702457999e+03,1.0702457999e+00,3.5005736713e+16,3.5005736713e+16,1.6053686998e+03,3.2107373996e+03,False,False,1.0000000000e+00,0,1.0000000000e+00,2.0000000000e+00,7.4929485378e+19,7.4929485378e+16,1.1330161337e+00,1.6023267826e+00,1.6023267826e+00,2.2660322674e+00,1.1330161337e-03,1.6023267826e-03,1.6023267826e-03,2.2660322674e-03,3.7793350148e-09,5.3447868346e-09,0,0.0000000000e+00,inf,2.0776219667e+20,6.5835867326e+12,4.1552439335e+20,1.3167173465e+13,3.4264897262e-20,3.4928539513e-21,-1.2837255592e+00,2025-11-22T13:30:24.715345,1.6180339887e+00
Star_0114,1.4425056157e+00,2.8691436696e+30,3.5917690904e+19,3.5917690904e+16,2.4009151674e+08,3.7963947684e+03,1.1640046312e+03,4.2613441452e+03,4.2613441452e+00,8.4287233512e+15,8.4287233512e+15,6.3920162177e+03,1.2784032435e+04,False,False,1.0000000000e+00,0,1.0000000000e+00,2.0000000000e+00,7.1835381808e+19,7.1835381808e+16,2.3090046382e+00,3.2654256749e+00,3.2654256749e+00,4.6180092763e+00,2.3090046382e-03,3.2654256749e-03,3.2654256749e-03,4.6180092763e-03,7.7020104294e-09,1.0892287607e-08,0,2.2204460493e-16,inf,9.7738005384e+19,3.0971304974e+12,1.9547601077e+20,6.1942609947e+12,1.4843666964e-19,1.5131158985e-20,-5.3315024191e+00,2025-11-22T13:30:24.715345,1.6180339887e+00
Star_0115,1.0521417990e-01,2.0927100382e+29,6.9479281440e+19,6.9479281440e+16,4.6443369947e+08,7.3437566262e+03,2.2516538043e+03,3.1081600281e+02,3.1081600281e-01,2.2353830180e+17,2.2353830180e+17,4.6622400422e+02,9.3244800843e+02,False,False,1.0000000000e+00,0,1.0000000000e+00,2.0000000000e+00,1.3895856288e+20,1.3895856288e+17,4.4836296394e-01,6.3408098447e-01,6.3408098447e-01,8.9672592788e-01,4.4836296394e-04,6.3408098447e-04,6.3408098447e-04,8.9672592788e-04,1.4955778639e-09,2.1150664987e-09,0,0.0000000000e+00,inf,9.7365579989e+20,3.0853290488e+13,1.9473115998e+21,6.1706580975e+13,2.8933711355e-21,2.9494099240e-22,-2.0102934743e-01,2025-11-22T13:30:24.716348,1.6180339887e+00
Star_0116,2.4027150840e-01,4.7790003021e+29,6.4035489178e+19,6.4035489178e+16,4.2804471376e+08,6.7683637225e+03,2.0752337939e+03,7.0979244339e+02,7.0979244339e-01,9.0217203318e+16,9.0217203318e+16,1.0646886651e+03,2.1293773302e+03,False,False,1.0000000000e+00,0,1.0000000000e+00,2.0000000000e+00,1.2807097836e+20,1.2807097836e+17,7.0576647532e-01,9.9810452127e-01,9.9810452127e-01,1.4115329506e+00,7.0576647532e-04,9.9810452127e-04,9.9810452127e-04,1.4115329506e-03,2.3541835576e-09,3.3293183155e-09,0,0.0000000000e+00,inf,5.7008494851e+20,1.8064901910e+13,1.1401698970e+21,3.6129803820e+13,7.7785978382e-21,7.9292536577e-22,-4.9810631769e-01,2025-11-22T13:30:24.716348,1.6180339887e+00
Star_0117,4.7806270380e-01,9.5086671786e+29,2.9484592808e+19,2.9484592808e+16,1.9708952411e+08,3.1164351345e+03,9.5552363508e+02,1.4122577283e+03,1.4122577283e+00,2.0877628932e+16,2.0877628932e+16,2.1183865924e+03,4.2367731848e+03,False,False,1.0000000000e+00,0,1.0000000000e+00,2.0000000000e+00,5.8969185615e+19,5.8969185615e+16,1.4671182447e+00,2.0748185192e+00,2.0748185192e+00,2.9342364894e+00,1.4671182447e-03,2.0748185192e-03,2.0748185192e-03,2.9342364894e-03,4.8937796984e-09,6.9208496207e-09,0,0.0000000000e+00,inf,1.2627282156e+20,4.0013442581e+12,2.5254564312e+20,8.0026885161e+12,7.3002057649e-20,7.4415960906e-21,-2.1524359439e+00,2025-11-22T13:30:24.716348,1.6180339887e+00
Star_0118,5.8914738640e-01,1.1718141515e+30,5.1338416219e+19,5.1338416219e+16,3.4317123141e+08,5.4263202852e+03,1.6637526726e+03,1.7404159390e+03,1.7404159390e+00,2.9497785597e+16,2.9497785597e+16,2.6106239085e+03,5.2212478170e+03,False,False,1.0000000000e+00,0,1.0000000000e+00,2.0000000000e+00,1.0267683244e+20,1.0267683244e+17,1.2342723434e+00,1.7455246877e+00,1.7455246877e+00,2.4685446868e+00,1.2342723434e-03,1.7455246877e-03,1.7455246877e-03,2.4685446868e-03,4.1170893745e-09,5.8224436309e-09,0,0.0000000000e+00,inf,2.6134327987e+20,8.2814688022e+12,5.2268655975e+20,1.6562937604e+13,2.9674234810e-20,3.0248965148e-21,-1.5234282177e+00,2025-11-22T13:30:24.716348,1.6180339887e+00
Star_0119,1.6118357780e-01,3.2059413624e+29,3.0857000000e+19,3.0857000000e+16,2.0626336898e+08,3.2614945566e+03,1.0000000000e+03,4.7615668742e+02,4.7615668742e-01,6.4804298281e+16,6.4804298281e+16,7.1423503113e+02,1.4284700623e+03,False,False,1.0000000000e+00,0,1.0000000000e+00,2.0000000000e+00,6.1714000000e+19,6.1714000000e+16,8.3272921015e-01,1.1776569428e+00,1.1776569428e+00,1.6654584203e+00,8.3272921015e-04,1.1776569428e-03,1.1776569428e-03,1.6654584203e-03,2.7776856553e-09,3.9282407257e-09,0,0.0000000000e+00,inf,2.3282508487e+20,7.3777817346e+12,4.6565016973e+20,1.4755563469e+13,2.2472629790e-20,2.2907879501e-21,-6.9343793743e-01,2025-11-22T13:30:24.716348,1.6180339887e+00
Star_0120,1.6664927650e-01,3.3146541096e+29,4.3584349281e+19,4.3584349281e+16,2.9133923316e+08,4.6067381123e+03,1.4124623029e+03,4.9230305309e+02,4.9230305309e-01,8.8531543746e+16,8.8531543746e+16,7.3845457963e+02,1.4769091593e+03,False,False,1.0000000000e+00,0,1.0000000000e+00,2.0000000000e+00,8.7168698562e+19,8.7168698562e+16,7.1245376605e-01,1.0075617785e+00,1.0075617785e+00,1.4249075321e+00,7.1245376605e-04,1.0075617785e-03,1.0075617785e-03,1.4249075321e-03,2.3764899584e-09,3.3608643301e-09,0,0.0000000000e+00,inf,3.8437377423e+20,1.2180069911e+13,7.6874754847e+20,2.4360139823e+13,1.1646161458e-20,1.1871724218e-21,-5.0759036876e-01,2025-11-22T13:30:24.716854,1.6180339887e+00
Star_0121,1.0498084410e-01,2.0880689891e+29,2.3913833150e+19,2.3913833150e+16,1.5985182587e+08,2.5276221488e+03,7.7498892148e+02,3.1012669933e+02,3.1012669933e-01,7.7109881871e+16,7.7109881871e+16,4.6519004899e+02,9.3038009798e+02,False,False,1.0000000000e+00,0,1.0000000000e+00,2.0000000000e+00,4.7827666300e+19,4.7827666300e+16,7.6339741707e-01,1.0796069807e+00,1.0796069807e+00,1.5267948341e+00,7.6339741707e-04,1.0796069807e-03,1.0796069807e-03,1.5267948341e-03,2.5464196870e-09,3.6011812569e-09,0,0.0000000000e+00,inf,1.9682414654e+20,6.2369808396e+12,3.9364829308e+20,1.2473961679e+13,2.4369811930e-20,2.4841806248e-21,-5.8277561639e-01,2025-11-22T13:30:24.716854,1.6180339887e+00
Star_0122,1.5398907464e+00,3.0628426946e+30,4.6455760885e+18,4.6455760885e+15,3.1053316099e+07,4.9102379119e+02,1.5055177394e+02,4.5490321458e+03,4.5490321458e+00,1.0212229634e+15,1.0212229634e+15,6.8235482187e+03,1.3647096437e+04,False,False,1.0000000000e+00,0,1.0000000000e+00,2.0000000000e+00,9.2911521769e+18,9.2911521769e+15,6.6335410219e+00,9.3812436798e+00,9.3812436798e+00,1.3267082044e+01,6.6335410219e-03,9.3812436798e-03,9.3812436798e-03,1.3267082044e-02,2.2127111089e-08,3.1292460599e-08,0,6.6613381478e-16,inf,4.4002163137e+18,1.3943444095e+11,8.8004326274e+18,2.7886888190e+11,9.4722087534e-18,9.6556664153e-19,-4.4003866490e+01,2025-11-22T13:30:24.716854,1.6180339887e+00
Star_0123,4.8688433789e+00,9.6841294806e+30,7.1815647108e+19,7.1815647108e+16,4.8005111703e+08,7.5907036368e+03,2.3273697089e+03,1.4383179518e+04,1.4383179518e+01,4.9930300194e+15,4.9930300194e+15,2.1574769277e+04,4.3149538554e+04,False,False,1.0000000000e+00,0,1.0000000000e+00,2.0000000000e+00,1.4363129422e+20,1.4363129422e+17,3.0000163148e+00,4.2426637597e+00,4.2426637597e+00,6.0000326296e+00,3.0000163148e-03,4.2426637597e-03,4.2426637597e-03,6.0000326296e-03,1.0006977276e-08,1.4152002982e-08,0,2.2204460493e-16,inf,1.5040952161e+20,4.7661901289e+12,3.0081904322e+20,9.5323802578e+12,1.2532224176e-19,1.2774948192e-20,-9.0000978889e+00,2025-11-22T13:30:24.716854,1.6180339887e+00
Star_0124,1.1033192270e-01,2.1945019425e+29,2.8840918354e+19,2.8840918354e+16,1.9278688739e+08,3.0484006293e+03,9.3466371825e+02,3.2593446272e+02,3.2593446272e-01,8.8486863628e+16,8.8486863628e+16,4.8890169408e+02,9.7780338816e+02,False,False,1.0000000000e+00,0,1.0000000000e+00,2.0000000000e+00,5.7681836708e+19,5.7681836708e+16,7.1263361479e-01,1.0078161230e+00,1.0078161230e+00,1.4252672296e+00,7.1263361479e-04,1.0078161230e-03,1.0078161230e-03,1.4252672296e-03,2.3770898692e-09,3.3617127321e-09,0,0.0000000000e+00,inf,2.5428611658e+20,8.0578407921e+12,5.0857223316e+20,1.6115681584e+13,1.7608547089e-20,1.7949589285e-21,-5.0784666892e-01,2025-11-22T13:30:24.716854,1.6180339887e+00
Star_0125,2.7114931620e-01,5.3931598992e+29,3.1762639924e+19,3.1762639924e+16,2.1231711179e+08,3.3572180450e+03,1.0293495778e+03,8.0100939537e+02,8.0100939537e-01,3.9653267624e+16,3.9653267624e+16,1.2015140931e+03,2.4030281861e+03,False,False,1.0000000000e+00,0,1.0000000000e+00,2.0000000000e+00,6.3525279847e+19,6.3525279847e+16,1.0645503683e+00,1.5055015687e+00,1.5055015687e+00,2.1291007366e+00,1.0645503683e-03,1.5055015687e-03,1.5055015687e-03,2.1291007366e-03,3.5509578039e-09,5.0218126857e-09,0,0.0000000000e+00,inf,1.8746933769e+20,5.9405448352e+12,3.7493867539e+20,1.1881089670e+13,3.5679259953e-20,3.6370295569e-21,-1.1332674866e+00,2025-11-22T13:30:24.716854,1.6180339887e+00
Star_0126,2.1012910840e-01,4.1794679661e+29,2.1590750059e+19,2.1590750059e+16,1.4432319558e+08,2.2820790676e+03,6.9970347275e+02,6.2074797911e+02,6.2074797911e-01,3.4781828995e+16,3.4781828995e+16,9.3112196867e+02,1.8622439373e+03,False,False,1.0000000000e+00,0,1.0000000000e+00,2.0000000000e+00,4.3181500117e+19,4.3181500117e+16,1.1366571740e+00,1.6074759912e+00,1.6074759912e+00,2.2733143480e+00,1.1366571740e-03,1.6074759912e-03,1.6074759912e-03,2.2733143480e-03,3.7914802179e-09,5.3619627457e-09,0,0.0000000000e+00,inf,1.1934881215e+20,3.7819356399e+12,2.3869762430e+20,7.5638712799e+12,5.9839955892e-20,6.0998935670e-21,-1.2919895312e+00,2025-11-22T13:30:24.717354,1.6180339887e+00
Star_0127,1.4717373732e+00,2.9272856353e+30,2.5706981163e+19,2.5706981163e+16,1.7183810938e+08,2.7171526438e+03,8.3310046871e+02,4.3476984562e+03,4.3476984562e+00,5.9127792375e+15,5.9127792375e+15,6.5215476844e+03,1.3043095369e+04,False,False,1.0000000000e+00,0,1.0000000000e+00,2.0000000000e+00,5.1413962326e+19,5.1413962326e+16,2.7568292815e+00,3.8987453591e+00,3.8987453591e+00,5.5136585630e+00,2.7568292815e-03,3.8987453591e-03,3.8987453591e-03,5.5136585630e-03,9.1957926490e-09,1.3004814681e-08,0,2.2204460493e-16,inf,5.8589673078e+19,1.8565947055e+12,1.1717934616e+20,3.7131894110e+12,2.9564372570e-19,3.0136975097e-20,-7.6001076874e+00,2025-11-22T13:30:24.717354,1.6180339887e+00
Star_0128,1.0261331240e-01,2.0409787836e+29,5.5823013737e+19,5.5823013737e+16,3.7314848755e+08,5.9003291129e+03,1.8090875243e+03,3.0313271106e+02,3.0313271106e-01,1.8415371123e+17,1.8415371123e+17,4.5469906659e+02,9.0939813319e+02,False,False,1.0000000000e+00,0,1.0000000000e+00,2.0000000000e+00,1.1164602747e+20,1.1164602747e+17,4.9398694010e-01,6.9860303033e-01,6.9860303033e-01,9.8797388021e-01,4.9398694010e-04,6.9860303033e-04,6.9860303033e-04,9.8797388021e-04,1.6477630672e-09,2.3302888772e-09,0,0.0000000000e+00,inf,7.1003160456e+20,2.2499543836e+13,1.4200632091e+21,4.4999087672e+13,4.3713708856e-21,4.4560355612e-22,-2.4402309699e-01,2025-11-22T13:30:24.717354,1.6180339887e+00
Star_0129,3.8117118720e-01,7.5814949134e+29,1.1687160505e+20,1.1687160505e+17,7.8122730646e+08,1.2352986476e+04,3.7875232539e+03,1.1260279261e+03,1.1260279261e+00,1.0379103602e+17,1.0379103602e+17,1.6890418892e+03,3.3780837784e+03,False,False,1.0000000000e+00,0,1.0000000000e+00,2.0000000000e+00,2.3374321009e+20,2.3374321009e+17,6.5799983026e-01,9.3055228399e-01,9.3055228399e-01,1.3159996605e+00,6.5799983026e-04,9.3055228399e-04,9.3055228399e-04,1.3159996605e-03,2.1948511802e-09,3.1039883064e-09,0,0.0000000000e+00,inf,1.1159971749e+21,3.5363816478e+13,2.2319943498e+21,7.0727632956e+13,3.7046105121e-21,3.7763613783e-22,-4.3296377662e-01,2025-11-22T13:30:24.717354,1.6180339887e+00
Star_0130,1.7321726274e+00,3.4452913559e+30,8.0347401743e+19,8.0347401743e+16,5.3708156245e+08,8.4924851224e+03,2.6038630373e+03,5.1170571565e+03,5.1170571565e+00,1.5701876935e+16,1.5701876935e+16,7.6755857348e+03,1.5351171470e+04,False,False,1.0000000000e+00,0,1.0000000000e+00,2.0000000000e+00,1.6069480349e+20,1.6069480349e+17,1.6917255968e+00,2.3924612828e+00,2.3924612828e+00,3.3834511936e+00,1.6917255968e-03,2.3924612828e-03,2.3924612828e-03,3.3834511936e-03,5.6429891802e-09,7.9803918309e-09,0,2.2204460493e-16,inf,2.9841578035e+20,9.4562254528e+12,5.9683156070e+20,1.8912450906e+13,3.5619515165e-20,3.6309393644e-21,-2.8619354948e+00,2025-11-22T13:30:24.717354,1.6180339887e+00
Star_0131,4.5496081460e-01,9.0491706024e+29,1.2493959172e+20,1.2493959172e+17,8.3515769868e+08,1.3205749046e+04,4.0489869956e+03,1.3440118239e+03,1.3440118239e+00,9.2960187923e+16,9.2960187923e+16,2.0160177359e+03,4.0320354718e+03,False,False,1.0000000000e+00,0,1.0000000000e+00,2.0000000000e+00,2.4987918345e+20,2.4987918345e+17,6.9527595233e-01,9.8326868137e-01,9.8326868137e-01,1.3905519047e+00,6.9527595233e-04,9.8326868137e-04,9.8326868137e-04,1.3905519047e-03,2.3191909395e-09,3.2798312804e-09,0,0.0000000000e+00,inf,1.1290748722e+21,3.5778223698e+13,2.2581497443e+21,7.1556447396e+13,3.8691390232e-21,3.9440764763e-22,-4.8340864988e-01,2025-11-22T13:30:24.717354,1.6180339887e+00
Star_0132,4.2607554530e-01,8.4746425960e+29,1.0046876503e+20,1.0046876503e+17,6.7158265395e+08,1.0619254310e+04,3.2559472739e+03,1.2586810828e+03,1.2586810828e+00,7.9820668159e+16,7.9820668159e+16,1.8880216242e+03,3.7760432485e+03,False,False,1.0000000000e+00,0,1.0000000000e+00,2.0000000000e+00,2.0093753006e+20,2.0093753006e+17,7.5032259640e-01,1.0611163920e+00,1.0611163920e+00,1.5006451928e+00,7.5032259640e-04,1.0611163920e-03,1.0611163920e-03,1.5006451928e-03,2.5028067798e-09,3.5395032919e-09,0,0.0000000000e+00,inf,8.4132328054e+20,2.6659925994e+13,1.6826465611e+21,5.3319851987e+13,5.6035723989e-21,5.7121023434e-22,-5.6298399867e-01,2025-11-22T13:30:24.717856,1.6180339887e+00
Star_0133,1.4197921954e+00,2.8239666767e+30,1.2364193516e+20,1.2364193516e+17,8.2648352380e+08,1.3068590546e+04,4.0069331160e+03,4.1942458271e+03,4.1942458271e+00,2.9478943356e+16,2.9478943356e+16,6.2913687406e+03,1.2582737481e+04,False,False,1.0000000000e+00,0,1.0000000000e+00,2.0000000000e+00,2.4728387032e+20,2.4728387032e+17,1.2346667392e+00,1.7460824475e+00,1.7460824475e+00,2.4693334783e+00,1.2346667392e-03,1.7460824475e-03,1.7460824475e-03,2.4693334783e-03,4.1184049372e-09,5.8243041175e-09,0,0.0000000000e+00,inf,6.2921043040e+20,1.9938475372e+13,1.2584208608e+21,3.9876950744e+13,1.2329166110e-20,1.2567957299e-21,-1.5244019568e+00,2025-11-22T13:30:24.717856,1.6180339887e+00
Star_0134,4.1505301050e-01,8.2554043788e+29,2.1616010021e+19,2.1616010021e+16,1.4449204560e+08,2.2847489717e+03,7.0052208643e+02,1.2261191201e+03,1.2261191201e+00,1.7629616623e+16,1.7629616623e+16,1.8391786801e+03,3.6783573602e+03,False,False,1.0000000000e+00,0,1.0000000000e+00,2.0000000000e+00,4.3232020042e+19,4.3232020042e+16,1.5965564220e+00,2.2578717450e+00,2.2578717450e+00,3.1931128439e+00,1.5965564220e-03,2.2578717450e-03,2.2578717450e-03,3.1931128439e-03,5.3255389832e-09,7.5314494570e-09,0,2.2204460493e-16,inf,8.5068961357e+19,2.6956727177e+12,1.7013792271e+20,5.3913454355e+12,1.1792150383e-19,1.2020540655e-20,-2.5489924085e+00,2025-11-22T13:30:24.717856,1.6180339887e+00
Star_0135,4.5840631540e-01,9.1177016133e+29,9.7645257253e+18,9.7645257253e+15,6.5270893886e+07,1.0320817805e+03,3.1644442834e+02,1.3541902693e+03,1.3541902693e+00,7.2106010112e+15,7.2106010112e+15,2.0312854040e+03,4.0625708080e+03,False,False,1.0000000000e+00,0,1.0000000000e+00,2.0000000000e+00,1.9529051451e+19,1.9529051451e+16,2.4964333317e+00,3.5304898753e+00,3.5304898753e+00,4.9928666634e+00,2.4964333317e-03,3.5304898753e-03,3.5304898753e-03,4.9928666634e-03,8.3272052552e-09,1.1776446608e-08,0,2.2204460493e-16,inf,2.4575991591e+19,7.7876617967e+11,4.9151983183e+19,1.5575323593e+12,6.3824701322e-19,6.5060857617e-20,-6.2321793797e+00,2025-11-22T13:30:24.717856,1.6180339887e+00
Star_0136,1.3104850516e+00,2.6065547676e+30,3.4724075538e+19,3.4724075538e+16,2.3211280440e+08,3.6702331189e+03,1.1253224726e+03,3.8713386909e+03,3.8713386909e+00,8.9695266444e+15,8.9695266444e+15,5.8070080364e+03,1.1614016073e+04,False,False,1.0000000000e+00,0,1.0000000000e+00,2.0000000000e+00,6.9448151076e+19,6.9448151076e+16,2.2383136487e+00,3.1654535189e+00,3.1654535189e+00,4.4766272975e+00,2.2383136487e-03,3.1654535189e-03,3.1654535189e-03,4.4766272975e-03,7.4662106701e-09,1.0558816389e-08,0,2.2204460493e-16,inf,9.7474186135e+19,3.0887705698e+12,1.9494837227e+20,6.1775411397e+12,1.4428168101e-19,1.4707612743e-20,-5.0100479901e+00,2025-11-22T13:30:24.717856,1.6180339887e+00
Star_0137,9.6402514700e-01,1.9174460174e+30,4.9847343107e+19,4.9847343107e+16,3.3320416515e+08,5.2687182229e+03,1.6154306351e+03,2.8478522865e+03,2.8478522865e+00,1.7503486169e+16,1.7503486169e+16,4.2717784297e+03,8.5435568595e+03,False,False,1.0000000000e+00,0,1.0000000000e+00,2.0000000000e+00,9.9694686214e+19,9.9694686214e+16,1.6022985041e+00,2.2659922755e+00,2.2659922755e+00,3.2045970082e+00,1.6022985041e-03,2.2659922755e-03,2.2659922755e-03,3.2045970082e-03,5.3446925076e-09,7.5585366310e-09,0,2.2204460493e-16,inf,1.9546925433e+20,6.1940468961e+12,3.9093850866e+20,1.2388093792e+13,5.1504460143e-20,5.2501998107e-21,-2.5673604963e+00,2025-11-22T13:30:24.718361,1.6180339887e+00
Star_0138,1.4403075266e+00,2.8647716704e+30,4.0798757176e+19,4.0798757176e+16,2.7271896508e+08,4.3123091826e+03,1.3221880668e+03,4.2548507118e+03,4.2548507118e+00,9.5887634937e+15,9.5887634937e+15,6.3822760677e+03,1.2764552135e+04,False,False,1.0000000000e+00,0,1.0000000000e+00,2.0000000000e+00,8.1597514353e+19,8.1597514353e+16,2.1648330104e+00,3.0615362036e+00,3.0615362036e+00,4.3296660209e+00,2.1648330104e-03,3.0615362036e-03,3.0615362036e-03,4.3296660209e-03,7.2211056438e-09,1.0212185537e-08,0,2.2204460493e-16,inf,1.1841382241e+20,3.7523076029e+12,2.3682764482e+20,7.5046152057e+12,1.1486874325e-19,1.1709352013e-20,-4.6865019631e+00,2025-11-22T13:30:24.718361,1.6180339887e+00
Star_0139,1.5805273720e-01,3.1436689429e+29,1.0161930489e+18,1.0161930489e+15,6.7927342843e+06,1.0740863005e+02,3.2932334606e+01,4.6690778806e+02,4.6690778806e-01,2.1764319956e+15,2.1764319956e+15,7.0036168209e+02,1.4007233642e+03,False,False,1.0000000000e+00,0,1.0000000000e+00,2.0000000000e+00,2.0323860979e+18,2.0323860979e+15,4.5439459224e+00,6.4261099502e+00,6.4261099502e+00,9.0878918448e+00,4.5439459224e-03,6.4261099502e-03,6.4261099502e-03,9.0878918448e-03,1.5156972102e-08,2.1435195512e-08,0,2.2204460493e-16,inf,1.4051507970e+18,4.4526541847e+10,2.8103015940e+18,8.9053083693e+10,2.0318427259e-17,2.0711954392e-18,-2.0647444546e+01,2025-11-22T13:30:24.718361,1.6180339887e+00
Star_0140,1.3756444962e+00,2.7361569029e+30,1.5428521025e+20,1.5428521025e+17,1.0313182503e+09,1.6307495006e+04,5.0000068137e+03,4.0638279365e+03,4.0638279365e+00,3.7965487875e+16,3.7965487875e+16,6.0957419048e+03,1.2191483810e+04,False,False,1.0000000000e+00,0,1.0000000000e+00,2.0000000000e+00,3.0857042050e+20,3.0857042050e+17,1.0879557016e+00,1.5386017085e+00,1.5386017085e+00,2.1759114033e+00,1.0879557016e-03,1.5386017085e-03,1.5386017085e-03,2.1759114033e-03,3.6290295923e-09,5.1322228677e-09,0,0.0000000000e+00,inf,8.9103128437e+20,2.8235077584e+13,1.7820625687e+21,5.6470155168e+13,7.6718151195e-21,7.8204027722e-22,-1.1836476087e+00,2025-11-22T13:30:24.718361,1.6180339887e+00
Star_0141,1.4235775050e+00,2.8314956574e+30,1.4156123795e+20,1.4156123795e+17,9.4626495958e+08,1.4962608387e+04,4.5876539506e+03,4.2054281107e+03,4.2054281107e+00,3.3661552219e+16,3.3661552219e+16,6.3081421661e+03,1.2616284332e+04,False,False,1.0000000000e+00,0,1.0000000000e+00,2.0000000000e+00,2.8312247591e+20,2.8312247591e+17,1.1554166879e+00,1.6340059502e+00,1.6340059502e+00,2.3108333757e+00,1.1554166879e-03,1.6340059502e-03,1.6340059502e-03,2.3108333757e-03,3.8540552207e-09,5.4504571632e-09,0,0.0000000000e+00,inf,7.6981360899e+20,2.4393921242e+13,1.5396272180e+21,4.8787842484e+13,9.4304609221e-21,9.6131100123e-22,-1.3349877226e+00,2025-11-22T13:30:24.718361,1.6180339887e+00
Star_0142,1.3492774875e+00,2.6837129226e+30,3.1194137324e+19,3.1194137324e+16,2.0851696072e+08,3.2971289847e+03,1.0109257972e+03,3.9859364560e+03,3.9859364560e+00,7.8260498302e+15,7.8260498302e+15,5.9789046839e+03,1.1957809368e+04,False,False,1.0000000000e+00,0,1.0000000000e+00,2.0000000000e+00,6.2388274649e+19,6.2388274649e+16,2.3962625514e+00,3.3888269992e+00,3.3888269992e+00,4.7925251028e+00,2.3962625514e-03,3.3888269992e-03,3.3888269992e-03,4.7925251028e-03,7.9930714981e-09,1.1303910118e-08,0,2.2204460493e-16,inf,8.1793435028e+19,2.5918775518e+12,1.6358687006e+20,5.1837551036e+12,1.8407542916e-19,1.8764060057e-20,-5.7420742152e+00,2025-11-22T13:30:24.718854,1.6180339887e+00
Star_0143,1.9784657167e+00,3.9351683105e+30,1.5586900697e+20,1.5586900697e+17,1.0419051268e+09,1.6474897682e+04,5.0513337968e+03,5.8446381120e+03,5.8446381120e+00,2.6668718231e+16,2.6668718231e+16,8.7669571680e+03,1.7533914336e+04,False,False,1.0000000000e+00,0,1.0000000000e+00,2.0000000000e+00,3.1173801394e+20,3.1173801394e+17,1.2980894900e+00,1.8357757620e+00,1.8357757620e+00,2.5961789801e+00,1.2980894900e-03,1.8357757620e-03,1.8357757620e-03,2.5961789801e-03,4.3299604623e-09,6.1234888103e-09,0,0.0000000000e+00,inf,7.5445788750e+20,2.3907327791e+13,1.5089157750e+21,4.7814655582e+13,1.0810592541e-20,1.1019972009e-21,-1.6850363241e+00,2025-11-22T13:30:24.718854,1.6180339887e+00
Star_0144,3.0934055990e-01,6.1527837364e+29,5.2776949371e+19,5.2776949371e+16,3.5278709473e+08,5.5783690277e+03,1.7103720184e+03,9.1383116256e+02,9.1383116256e-01,5.7753501449e+16,5.7753501449e+16,1.3707467438e+03,2.7414934877e+03,False,False,1.0000000000e+00,0,1.0000000000e+00,2.0000000000e+00,1.0555389874e+20,1.0555389874e+17,8.8209740678e-01,1.2474741160e+00,1.2474741160e+00,1.7641948136e+00,8.8209740678e-04,1.2474741160e-03,1.2474741160e-03,1.7641948136e-03,2.9423602337e-09,4.1611257479e-09,0,0.0000000000e+00,inf,3.7593053817e+20,1.1912519905e+13,7.5186107634e+20,2.3825039811e+13,1.4743099863e-20,1.5028644101e-21,-7.7809583504e-01,2025-11-22T13:30:24.718854,1.6180339887e+00
Star_0145,4.5152111170e-01,8.9807549117e+29,1.3551219518e+20,1.3551219518e+17,9.0583018169e+08,1.4323242277e+04,4.3916192495e+03,1.3338505062e+03,1.3338505062e+00,1.0159473985e+17,1.0159473985e+17,2.0007757594e+03,4.0015515187e+03,False,False,1.0000000000e+00,0,1.0000000000e+00,2.0000000000e+00,2.7102439036e+20,2.7102439036e+17,6.6507418941e-01,9.4055693864e-01,9.4055693864e-01,1.3301483788e+00,6.6507418941e-04,9.4055693864e-04,9.4055693864e-04,1.3301483788e-03,2.2184487023e-09,3.1373602422e-09,0,0.0000000000e+00,inf,1.2802304574e+21,4.0568055156e+13,2.5604609148e+21,8.1136110312e+13,3.2640876109e-21,3.3273064331e-22,-4.4232367742e-01,2025-11-22T13:30:24.718854,1.6180339887e+00
Star_0146,3.8566982960e-01,7.6709729107e+29,1.6985173922e+19,1.6985173922e+16,1.1353725884e+08,1.7952831542e+03,5.5044799955e+02,1.1393174851e+03,1.1393174851e+00,1.4908200869e+16,1.4908200869e+16,1.7089762277e+03,3.4179524553e+03,False,False,1.0000000000e+00,0,1.0000000000e+00,2.0000000000e+00,3.3970347844e+19,3.3970347844e+16,1.7361733567e+00,2.4553199076e+00,2.4553199076e+00,3.4723467133e+00,1.7361733567e-03,2.4553199076e-03,2.4553199076e-03,3.4723467133e-03,5.7912509482e-09,8.1900656341e-09,0,2.2204460493e-16,inf,6.1469089373e+19,1.9478379019e+12,1.2293817875e+20,3.8956758038e+12,1.7746641502e-19,1.8090358309e-20,-3.0142979244e+00,2025-11-22T13:30:24.718854,1.6180339887e+00
Star_0147,3.9120983720e-01,7.7811636619e+29,3.5494214572e+19,3.5494214572e+16,2.3726079259e+08,3.7516345599e+03,1.1502807976e+03,1.1556833687e+03,1.1556833687e+00,3.0712750165e+16,3.0712750165e+16,1.7335250530e+03,3.4670501060e+03,False,False,1.0000000000e+00,0,1.0000000000e+00,2.0000000000e+00,7.0988429143e+19,7.0988429143e+16,1.2096127381e+00,1.7106507394e+00,1.7106507394e+00,2.4192254762e+00,1.2096127381e-03,1.7106507394e-03,1.7106507394e-03,2.4192254762e-03,4.0348337852e-09,5.7061166610e-09,0,0.0000000000e+00,inf,1.8437035298e+20,5.8423439354e+12,3.6874070595e+20,1.1684687871e+13,4.1222576519e-20,4.2020975045e-21,-1.4631629762e+00,2025-11-22T13:30:24.719355,1.6180339887e+00
Star_0148,2.2075783590e-01,4.3908733561e+29,8.1720693526e+19,8.1720693526e+16,5.4626132036e+08,8.6376380431e+03,2.6483680697e+03,6.5214658527e+02,6.5214658527e-01,1.2531031423e+17,1.2531031423e+17,9.7821987790e+02,1.9564397558e+03,False,False,1.0000000000e+00,0,1.0000000000e+00,2.0000000000e+00,1.6344138705e+20,1.6344138705e+17,5.9884205989e-01,8.4689056282e-01,8.4689056282e-01,1.1976841198e+00,5.9884205989e-04,8.4689056282e-04,8.4689056282e-04,1.1976841198e-03,1.9975220988e-09,2.8249228432e-09,0,0.0000000000e+00,inf,8.5743185932e+20,2.7170376053e+13,1.7148637186e+21,5.4340752105e+13,4.3882619839e-21,4.4732538062e-22,-3.5861181270e-01,2025-11-22T13:30:24.719355,1.6180339887e+00
Star_0149,1.1441274440e-01,2.2756694861e+29,1.9537738523e+19,1.9537738523e+16,1.3059985644e+08,2.0650817591e+03,6.3317038348e+02,3.3798972647e+02,3.3798972647e-01,5.7805717136e+16,5.7805717136e+16,5.0698458970e+02,1.0139691794e+03,False,False,1.0000000000e+00,0,1.0000000000e+00,2.0000000000e+00,3.9075477046e+19,3.9075477046e+16,8.8169891914e-01,1.2469105694e+00,1.2469105694e+00,1.7633978383e+00,8.8169891914e-04,1.2469105694e-03,1.2469105694e-03,1.7633978383e-03,2.9410310220e-09,4.1592459587e-09,0,0.0000000000e+00,inf,1.3923033017e+20,4.4119429288e+12,2.7846066034e+20,8.8238858577e+12,3.9789302283e-20,4.0559941165e-21,-7.7739298401e-01,2025-11-22T13:30:24.719355,1.6180339887e+00
Star_0150,4.1390646830e-01,8.2325996545e+29,2.1141721297e+18,2.1141721297e+15,1.4132166642e+07,2.2346180421e+02,6.8515154735e+01,1.2227320893e+03,1.2227320893e+00,1.7290558972e+15,1.7290558972e+15,1.8340981340e+03,3.6681962679e+03,False,False,1.0000000000e+00,0,1.0000000000e+00,2.0000000000e+00,4.2283442593e+18,4.2283442593e+15,5.0980159322e+00,7.2096832725e+00,7.2096832725e+00,1.0196031864e+01,5.0980159322e-03,7.2096832725e-03,7.2096832725e-03,1.0196031864e-02,1.7005150717e-08,2.4048914774e-08,0,4.4408920985e-16,inf,2.6056676634e+18,8.2568625732e+10,5.2113353268e+18,1.6513725146e+11,1.2293117519e-17,1.2531210519e-18,-2.5989766445e+01,2025-11-22T13:30:24.719355,1.6180339887e+00
Star_0151,9.8121162850e-01,1.9516299291e+30,6.5518667423e+18,6.5518667423e+15,4.3795900684e+07,6.9251313205e+02,2.1232999781e+02,2.8986233279e+03,2.8986233279e+00,2.2603374089e+15,2.2603374089e+15,4.3479349918e+03,8.6958699836e+03,False,False,1.0000000000e+00,0,1.0000000000e+00,2.0000000000e+00,1.3103733485e+19,1.3103733485e+16,4.4588110499e+00,6.3057110588e+00,6.3057110588e+00,8.9176220998e+00,4.4588110499e-03,6.3057110588e-03,6.3057110588e-03,8.9176220998e-03,1.4872992735e-08,2.1033588039e-08,0,2.2204460493e-16,inf,9.2326390128e+18,2.9256467579e+11,1.8465278026e+19,5.8512935159e+11,3.0344017607e-18,3.0931720292e-19,-1.9880995979e+01,2025-11-22T13:30:24.719355,1.6180339887e+00
Star_0152,1.3537396270e-01,2.6925881181e+29,2.5246002542e+19,2.5246002542e+16,1.6875670149e+08,2.6684285532e+03,8.1816127758e+02,3.9991181808e+02,3.9991181808e-01,6.3128923430e+16,6.3128923430e+16,5.9986772711e+02,1.1997354542e+03,False,False,1.0000000000e+00,0,1.0000000000e+00,2.0000000000e+00,5.0492005084e+19,5.0492005084e+16,8.4370673032e-01,1.1931815007e+00,1.1931815007e+00,1.6874134606e+00,8.4370673032e-04,1.1931815007e-03,1.1931815007e-03,1.6874134606e-03,2.8143027211e-09,3.9800250768e-09,0,0.0000000000e+00,inf,1.8801001170e+20,5.9576777607e+12,3.7602002340e+20,1.1915355521e+13,2.8196188509e-20,2.8742292058e-21,-7.1184104678e-01,2025-11-22T13:30:24.719355,1.6180339887e+00
Star_0153,3.6805083500e-01,7.3205311082e+29,6.0616497579e+19,6.0616497579e+16,4.0519049184e+08,6.4069863206e+03,1.9644326272e+03,1.0872687453e+03,1.0872687453e+00,5.5751163493e+16,5.5751163493e+16,1.6309031179e+03,3.2618062359e+03,False,False,1.0000000000e+00,0,1.0000000000e+00,2.0000000000e+00,1.2123299516e+20,1.2123299516e+17,8.9779821470e-01,1.2696784115e+00,1.2696784115e+00,1.7955964294e+00,8.9779821470e-04,1.2696784115e-03,1.2696784115e-03,1.7955964294e-03,2.9947324916e-09,4.2351913053e-09,0,0.0000000000e+00,inf,4.2422081123e+20,1.3442746319e+13,8.4844162246e+20,2.6885492638e+13,1.3297397021e-20,1.3554940898e-21,-8.0604163432e-01,2025-11-22T13:30:24.719855,1.6180339887e+00
Star_0154,1.2119005210e-01,2.4104701363e+29,1.3507972210e+20,1.3507972210e+17,9.0293931883e+08,1.4277531138e+04,4.3776038532e+03,3.5801075112e+02,3.5801075112e-01,3.7730632858e+17,3.7730632858e+17,5.3701612668e+02,1.0740322534e+03,False,False,1.0000000000e+00,0,1.0000000000e+00,2.0000000000e+00,2.7015944419e+20,2.7015944419e+17,3.4511088725e-01,4.8806049727e-01,4.8806049727e-01,6.9022177450e-01,3.4511088725e-04,4.8806049727e-04,4.8806049727e-04,6.9022177450e-04,1.1511660085e-09,1.6279945817e-09,0,0.0000000000e+00,inf,2.4592991892e+21,7.7930488667e+13,4.9185983783e+21,1.5586097733e+14,8.8171283334e-22,8.9878984031e-23,-1.1910152450e-01,2025-11-22T13:30:24.719855,1.6180339887e+00
Star_0155,4.0997854910e-01,8.1544733416e+29,6.8693799349e+19,6.8693799349e+16,4.5918315073e+08,7.2607334689e+03,2.2261982484e+03,1.2111285189e+03,1.2111285189e+00,5.6718835596e+16,5.6718835596e+16,1.8166927783e+03,3.6333855567e+03,False,False,1.0000000000e+00,0,1.0000000000e+00,2.0000000000e+00,1.3738759870e+20,1.3738759870e+17,8.9010666270e-01,1.2588009143e+00,1.2588009143e+00,1.7802133254e+00,8.9010666270e-04,1.2588009143e-03,1.2588009143e-03,1.7802133254e-03,2.9690762357e-09,4.1989078803e-09,0,0.0000000000e+00,inf,4.8490353893e+20,1.5365665923e+13,9.6980707786e+20,3.0731331846e+13,1.1533644645e-20,1.1757028180e-21,-7.9228987098e-01,2025-11-22T13:30:24.719855,1.6180339887e+00
Star_0156,4.5340933060e-01,9.0183115856e+29,1.3180359784e+19,1.3180359784e+16,8.8104009254e+07,1.3931254396e+03,4.2714326682e+02,1.3394285438e+03,1.3394285438e+00,9.8402858779e+15,9.8402858779e+15,2.0091428158e+03,4.0182856315e+03,False,False,1.0000000000e+00,0,1.0000000000e+00,2.0000000000e+00,2.6360719569e+19,2.6360719569e+16,2.1369868379e+00,3.0221557688e+00,3.0221557688e+00,4.2739736758e+00,2.1369868379e-03,3.0221557688e-03,3.0221557688e-03,4.2739736758e-03,7.1282208104e-09,1.0080826546e-08,0,2.2204460493e-16,inf,3.8752996262e+19,1.2280083486e+12,7.7505992523e+19,2.4560166972e+12,3.4647861061e-19,3.5318920551e-20,-4.5667127454e+00,2025-11-22T13:30:24.719855,1.6180339887e+00
Star_0157,4.2396563860e-01,8.4326765518e+29,3.1568913417e+19,3.1568913417e+16,2.1102214851e+08,3.3367417204e+03,1.0230713750e+03,1.2524481514e+03,1.2524481514e+00,2.5205764711e+16,2.5205764711e+16,1.8786722271e+03,3.7573444543e+03,False,False,1.0000000000e+00,0,1.0000000000e+00,2.0000000000e+00,6.3137826834e+19,6.3137826834e+16,1.3352290303e+00,1.8882990036e+00,1.8882990036e+00,2.6704580607e+00,1.3352290303e-03,1.8882990036e-03,1.8882990036e-03,2.6704580607e-03,4.4538446339e-09,6.2986874860e-09,0,0.0000000000e+00,inf,1.4855378998e+20,4.7073855419e+12,2.9710757995e+20,9.4147710838e+12,5.6474435465e-20,5.7568231871e-21,-1.7828365635e+00,2025-11-22T13:30:24.719855,1.6180339887e+00
Star_0158,3.5215679020e-01,7.0043985571e+29,1.5446707608e+20,1.5446707608e+17,1.0325339310e+09,1.6326717692e+04,5.0059006412e+03,1.0403157255e+03,1.0403157255e+00,1.4848095852e+17,1.4848095852e+17,1.5604735882e+03,3.1209471764e+03,False,False,1.0000000000e+00,0,1.0000000000e+00,2.0000000000e+00,3.0893415217e+20,3.0893415217e+17,5.5013632739e-01,7.7801025535e-01,7.7801025535e-01,1.1002726548e+00,5.5013632739e-04,7.7801025535e-04,7.7801025535e-04,1.1002726548e-03,1.8350572628e-09,2.5951628688e-09,0,0.0000000000e+00,inf,1.7641904644e+21,5.5903822356e+13,3.5283809288e+21,1.1180764471e+14,1.9593170687e-21,1.9972651057e-22,-3.0264997872e-01,2025-11-22T13:30:24.719855,1.6180339887e+00
Star_0159,1.6826289993e+00,3.3467490796e+30,1.7148701191e+19,1.7148701191e+16,1.1463035555e+08,1.8125675078e+03,5.5574751891e+02,4.9706990091e+03,4.9706990091e+00,3.4499576739e+15,3.4499576739e+15,7.4560485137e+03,1.4912097027e+04,False,False,1.0000000000e+00,0,1.0000000000e+00,2.0000000000e+00,3.4297402382e+19,3.4297402382e+16,3.6090992196e+00,5.1040370643e+00,5.1040370643e+00,7.2181984392e+00,3.6090992196e-03,5.1040370643e-03,5.1040370643e-03,7.2181984392e-03,1.2038659157e-08,1.7025235052e-08,0,2.2204460493e-16,inf,2.9854670322e+19,9.4603741483e+11,5.9709340644e+19,1.8920748297e+12,7.5956756327e-19,7.7427886164e-20,-1.3025597177e+01,2025-11-22T13:30:24.719855,1.6180339887e+00
Star_0160,3.8756034460e-01,7.7085752541e+29,6.2230849102e+19,6.2230849102e+16,4.1598161164e+08,6.5776185500e+03,2.0167498169e+03,1.1449023057e+03,1.1449023057e+00,5.4354724236e+16,5.4354724236e+16,1.7173534585e+03,3.4347069170e+03,False,False,1.0000000000e+00,0,1.0000000000e+00,2.0000000000e+00,1.2446169820e+20,1.2446169820e+17,9.0925784486e-01,1.2858847759e+00,1.2858847759e+00,1.8185156897e+00,9.0925784486e-04,1.2858847759e-03,1.2858847759e-03,1.8185156897e-03,3.0329577032e-09,4.2892499180e-09,0,0.0000000000e+00,inf,4.3002978631e+20,1.3626821631e+13,8.6005957262e+20,2.7253643263e+13,1.3285208869e-20,1.3542516687e-21,-8.2674982844e-01,2025-11-22T13:30:24.719855,1.6180339887e+00
Star_0161,2.7093654540e+01,5.3889278881e+31,4.3784204002e+19,4.3784204002e+16,2.9267516044e+08,4.6278621712e+03,1.4189391063e+03,8.0038084351e+04,8.0038084351e+01,5.4704212822e+14,5.4704212822e+14,1.2005712653e+05,2.4011425305e+05,False,False,1.0000000000e+00,0,1.0000000000e+00,2.0000000000e+00,8.7568408004e+19,8.7568408004e+16,9.0634870503e+00,1.2817706309e+01,1.2817706309e+01,1.8126974101e+01,9.0634870503e-03,1.2817706309e-02,1.2817706309e-02,1.8126974101e-02,3.0232538573e-08,4.2755266075e-08,0,8.8817841970e-16,inf,3.0353027013e+19,9.6182938542e+11,6.0706054026e+19,1.9236587708e+12,1.8761742821e-18,1.9125120103e-19,-8.2146797511e+01,2025-11-22T13:30:24.719855,1.6180339887e+00
Star_0162,1.8894597910e-01,3.7581355243e+29,2.2976928632e+19,2.2976928632e+16,1.5358909513e+08,2.4285940843e+03,7.4462613448e+02,5.5817033433e+02,5.5817033433e-01,4.1164725566e+16,4.1164725566e+16,8.3725550150e+02,1.6745110030e+03,False,False,1.0000000000e+00,0,1.0000000000e+00,2.0000000000e+00,4.5953857264e+19,4.5953857264e+16,1.0448238867e+00,1.4776041109e+00,1.4776041109e+00,2.0896477735e+00,1.0448238867e-03,1.4776041109e-03,1.4776041109e-03,2.0896477735e-03,3.4851573443e-09,4.9287567832e-09,0,0.0000000000e+00,inf,1.3817477013e+20,4.3784942497e+12,2.7634954027e+20,8.7569884994e+12,4.7511004269e-20,4.8431197013e-21,-1.0916569543e+00,2025-11-22T13:30:24.719855,1.6180339887e+00
Star_0163,1.5018685704e+00,2.9872165865e+30,9.3836243914e+18,9.3836243914e+15,6.2724761974e+07,9.9182162471e+02,3.0410034648e+02,4.4367098260e+03,4.4367098260e+00,2.1149961930e+15,2.1149961930e+15,6.6550647390e+03,1.3310129478e+04,False,False,1.0000000000e+00,0,1.0000000000e+00,2.0000000000e+00,1.8767248783e+19,1.8767248783e+16,4.6094691225e+00,6.5187737484e+00,6.5187737484e+00,9.2189382450e+00,4.6094691225e-03,6.5187737484e-03,6.5187737484e-03,9.2189382450e-03,1.5375533972e-08,2.1744288672e-08,0,2.2204460493e-16,inf,1.2790854942e+19,4.0531773461e+11,2.5581709883e+19,8.1063546921e+11,2.2642856007e-18,2.3081402657e-19,-2.1247205591e+01,2025-11-22T13:30:24.719855,1.6180339887e+00
Star_0164,6.3225213350e-01,1.2575494935e+30,7.4350325544e+18,7.4350325544e+15,4.9699415471e+07,7.8586117264e+02,2.4095124459e+02,1.8677528171e+03,1.8677528171e+00,3.9807368976e+15,3.9807368976e+15,2.8016292256e+03,5.6032584512e+03,False,False,1.0000000000e+00,0,1.0000000000e+00,2.0000000000e+00,1.4870065109e+19,1.4870065109e+16,3.3598815577e+00,4.7515900668e+00,4.7515900668e+00,6.7197631153e+00,3.3598815577e-03,4.7515900668e-03,4.7515900668e-03,6.7197631153e-03,1.1207358518e-08,1.5849598414e-08,0,2.2204460493e-16,inf,1.3903968489e+19,4.4059017444e+11,2.7807936978e+19,8.8118034888e+11,1.5183261134e-18,1.5477330412e-19,-1.1288804082e+01,2025-11-22T13:30:24.720860,1.6180339887e+00
Star_0165,1.4158556300e+01,2.8161368481e+31,1.7291870670e+19,1.7291870670e+16,1.1558737079e+08,1.8277001025e+03,5.6038729202e+02,4.1826167148e+04,4.1826167148e+01,4.1342231070e+14,4.1342231070e+14,6.2739250722e+04,1.2547850144e+05,False,False,1.0000000000e+00,0,1.0000000000e+00,2.0000000000e+00,3.4583741340e+19,3.4583741340e+16,1.0425784650e+01,1.4744286050e+01,1.4744286050e+01,2.0851569299e+01,1.0425784650e-02,1.4744286050e-02,1.4744286050e-02,2.0851569299e-02,3.4776674234e-08,4.9181644356e-08,0,1.3322676296e-15,inf,1.0421088808e+19,3.3022437726e+11,2.0842177616e+19,6.6044875453e+11,6.2860165702e-18,6.4077640879e-19,-1.0869698556e+02,2025-11-22T13:30:24.720860,1.6180339887e+00
Star_0166,6.5662288180e-01,1.3060229119e+30,3.3366659149e+19,3.3366659149e+16,2.2303916543e+08,3.5267581808e+03,1.0813319230e+03,1.9397470918e+03,1.9397470918e+00,1.7201551321e+16,1.7201551321e+16,2.9096206377e+03,5.8192412753e+03,False,False,1.0000000000e+00,0,1.0000000000e+00,2.0000000000e+00,6.6733318298e+19,6.6733318298e+16,1.6162997187e+00,2.2857929830e+00,2.2857929830e+00,3.2325994374e+00,1.6162997187e-03,2.2857929830e-03,2.2857929830e-03,3.2325994374e-03,5.3913955324e-09,7.6245846820e-09,0,2.2204460493e-16,inf,1.2970917466e+20,4.1102357169e+12,2.5941834932e+20,8.2204714337e+12,7.8294466612e-20,7.9810873203e-21,-2.6124247807e+00,2025-11-22T13:30:24.720860,1.6180339887e+00
Star_0167,5.1681117320e-01,1.0279374235e+30,5.6210108501e+19,5.6210108501e+16,3.7573601940e+08,5.9412438962e+03,1.8216323201e+03,1.5267256107e+03,1.5267256107e+00,3.6817426856e+16,3.6817426856e+16,2.2900884160e+03,4.5801768321e+03,False,False,1.0000000000e+00,0,1.0000000000e+00,2.0000000000e+00,1.1242021700e+20,1.1242021700e+17,1.1047881027e+00,1.5624063184e+00,1.5624063184e+00,2.2095762054e+00,1.1047881027e-03,1.5624063184e-03,1.5624063184e-03,2.2095762054e-03,3.6851764387e-09,5.2116264993e-09,0,0.0000000000e+00,inf,3.1967987977e+20,1.0130044103e+13,6.3935975955e+20,2.0260088205e+13,2.1714186014e-20,2.2134746192e-21,-1.2205567519e+00,2025-11-22T13:30:24.720860,1.6180339887e+00
Star_0168,2.8302441673e+01,5.6293556488e+31,8.7145209156e+18,8.7145209156e+15,5.8252145158e+07,9.2109934633e+02,2.8241633716e+02,8.3608994520e+04,8.3608994520e+01,1.0422946677e+14,1.0422946677e+14,1.2541349178e+05,2.5082698356e+05,False,False,1.0000000000e+00,0,1.0000000000e+00,2.0000000000e+00,1.7429041831e+19,1.7429041831e+16,2.0763972601e+01,2.9364691660e+01,2.9364691660e+01,4.1527945201e+01,2.0763972601e-02,2.9364691660e-02,2.9364691660e-02,4.1527945201e-02,6.9261157332e-08,9.7950068045e-08,0,4.8849813084e-15,inf,2.6370170501e+18,8.3562027852e+10,5.2740341003e+18,1.6712405570e+11,4.9474040206e-17,5.0432253013e-18,-4.3114255816e+02,2025-11-22T13:30:24.720860,1.6180339887e+00
Star_0169,3.2347044630e-01,6.4338271769e+29,1.1684580182e+19,1.1684580182e+16,7.8105482498e+07,1.2350259150e+03,3.7866870343e+02,9.5557263519e+02,9.5557263519e-01,1.2227830467e+16,1.2227830467e+16,1.4333589528e+03,2.8667179056e+03,False,False,1.0000000000e+00,0,1.0000000000e+00,2.0000000000e+00,2.3369160363e+19,2.3369160363e+16,1.9170392317e+00,2.7111028811e+00,2.7111028811e+00,3.8340784635e+00,1.9170392317e-03,2.7111028811e-03,2.7111028811e-03,3.8340784635e-03,6.3945545679e-09,9.0432657953e-09,0,2.2204460493e-16,inf,3.8296755384e+19,1.2135509476e+12,7.6593510767e+19,2.4271018952e+12,3.1452044993e-19,3.2061207944e-20,-3.6750394160e+00,2025-11-22T13:30:24.720860,1.6180339887e+00
Star_0170,4.4789528130e-01,8.9086371451e+29,1.3144570208e+19,1.3144570208e+16,8.7864774119e+07,1.3893425862e+03,4.2598341408e+02,1.3231393444e+03,1.3231393444e+00,9.9343808829e+15,9.9343808829e+15,1.9847090166e+03,3.9694180331e+03,False,False,1.0000000000e+00,0,1.0000000000e+00,2.0000000000e+00,2.6289140416e+19,2.6289140416e+16,2.1268423610e+00,3.0078093119e+00,3.0078093119e+00,4.2536847220e+00,2.1268423610e-03,3.0078093119e-03,3.0078093119e-03,4.2536847220e-03,7.0943824777e-09,1.0032971917e-08,0,2.2204460493e-16,inf,3.8832107125e+19,1.2305152206e+12,7.7664214251e+19,2.4610304412e+12,3.4413133004e-19,3.5079646283e-20,-4.5234584285e+00,2025-11-22T13:30:24.721365,1.6180339887e+00
Star_0171,4.8555139700e-01,9.6576172863e+29,3.0774588617e+19,3.0774588617e+16,2.0571249075e+08,3.2527839147e+03,9.9732924836e+02,1.4343802757e+03,1.4343802757e+00,2.1454971975e+16,2.1454971975e+16,2.1515704136e+03,4.3031408272e+03,False,False,1.0000000000e+00,0,1.0000000000e+00,2.0000000000e+00,6.1549177233e+19,6.1549177233e+16,1.4472439053e+00,2.0467119589e+00,2.0467119589e+00,2.8944878105e+00,1.4472439053e-03,2.0467119589e-03,2.0467119589e-03,2.8944878105e-03,4.8274860379e-09,6.8270962269e-09,0,0.0000000000e+00,inf,1.3360736385e+20,4.2337618783e+12,2.6721472770e+20,8.4675237566e+12,6.8059883672e-20,6.9378066944e-21,-2.0945149213e+00,2025-11-22T13:30:24.721365,1.6180339887e+00
Star_0172,4.8559832720e-01,9.6585507280e+29,3.7664339496e+19,3.7664339496e+16,2.5176697524e+08,3.9810104107e+03,1.2206092457e+03,1.4345189135e+03,1.4345189135e+00,2.6255728762e+16,2.6255728762e+16,2.1517783702e+03,4.3035567404e+03,False,False,1.0000000000e+00,0,1.0000000000e+00,2.0000000000e+00,7.5328678991e+19,7.5328678991e+16,1.3082588054e+00,1.8501573457e+00,1.8501573457e+00,2.6165176108e+00,1.3082588054e-03,1.8501573457e-03,1.8501573457e-03,2.6165176108e-03,4.3638816471e-09,6.1714606100e-09,0,0.0000000000e+00,inf,1.8089083257e+20,5.7320845871e+12,3.6178166513e+20,1.1464169174e+13,4.5441951853e-20,4.6322071206e-21,-1.7115411019e+00,2025-11-22T13:30:24.721365,1.6180339887e+00
Star_0173,4.6828910960e-01,9.3142703899e+29,9.6001197003e+19,9.6001197003e+16,6.4171923130e+08,1.0147045450e+04,3.1111643064e+03,1.3833852941e+03,1.3833852941e+00,6.9395849017e+16,6.9395849017e+16,2.0750779412e+03,4.1501558823e+03,False,False,1.0000000000e+00,0,1.0000000000e+00,2.0000000000e+00,1.9200239401e+20,1.9200239401e+17,8.0470918489e-01,1.1380306430e+00,1.1380306430e+00,1.6094183698e+00,8.0470918489e-04,1.1380306430e-03,1.1380306430e-03,1.6094183698e-03,2.6842209116e-09,3.7960616175e-09,0,0.0000000000e+00,inf,7.4957925398e+20,2.3752733224e+13,1.4991585080e+21,4.7505466447e+13,6.7452999803e-21,6.8759428953e-22,-6.4755687225e-01,2025-11-22T13:30:24.721365,1.6180339887e+00
Star_0174,4.8156496270e-01,9.5783271081e+29,3.0857000000e+19,3.0857000000e+16,2.0626336898e+08,3.2614945566e+03,1.0000000000e+03,1.4226038443e+03,1.4226038443e+00,2.1690507954e+16,2.1690507954e+16,2.1339057664e+03,4.2678115329e+03,False,False,1.0000000000e+00,0,1.0000000000e+00,2.0000000000e+00,6.1714000000e+19,6.1714000000e+16,1.4393646877e+00,2.0355690625e+00,2.0355690625e+00,2.8787293754e+00,1.4393646877e-03,2.0355690625e-03,2.0355690625e-03,2.8787293754e-03,4.8012037971e-09,6.7899275255e-09,0,0.0000000000e+00,inf,1.3469848933e+20,4.2683375583e+12,2.6939697866e+20,8.5366751165e+12,6.7141028102e-20,6.8441414987e-21,-2.0717707041e+00,2025-11-22T13:30:24.721365,1.6180339887e+00
Star_0175,5.9897372050e-01,1.1913587301e+30,2.4800509786e+19,2.4800509786e+16,1.6577880873e+08,2.6213412733e+03,8.0372394550e+02,1.7694441735e+03,1.7694441735e+00,1.4015988838e+16,1.4015988838e+16,2.6541662603e+03,5.3083325205e+03,False,False,1.0000000000e+00,0,1.0000000000e+00,2.0000000000e+00,4.9601019572e+19,4.9601019572e+16,1.7905804300e+00,2.5322631287e+00,2.5322631287e+00,3.5811608601e+00,1.7905804300e-03,2.5322631287e-03,2.5322631287e-03,3.5811608601e-03,5.9727334103e-09,8.4467205932e-09,0,2.2204460493e-16,inf,8.7025523168e+19,2.7576724202e+12,1.7405104634e+20,5.5153448405e+12,1.2927872467e-19,1.3178259396e-20,-3.2061782764e+00,2025-11-22T13:30:24.721365,1.6180339887e+00
Star_0176,3.9686874910e-01,7.8937194196e+29,1.5974759500e+19,1.5974759500e+16,1.0678315174e+08,1.6884853081e+03,5.1770293612e+02,1.1724005106e+03,1.1724005106e+00,1.3625684530e+16,1.3625684530e+16,1.7586007659e+03,3.5172015318e+03,False,False,1.0000000000e+00,0,1.0000000000e+00,2.0000000000e+00,3.1949519000e+19,3.1949519000e+16,1.8160447261e+00,2.5682750816e+00,2.5682750816e+00,3.6320894523e+00,1.8160447261e-03,2.5682750816e-03,2.5682750816e-03,3.6320894523e-03,6.0576731591e-09,8.5668435380e-09,0,2.2204460493e-16,inf,5.5269769919e+19,1.7513933227e+12,1.1053953984e+20,3.5027866453e+12,2.0645183718e-19,2.1045039468e-20,-3.2980184473e+00,2025-11-22T13:30:24.721864,1.6180339887e+00
Star_0177,1.6373540575e+00,3.2566972204e+30,1.0779411287e+20,1.0779411287e+17,7.2054888279e+08,1.1393522129e+04,3.4933439046e+03,4.8369511013e+03,4.8369511013e+00,2.2285549431e+16,2.2285549431e+16,7.2554266519e+03,1.4510853304e+04,False,False,1.0000000000e+00,0,1.0000000000e+00,2.0000000000e+00,2.1558822573e+20,2.1558822573e+17,1.4200185975e+00,2.0082095595e+00,2.0082095595e+00,2.8400371951e+00,1.4200185975e-03,2.0082095595e-03,2.0082095595e-03,2.8400371951e-03,4.7366721865e-09,6.6986660467e-09,0,0.0000000000e+00,inf,4.7695881401e+20,1.5113912782e+13,9.5391762802e+20,3.0227825564e+13,1.8706520827e-20,1.9068828570e-21,-2.0164528173e+00,2025-11-22T13:30:24.721864,1.6180339887e+00
Star_0178,2.3930977450e-01,4.7598714148e+29,3.3097178182e+19,3.3097178182e+16,2.2123782207e+08,3.4982748317e+03,1.0725987031e+03,7.0695135973e+02,7.0695135973e-01,4.6816768547e+16,4.6816768547e+16,1.0604270396e+03,2.1208540792e+03,False,False,1.0000000000e+00,0,1.0000000000e+00,2.0000000000e+00,6.6194356365e+19,6.6194356365e+16,9.7972679999e-01,1.3855429280e+00,1.3855429280e+00,1.9594536000e+00,9.7972679999e-04,1.3855429280e-03,1.3855429280e-03,1.9594536000e-03,3.2680168358e-09,4.6216737313e-09,0,0.0000000000e+00,inf,2.1225887019e+20,6.7260777180e+12,4.2451774039e+20,1.3452155436e+13,2.9001403000e-20,2.9563101937e-21,-9.5986460262e-01,2025-11-22T13:30:24.721864,1.6180339887e+00
Star_0179,4.2105330256e+01,8.3747501879e+31,1.2954257696e+20,1.2954257696e+17,8.6592631659e+08,1.3692271109e+04,4.1981585041e+03,1.2438447422e+05,1.2438447422e+02,1.0414690240e+15,1.0414690240e+15,1.8657671133e+05,3.7315342265e+05,False,False,1.0000000000e+00,0,1.0000000000e+00,2.0000000000e+00,2.5908515392e+20,2.5908515392e+17,6.5687468693e+00,9.2896109104e+00,9.2896109104e+00,1.3137493739e+01,6.5687468693e-03,9.2896109104e-03,9.2896109104e-03,1.3137493739e-02,2.1910981061e-08,3.0986806581e-08,0,6.6613381478e-16,inf,1.2391100349e+20,3.9265027596e+12,2.4782200697e+20,7.8530055192e+12,3.3308304069e-19,3.3953419030e-20,-4.3148435433e+01,2025-11-22T13:30:24.721864,1.6180339887e+00
Star_0180,1.3860084331e+00,2.7567707734e+30,3.4482270219e+19,3.4482270219e+16,2.3049645868e+08,3.6446750046e+03,1.1174861529e+03,4.0944443178e+03,4.0944443178e+00,8.4217216166e+15,8.4217216166e+15,6.1416664766e+03,1.2283332953e+04,False,False,1.0000000000e+00,0,1.0000000000e+00,2.0000000000e+00,6.8964540438e+19,6.8964540438e+16,2.3099642804e+00,3.2667828139e+00,3.2667828139e+00,4.6199285607e+00,2.3099642804e-03,3.2667828139e-03,3.2667828139e-03,4.6199285607e-03,7.7052114512e-09,1.0896814535e-08,0,2.2204460493e-16,inf,9.3793005995e+19,2.9721210103e+12,1.8758601199e+20,5.9442420206e+12,1.5474430606e-19,1.5774139252e-20,-5.3359349766e+00,2025-11-22T13:30:24.721864,1.6180339887e+00
Star_0181,2.4843021660e-01,4.9412770082e+29,7.8542298464e+19,7.8542298464e+16,5.2501536407e+08,8.3016909908e+03,2.5453640491e+03,7.3389429994e+02,7.3389429994e-01,1.0702126787e+17,1.0702126787e+17,1.1008414499e+03,2.2016828998e+03,False,False,1.0000000000e+00,0,1.0000000000e+00,2.0000000000e+00,1.5708459693e+20,1.5708459693e+17,6.4799351452e-01,9.1640121657e-01,9.1640121657e-01,1.2959870290e+00,6.4799351452e-04,9.1640121657e-04,9.1640121657e-04,1.2959870290e-03,2.1614737037e-09,3.0567854264e-09,0,0.0000000000e+00,inf,7.6157523901e+20,2.4132863051e+13,1.5231504780e+21,4.8265726102e+13,5.3461078053e-21,5.4496511777e-22,-4.1989559486e-01,2025-11-22T13:30:24.721864,1.6180339887e+00
Star_0182,4.0499983170e-01,8.0554466525e+29,1.1428827962e+20,1.1428827962e+17,7.6395908839e+08,1.2079936542e+04,3.7038039869e+03,1.1964207576e+03,1.1964207576e+00,9.5525156092e+16,9.5525156092e+16,1.7946311364e+03,3.5892622729e+03,False,False,1.0000000000e+00,0,1.0000000000e+00,2.0000000000e+00,2.2857655925e+20,2.2857655925e+17,6.8587792782e-01,9.6997786765e-01,9.6997786765e-01,1.3717558556e+00,6.8587792782e-04,9.6997786765e-04,9.6997786765e-04,1.3717558556e-03,2.2878425041e-09,3.2354978979e-09,0,0.0000000000e+00,inf,1.0469712032e+21,3.3176515424e+13,2.0939424063e+21,6.6353030849e+13,4.1161572597e-21,4.1958789600e-22,-4.7042853187e-01,2025-11-22T13:30:24.722365,1.6180339887e+00
Star_0183,3.1994773490e-01,6.3637604472e+29,3.0808256088e+19,3.0808256088e+16,2.0593754069e+08,3.2563424678e+03,9.9842032887e+02,9.4516609990e+02,9.4516609990e-01,3.2595599960e+16,3.2595599960e+16,1.4177491498e+03,2.8354982997e+03,False,False,1.0000000000e+00,0,1.0000000000e+00,2.0000000000e+00,6.1616512176e+19,6.1616512176e+16,1.1741571188e+00,1.6605089217e+00,1.6605089217e+00,2.3483142376e+00,1.1741571188e-03,1.6605089217e-03,1.6605089217e-03,2.3483142376e-03,3.9165665694e-09,5.5388615605e-09,0,0.0000000000e+00,inf,1.6486207757e+20,5.2241639911e+12,3.2972415513e+20,1.0448327982e+13,4.4749204098e-20,4.5615906318e-21,-1.3786449396e+00,2025-11-22T13:30:24.722365,1.6180339887e+00
Star_0184,3.1226019180e-01,6.2108552149e+29,4.6443356017e+19,4.6443356017e+16,3.1045024076e+08,4.9089267538e+03,1.5051157279e+03,9.2245612468e+02,9.2245612468e-01,5.0347495967e+16,5.0347495967e+16,1.3836841870e+03,2.7673683740e+03,False,False,1.0000000000e+00,0,1.0000000000e+00,2.0000000000e+00,9.2886712035e+19,9.2886712035e+16,9.4474970983e-01,1.3360778527e+00,1.3360778527e+00,1.8894994197e+00,9.4474970983e-04,1.3360778527e-03,1.3360778527e-03,1.8894994197e-03,3.1513458215e-09,4.4566760005e-09,0,0.0000000000e+00,inf,3.0887780023e+20,9.7877468576e+12,6.1775560047e+20,1.9575493715e+13,1.9218077477e-20,1.9590293045e-21,-8.9255201423e-01,2025-11-22T13:30:24.722365,1.6180339887e+00
Star_0185,1.9567652534e+00,3.8920060890e+30,9.9006763268e+18,9.9006763268e+15,6.6180991489e+07,1.0464725005e+03,3.2085673678e+02,5.7805321971e+03,5.7805321971e+00,1.7127620761e+15,1.7127620761e+15,8.6707982956e+03,1.7341596591e+04,False,False,1.0000000000e+00,0,1.0000000000e+00,2.0000000000e+00,1.9801352654e+19,1.9801352654e+16,5.1222077154e+00,7.2438956204e+00,7.2438956204e+00,1.0244415431e+01,5.1222077154e-03,7.2438956204e-03,7.2438956204e-03,1.0244415431e-02,1.7085845820e-08,2.4163034883e-08,0,4.4408920985e-16,inf,1.2144721082e+19,3.8484298813e+11,2.4289442164e+19,7.6968597625e+11,2.6500221816e-18,2.7013477896e-19,-2.6237011879e+01,2025-11-22T13:30:24.722365,1.6180339887e+00
Star_0186,4.4576937950e-01,8.8663529583e+29,2.4312207294e+19,2.4312207294e+16,1.6251475464e+08,2.5697291295e+03,7.8789925444e+02,1.3168591614e+03,1.3168591614e+00,1.8462268409e+16,1.8462268409e+16,1.9752887421e+03,3.9505774842e+03,False,False,1.0000000000e+00,0,1.0000000000e+00,2.0000000000e+00,4.8624414589e+19,4.8624414589e+16,1.5601385741e+00,2.2063691307e+00,2.2063691307e+00,3.1202771482e+00,1.5601385741e-03,2.2063691307e-03,2.2063691307e-03,3.1202771482e-03,5.2040621185e-09,7.3596552274e-09,0,0.0000000000e+00,inf,9.7913163736e+19,3.1026809306e+12,1.9582632747e+20,6.2053618613e+12,1.0011564729e-19,1.0205468633e-20,-2.4340323704e+00,2025-11-22T13:30:24.722365,1.6180339887e+00
Star_0187,1.7230630936e+00,3.4271724932e+30,6.8636431367e+19,6.8636431367e+16,4.5879967491e+08,7.2546698411e+03,2.2243390922e+03,5.0901464408e+03,5.0901464408e+00,1.3484176175e+16,1.3484176175e+16,7.6352196613e+03,1.5270439323e+04,False,False,1.0000000000e+00,0,1.0000000000e+00,2.0000000000e+00,1.3727286273e+20,1.3727286273e+17,1.8255490067e+00,2.5817161641e+00,2.5817161641e+00,3.6510980135e+00,1.8255490067e-03,2.5817161641e-03,2.5817161641e-03,3.6510980135e-03,6.0893760268e-09,8.6116781634e-09,0,2.2204460493e-16,inf,2.3623327312e+20,7.4857807032e+12,4.7246654624e+20,1.4971561406e+13,4.8554814254e-20,4.9495223500e-21,-3.3326291760e+00,2025-11-22T13:30:24.722365,1.6180339887e+00
Star_0188,2.3797203640e-01,4.7332638040e+29,2.5245689170e+19,2.5245689170e+16,1.6875460675e+08,2.6683954307e+03,8.1815112194e+02,7.0299951209e+02,7.0299951209e-01,3.5911389319e+16,3.5911389319e+16,1.0544992681e+03,2.1089985363e+03,False,False,1.0000000000e+00,0,1.0000000000e+00,2.0000000000e+00,5.0491378340e+19,5.0491378340e+16,1.1186380858e+00,1.5819931524e+00,1.5819931524e+00,2.2372761717e+00,1.1186380858e-03,1.5819931524e-03,1.5819931524e-03,2.2372761717e-03,3.7313750096e-09,5.2769611449e-09,0,0.0000000000e+00,inf,1.4180041362e+20,4.4933839588e+12,2.8360082723e+20,8.9867679175e+12,4.9566924424e-20,5.0526936212e-21,-1.2513511671e+00,2025-11-22T13:30:24.722865,1.6180339887e+00
Star_0189,1.9601017980e-01,3.8986424762e+29,1.3975562639e+19,1.3975562639e+16,9.3419536357e+07,1.4771760532e+03,4.5291384901e+02,5.7903887721e+02,5.7903887721e-01,2.4135793276e+16,2.4135793276e+16,8.6855831581e+02,1.7371166316e+03,False,False,1.0000000000e+00,0,1.0000000000e+00,2.0000000000e+00,2.7951125278e+19,2.7951125278e+16,1.3645043244e+00,1.9297005215e+00,1.9297005215e+00,2.7290086488e+00,1.3645043244e-03,1.9297005215e-03,1.9297005215e-03,2.7290086488e-03,4.5514965036e-09,6.4367880845e-09,0,0.0000000000e+00,inf,6.4353808385e+19,2.0392491313e+12,1.2870761677e+20,4.0784982625e+12,1.3322340570e-19,1.3580367553e-20,-1.8618720513e+00,2025-11-22T13:30:24.722865,1.6180339887e+00
Star_0190,3.0835460530e-01,6.1331730994e+29,5.1596776767e+19,5.1596776767e+16,3.4489824042e+08,5.4536282388e+03,1.6721255069e+03,9.1091852789e+02,9.1091852789e-01,5.6642581293e+16,5.6642581293e+16,1.3663777918e+03,2.7327555837e+03,False,False,1.0000000000e+00,0,1.0000000000e+00,2.0000000000e+00,1.0319355353e+20,1.0319355353e+17,8.9070560817e-01,1.2596479512e+00,1.2596479512e+00,1.7814112163e+00,8.9070560817e-04,1.2596479512e-03,1.2596479512e-03,1.7814112163e-03,2.9710741028e-09,4.2017332910e-09,0,0.0000000000e+00,inf,3.6397223360e+20,1.1533584100e+13,7.2794446719e+20,2.3067168200e+13,1.5376086068e-20,1.5673889978e-21,-7.9335648043e-01,2025-11-22T13:30:24.722865,1.6180339887e+00
Star_0191,3.5232667270e-01,7.0077775200e+29,2.9981848405e+19,2.9981848405e+16,2.0041342517e+08,3.1689935953e+03,9.7163847443e+02,1.0408175799e+03,1.0408175799e+00,2.8806054956e+16,2.8806054956e+16,1.5612263698e+03,3.1224527396e+03,False,False,1.0000000000e+00,0,1.0000000000e+00,2.0000000000e+00,5.9963696811e+19,5.9963696811e+16,1.2490039523e+00,1.7663583288e+00,1.7663583288e+00,2.4980079046e+00,1.2490039523e-03,1.7663583288e-03,1.7663583288e-03,2.4980079046e-03,4.1662287325e-09,5.8919371775e-09,0,0.0000000000e+00,inf,1.5082539093e+20,4.7793682324e+12,3.0165078186e+20,9.5587364648e+12,5.2031844461e-20,5.3039596801e-21,-1.5600108729e+00,2025-11-22T13:30:24.722865,1.6180339887e+00
Star_0192,1.7719080515e+00,3.5243251144e+30,1.3598353417e+19,1.3598353417e+16,9.0898084337e+07,1.4373061428e+03,4.4068941948e+02,5.2344406281e+03,5.2344406281e+00,2.5978618124e+15,2.5978618124e+15,7.8516609421e+03,1.5703321884e+04,False,False,1.0000000000e+00,0,1.0000000000e+00,2.0000000000e+00,2.7196706834e+19,2.7196706834e+16,4.1590839071e+00,5.8818328685e+00,5.8818328685e+00,8.3181678143e+00,4.1590839071e-03,5.8818328685e-03,5.8818328685e-03,8.3181678143e-03,1.3873210603e-08,1.9619682589e-08,0,2.2204460493e-16,inf,2.0543219685e+19,6.5097534935e+11,4.1086439369e+19,1.3019506987e+12,1.2720642284e-18,1.2967015580e-19,-1.7297978947e+01,2025-11-22T13:30:24.722865,1.6180339887e+00
Star_0193,1.6684200990e+00,3.3184875769e+30,1.0589680104e+19,1.0589680104e+16,7.0786631710e+07,1.1192981824e+03,3.4318566626e+02,4.9287241194e+03,4.9287241194e+00,2.1485641816e+15,2.1485641816e+15,7.3930861792e+03,1.4786172358e+04,False,False,1.0000000000e+00,0,1.0000000000e+00,2.0000000000e+00,2.1179360208e+19,2.1179360208e+16,4.5733194621e+00,6.4676504083e+00,6.4676504083e+00,9.1466389242e+00,4.5733194621e-03,6.4676504083e-03,6.4676504083e-03,9.1466389242e-03,1.5254951684e-08,2.1573759565e-08,0,2.2204460493e-16,inf,1.4548933873e+19,4.6102789418e+11,2.9097867747e+19,9.2205578837e+11,1.9750597466e-18,2.0133126876e-19,-2.0915250902e+01,2025-11-22T13:30:24.722865,1.6180339887e+00
Star_0194,4.8011985010e-01,9.5495838185e+29,2.3088947320e+19,2.3088947320e+16,1.5433788316e+08,2.4404341317e+03,7.4825638656e+02,1.4183347988e+03,1.4183347988e+00,1.6278911961e+16,1.6278911961e+16,2.1275021982e+03,4.2550043964e+03,False,False,1.0000000000e+00,0,1.0000000000e+00,2.0000000000e+00,4.6177894640e+19,4.6177894640e+16,1.6614719662e+00,2.3496761881e+00,2.3496761881e+00,3.3229439324e+00,1.6614719662e-03,2.3496761881e-03,2.3496761881e-03,3.3229439324e-03,5.5420739310e-09,7.8376761169e-09,0,2.2204460493e-16,inf,8.7315427231e+19,2.7668589256e+12,1.7463085446e+20,5.5337178512e+12,1.1955889786e-19,1.2187451362e-20,-2.7604890945e+00,2025-11-22T13:30:24.722865,1.6180339887e+00
Star_0195,3.2933474500e-01,6.5504680780e+29,2.3287082553e+19,2.3287082553e+16,1.5566231653e+08,2.4613764457e+03,7.5467746549e+02,9.7289651571e+02,9.7289651571e-01,2.3935826860e+16,2.3935826860e+16,1.4593447736e+03,2.9186895471e+03,False,False,1.0000000000e+00,0,1.0000000000e+00,2.0000000000e+00,4.6574165106e+19,4.6574165106e+16,1.3701921900e+00,1.9377443781e+00,1.9377443781e+00,2.7403843799e+00,1.3701921900e-03,1.9377443781e-03,1.9377443781e-03,2.7403843799e-03,4.5704691810e-09,6.4636195021e-09,0,0.0000000000e+00,inf,1.0678578962e+20,3.3838374789e+12,2.1357157925e+20,6.7676749578e+12,8.0620946536e-20,8.2182412371e-21,-1.8774266375e+00,2025-11-22T13:30:24.722865,1.6180339887e+00
Star_0196,1.7262149555e+00,3.4334415465e+30,1.5877406191e+19,1.5877406191e+16,1.0613239432e+08,1.6781953484e+03,5.1454795317e+02,5.0994574398e+03,5.0994574398e+00,3.1135481330e+15,3.1135481330e+15,7.6491861597e+03,1.5298372319e+04,False,False,1.0000000000e+00,0,1.0000000000e+00,2.0000000000e+00,3.1754812382e+19,3.1754812382e+16,3.7990754006e+00,5.3727039559e+00,5.3727039559e+00,7.5981508011e+00,3.7990754006e-03,5.3727039559e-03,5.3727039559e-03,7.5981508011e-03,1.2672351486e-08,1.7921411338e-08,0,2.2204460493e-16,inf,2.6259201194e+19,8.3210387336e+11,5.2518402388e+19,1.6642077467e+12,9.0902592814e-19,9.2663193490e-20,-1.4432973899e+01,2025-11-22T13:30:24.722865,1.6180339887e+00
Star_0197,3.9497745910e-01,7.8561016615e+29,1.6329521589e+19,1.6329521589e+16,1.0915455608e+08,1.7259826223e+03,5.2919990891e+02,1.1668134006e+03,1.1668134006e+00,1.3994972616e+16,1.3994972616e+16,1.7502201009e+03,3.5004402017e+03,False,False,1.0000000000e+00,0,1.0000000000e+00,2.0000000000e+00,3.2659043178e+19,3.2659043178e+16,1.7919243812e+00,2.5341637626e+00,2.5341637626e+00,3.5838487624e+00,1.7919243812e-03,2.5341637626e-03,2.5341637626e-03,3.5838487624e-03,5.9772163488e-09,8.4530604257e-09,0,2.2204460493e-16,inf,5.7257667343e+19,1.8143859908e+12,1.1451533469e+20,3.6287719816e+12,1.9663729708e-19,2.0044576665e-20,-3.2109929879e+00,2025-11-22T13:30:24.722865,1.6180339887e+00
Star_0198,1.8731040630e-01,3.7256039813e+29,3.7641539214e+18,3.7641539214e+15,2.5161456694e+07,3.9786004877e+02,1.2198703443e+02,5.5333864529e+02,5.5333864529e-01,6.8026225051e+15,6.8026225051e+15,8.3000796793e+02,1.6600159359e+03,False,False,1.0000000000e+00,0,1.0000000000e+00,2.0000000000e+00,7.5283078428e+18,7.5283078428e+15,2.5702035514e+00,3.6348167204e+00,3.6348167204e+00,5.1404071027e+00,2.5702035514e-03,3.6348167204e-03,3.6348167204e-03,5.1404071027e-03,8.5732762208e-09,1.2124443505e-08,0,2.2204460493e-16,inf,9.2019469043e+18,2.9159210156e+11,1.8403893809e+19,5.8318420313e+11,1.7549617878e-18,1.7889518734e-19,-6.6059462954e+00,2025-11-22T13:30:24.722865,1.6180339887e+00
Star_0199,1.3999175450e-01,2.7844359970e+29,6.9249895309e+19,6.9249895309e+16,4.6290036971e+08,7.3195111837e+03,2.2442199601e+03,4.1355335946e+02,4.1355335946e-01,1.6745093160e+17,1.6745093160e+17,6.2033003919e+02,1.2406600784e+03,False,False,1.0000000000e+00,0,1.0000000000e+00,2.0000000000e+00,1.3849979062e+20,1.3849979062e+17,5.1803836149e-01,7.3261687665e-01,7.3261687665e-01,1.0360767230e+00,5.1803836149e-04,7.3261687665e-04,7.3261687665e-04,1.0360767230e-03,1.7279899733e-09,2.4437468559e-09,0,0.0000000000e+00,inf,8.3991834790e+20,2.6615406365e+13,1.6798366958e+21,5.3230812730e+13,3.8752945802e-21,3.9503512541e-22,-2.6836374397e-01,2025-11-22T13:30:24.722865,1.6180339887e+00
Star_0200,1.6151968462e+00,3.2126265271e+30,2.5663269616e+19,2.5663269616e+16,1.7154591990e+08,2.7125324613e+03,8.3168388425e+02,4.7714958950e+03,4.7714958950e+00,5.3784536718e+15,5.3784536718e+15,7.1572438425e+03,1.4314487685e+04,False,False,1.0000000000e+00,0,1.0000000000e+00,2.0000000000e+00,5.1326539233e+19,5.1326539233e+16,2.8905267246e+00,4.0878220964e+00,4.0878220964e+00,5.7810534493e+00,2.8905267246e-03,4.0878220964e-03,4.0878220964e-03,5.7810534493e-03,9.6417593155e-09,1.3635506789e-08,0,2.2204460493e-16,inf,5.5784669698e+19,1.7677095121e+12,1.1156933940e+20,3.5354190241e+12,3.2556820977e-19,3.3187381220e-20,-8.3551447459e+00,2025-11-22T13:30:24.723871,1.6180339887e+00
Star_0201,3.6915066500e-01,7.3424067268e+29,1.4940007693e+18,1.4940007693e+15,9.9866361585e+06,1.5791150717e+02,4.8416915751e+01,1.0905177823e+03,1.0905177823e+00,1.3699921208e+15,1.3699921208e+15,1.6357766734e+03,3.2715533469e+03,False,False,1.0000000000e+00,0,1.0000000000e+00,2.0000000000e+00,2.9880015386e+18,2.9880015386e+15,5.7272569826e+00,8.0995645000e+00,8.0995645000e+00,1.1454513965e+01,5.7272569826e-03,8.0995645000e-03,8.0995645000e-03,1.1454513965e-02,1.9104072934e-08,2.7017239040e-08,0,4.4408920985e-16,inf,1.6390191170e+18,5.1937381709e+10,3.2780382341e+18,1.0387476342e+11,2.1955458939e-17,2.2380692088e-18,-3.2801472545e+01,2025-11-22T13:30:24.723871,1.6180339887e+00
Star_0202,1.8070170080e-01,3.5941568289e+29,7.6900816100e+19,7.6900816100e+16,5.1404288837e+08,8.1281911109e+03,2.4921676151e+03,5.3381569288e+02,5.3381569288e-01,1.4405873999e+17,1.4405873999e+17,8.0072353932e+02,1.6014470786e+03,False,False,1.0000000000e+00,0,1.0000000000e+00,2.0000000000e+00,1.5380163220e+20,1.5380163220e+17,5.5851636027e-01,7.8986141150e-01,7.8986141150e-01,1.1170327205e+00,5.5851636027e-04,7.8986141150e-04,7.8986141150e-04,1.1170327205e-03,1.8630100437e-09,2.6346940706e-09,0,0.0000000000e+00,inf,8.6511714285e+20,2.7413907992e+13,1.7302342857e+21,5.4827815984e+13,4.0564007056e-21,4.1349650413e-22,-3.1194052469e-01,2025-11-22T13:30:24.723871,1.6180339887e+00
Star_0203,2.1186834700e-01,4.2140614218e+29,5.8718691107e+19,5.8718691107e+16,3.9250461970e+08,6.2063937329e+03,1.9029293550e+03,6.2588591005e+02,6.2588591005e-01,9.3816924402e+16,9.3816924402e+16,9.3882886507e+02,1.8776577301e+03,False,False,1.0000000000e+00,0,1.0000000000e+00,2.0000000000e+00,1.1743738221e+20,1.1743738221e+17,6.9209404016e-01,9.7876877803e-01,9.7876877803e-01,1.3841880803e+00,6.9209404016e-04,9.7876877803e-04,9.7876877803e-04,1.3841880803e-03,2.3085772230e-09,3.2648212185e-09,0,0.0000000000e+00,inf,5.3307844861e+20,1.6892236691e+13,1.0661568972e+21,3.3784473383e+13,8.1574393330e-21,8.3154325515e-22,-4.7899416042e-01,2025-11-22T13:30:24.723871,1.6180339887e+00
Star_0204,3.4690575790e-01,6.8999555246e+29,1.5439592828e+20,1.5439592828e+17,1.0320583441e+09,1.6319197577e+04,5.0035949145e+03,1.0248035115e+03,1.0248035115e+00,1.5065905468e+17,1.5065905468e+17,1.5372052673e+03,3.0744105345e+03,False,False,1.0000000000e+00,0,1.0000000000e+00,2.0000000000e+00,3.0879185655e+20,3.0879185655e+17,5.4614515599e-01,7.7236588662e-01,7.7236588662e-01,1.0922903120e+00,5.4614515599e-04,7.7236588662e-04,7.7236588662e-04,1.0922903120e-03,1.8217441480e-09,2.5763352813e-09,0,0.0000000000e+00,inf,1.7762644553e+21,5.6286424041e+13,3.5525289106e+21,1.1257284808e+14,1.9318808128e-21,1.9692974646e-22,-2.9827453141e-01,2025-11-22T13:30:24.723871,1.6180339887e+00
Star_0205,4.1631941870e-01,8.2805932379e+29,1.3543574022e+20,1.3543574022e+17,9.0531911913e+08,1.4315161211e+04,4.3891415310e+03,1.2298602502e+03,1.2298602502e+00,1.1012286982e+17,1.1012286982e+17,1.8447903753e+03,3.6895807505e+03,False,False,1.0000000000e+00,0,1.0000000000e+00,2.0000000000e+00,2.7087148044e+20,2.7087148044e+17,6.3880299667e-01,9.0340386157e-01,9.0340386157e-01,1.2776059933e+00,6.3880299667e-04,9.0340386157e-04,9.0340386157e-04,1.2776059933e-03,2.1308174359e-09,3.0134309168e-09,0,0.0000000000e+00,inf,1.3321287744e+21,4.2212613582e+13,2.6642575488e+21,8.4425227165e+13,3.0130102134e-21,3.0713661707e-22,-4.0806926855e-01,2025-11-22T13:30:24.723871,1.6180339887e+00
Star_0206,1.8200026374e+00,3.6199852458e+30,1.9424295563e+19,1.9424295563e+16,1.2984154788e+08,2.0530911703e+03,6.2949397422e+02,5.3765181214e+03,5.3765181214e+00,3.6128020261e+15,3.6128020261e+15,8.0647771821e+03,1.6129554364e+04,False,False,1.0000000000e+00,0,1.0000000000e+00,2.0000000000e+00,3.8848591125e+19,3.8848591125e+16,3.5268226657e+00,4.9876804459e+00,4.9876804459e+00,7.0536453314e+00,3.5268226657e-03,4.9876804459e-03,4.9876804459e-03,7.0536453314e-03,1.1764214114e-08,1.6637111151e-08,0,2.2204460493e-16,inf,3.4605212694e+19,1.0965730187e+12,6.9210425388e+19,2.1931460373e+12,6.4035671591e-19,6.5275913956e-20,-1.2438478115e+01,2025-11-22T13:30:24.724377,1.6180339887e+00
Star_0207,4.6597515240e-01,9.2682457812e+29,1.2777416440e+18,1.2777416440e+15,8.5410537702e+06,1.3505355079e+02,4.1408485725e+01,1.3765495717e+03,1.3765495717e+00,9.2822058159e+14,9.2822058159e+14,2.0648243576e+03,4.1296487151e+03,False,False,1.0000000000e+00,0,1.0000000000e+00,2.0000000000e+00,2.5554832881e+18,2.5554832881e+15,6.9579308480e+00,9.8400001713e+00,9.8400001713e+00,1.3915861696e+01,6.9579308480e-03,9.8400001713e-03,9.8400001713e-03,1.3915861696e-02,2.3209159078e-08,3.2822707539e-08,0,6.6613381478e-16,inf,1.1538326119e+18,3.6562749130e+10,2.3076652239e+18,7.3125498260e+10,3.7889351037e-17,3.8623191679e-18,-4.8412801686e+01,2025-11-22T13:30:24.724377,1.6180339887e+00
Star_0208,3.2047468170e-01,6.3742414190e+29,1.1766142001e+20,1.1766142001e+17,7.8650681827e+08,1.2436467605e+04,3.8131192279e+03,9.4672276743e+02,9.4672276743e-01,1.2428286724e+17,1.2428286724e+17,1.4200841511e+03,2.8401683023e+03,False,False,1.0000000000e+00,0,1.0000000000e+00,2.0000000000e+00,2.3532284003e+20,2.3532284003e+17,6.0131228001e-01,8.5038398162e-01,8.5038398162e-01,1.2026245600e+00,6.0131228001e-04,8.5038398162e-04,8.5038398162e-04,1.2026245600e-03,2.0057618661e-09,2.8365756340e-09,0,0.0000000000e+00,inf,1.2294585194e+21,3.8959189525e+13,2.4589170387e+21,7.7918379050e+13,3.0730247693e-21,3.1325430880e-22,-3.6157645809e-01,2025-11-22T13:30:24.724377,1.6180339887e+00
Star_0209,4.0199500290e-01,7.9956806077e+29,3.0629753845e+19,3.0629753845e+16,2.0474434388e+08,3.2374753033e+03,9.9263550717e+02,1.1875441131e+03,1.1875441131e+00,2.5792518785e+16,2.5792518785e+16,1.7813161696e+03,3.5626323392e+03,False,False,1.0000000000e+00,0,1.0000000000e+00,2.0000000000e+00,6.1259507690e+19,6.1259507690e+16,1.3199540939e+00,1.8666969813e+00,1.8666969813e+00,2.6399081878e+00,1.3199540939e-03,1.8666969813e-03,1.8666969813e-03,2.6399081878e-03,4.4028929304e-09,6.2266308958e-09,0,0.0000000000e+00,inf,1.4580235798e+20,4.6201979232e+12,2.9160471597e+20,9.2403958465e+12,5.6881907013e-20,5.7983595324e-21,-1.7422788100e+00,2025-11-22T13:30:24.724377,1.6180339887e+00
Star_0210,1.8561857671e+00,3.6919534908e+30,8.7778261622e+18,8.7778261622e+15,5.8675308571e+07,9.2779052554e+02,2.8446790557e+02,5.4834076657e+03,5.4834076657e+00,1.6007976604e+15,1.6007976604e+15,8.2251114986e+03,1.6450222997e+04,False,False,1.0000000000e+00,0,1.0000000000e+00,2.0000000000e+00,1.7555652324e+19,1.7555652324e+16,5.2983114605e+00,7.4929439251e+00,7.4929439251e+00,1.0596622921e+01,5.2983114605e-03,7.4929439251e-03,7.4929439251e-03,1.0596622921e-02,1.7673264684e-08,2.4993770607e-08,0,4.4408920985e-16,inf,1.0409487774e+19,3.2985676269e+11,2.0818975548e+19,6.5971352537e+11,3.1980702071e-18,3.2600104048e-19,-2.8072104332e+01,2025-11-22T13:30:24.724377,1.6180339887e+00
Star_0211,4.1128316790e-01,8.1804222095e+29,3.8484378923e+19,3.8484378923e+16,2.5724852221e+08,4.0676861773e+03,1.2471847206e+03,1.2149825279e+03,1.2149825279e+00,3.1674841439e+16,3.1674841439e+16,1.8224737919e+03,3.6449475838e+03,False,False,1.0000000000e+00,0,1.0000000000e+00,2.0000000000e+00,7.6968757847e+19,7.6968757847e+16,1.1911007013e+00,1.6844707659e+00,1.6844707659e+00,2.3822014025e+00,1.1911007013e-03,1.6844707659e-03,1.6844707659e-03,2.3822014025e-03,3.9730842771e-09,5.6187896691e-09,0,0.0000000000e+00,inf,2.0300927029e+20,6.4329755841e+12,4.0601854058e+20,1.2865951168e+13,3.6864850629e-20,3.7578848755e-21,-1.4187208805e+00,2025-11-22T13:30:24.724377,1.6180339887e+00
Star_0212,7.2680163530e-01,1.4456084526e+30,6.2769549567e+19,6.2769549567e+16,4.1958255058e+08,6.6345576120e+03,2.0342077832e+03,2.1470640111e+03,2.1470640111e+00,2.9235062039e+16,2.9235062039e+16,3.2205960166e+03,6.4411920333e+03,False,False,1.0000000000e+00,0,1.0000000000e+00,2.0000000000e+00,1.2553909913e+20,1.2553909913e+17,1.2398058899e+00,1.7533503042e+00,1.7533503042e+00,2.4796117798e+00,1.2398058899e-03,1.7533503042e-03,1.7533503042e-03,2.4796117798e-03,4.1355472988e-09,5.8485470778e-09,0,0.0000000000e+00,inf,3.1810843519e+20,1.0080248029e+13,6.3621687039e+20,2.0160496058e+13,2.4488285406e-20,2.4962574318e-21,-1.5371186446e+00,2025-11-22T13:30:24.724877,1.6180339887e+00
Star_0213,4.2739118860e-01,8.5008107413e+29,2.0531626855e+19,2.0531626855e+16,1.3724349502e+08,2.1701328459e+03,6.6537987669e+02,1.2625676596e+03,1.2625676596e+00,1.6261803237e+16,1.6261803237e+16,1.8938514895e+03,3.7877029789e+03,False,False,1.0000000000e+00,0,1.0000000000e+00,2.0000000000e+00,4.1063253710e+19,4.1063253710e+16,1.6623457374e+00,2.3509118872e+00,2.3509118872e+00,3.3246914748e+00,1.6623457374e-03,2.3509118872e-03,2.3509118872e-03,3.3246914748e-03,5.5449885181e-09,7.8417979655e-09,0,2.2204460493e-16,inf,7.7603601516e+19,2.4591097395e+12,1.5520720303e+20,4.9182194790e+12,1.3459203064e-19,1.3719880799e-20,-2.7633933507e+00,2025-11-22T13:30:24.724877,1.6180339887e+00
Star_0214,3.6471697520e-01,7.2542206367e+29,1.5485965742e+20,1.5485965742e+17,1.0351581378e+09,1.6368212389e+04,5.0186232432e+03,1.0774201015e+03,1.0774201015e+00,1.4373191775e+17,1.4373191775e+17,1.6161301523e+03,3.2322603046e+03,False,False,1.0000000000e+00,0,1.0000000000e+00,2.0000000000e+00,3.0971931483e+20,3.0971931483e+17,5.5915098590e-01,7.9075890768e-01,7.9075890768e-01,1.1183019718e+00,5.5915098590e-04,7.9075890768e-04,7.9075890768e-04,1.1183019718e-03,1.8651269269e-09,2.6376877956e-09,0,0.0000000000e+00,inf,1.7401595431e+21,5.5142328412e+13,3.4803190862e+21,1.1028465682e+14,2.0189236516e-21,2.0580261484e-22,-3.1264982503e-01,2025-11-22T13:30:24.724877,1.6180339887e+00
Star_0215,1.2054138430e-01,2.3975681337e+29,1.0300628545e+20,1.0300628545e+17,6.8854468884e+08,1.0887462789e+04,3.3381821127e+03,3.5609450434e+02,3.5609450434e-01,2.8926670924e+17,2.8926670924e+17,5.3414175652e+02,1.0682835130e+03,False,False,1.0000000000e+00,0,1.0000000000e+00,2.0000000000e+00,2.0601257090e+20,2.0601257090e+17,3.9414541383e-01,5.5740578979e-01,5.5740578979e-01,7.8829082767e-01,3.9414541383e-04,5.5740578979e-04,5.5740578979e-04,7.8829082767e-04,1.3147275834e-09,1.8593055793e-09,0,0.0000000000e+00,inf,1.6420527972e+21,5.2033513233e+13,3.2841055944e+21,1.0406702647e+14,1.5081662888e-21,1.5373764411e-22,-1.5535060725e-01,2025-11-22T13:30:24.724877,1.6180339887e+00
Star_0216,2.4246600990e-01,4.8226489369e+29,2.9924237663e+19,2.9924237663e+16,2.0002832663e+08,3.1629043086e+03,9.6977145100e+02,7.1627527854e+02,7.1627527854e-01,4.1777565916e+16,4.1777565916e+16,1.0744129178e+03,2.1488258356e+03,False,False,1.0000000000e+00,0,1.0000000000e+00,2.0000000000e+00,5.9848475327e+19,5.9848475327e+16,1.0371322489e+00,1.4667264923e+00,1.4667264923e+00,2.0742644977e+00,1.0371322489e-03,1.4667264923e-03,1.4667264923e-03,2.0742644977e-03,3.4595008020e-09,4.8924729532e-09,0,0.0000000000e+00,inf,1.8128790289e+20,5.7446669863e+12,3.6257580578e+20,1.1489333973e+13,3.5945554027e-20,3.6641747224e-21,-1.0756433016e+00,2025-11-22T13:30:24.724877,1.6180339887e+00
Star_0217,1.7490262076e+00,3.4788131269e+30,4.1644729708e+18,4.1644729708e+15,2.7837386168e+07,4.4017260023e+02,1.3496039702e+02,5.1668447654e+03,5.1668447654e+00,8.0599924323e+14,8.0599924323e+14,7.7502671480e+03,1.5500534296e+04,False,False,1.0000000000e+00,0,1.0000000000e+00,2.0000000000e+00,8.3289459415e+18,8.3289459415e+15,7.4668665245e+00,1.0559743907e+01,1.0559743907e+01,1.4933733049e+01,7.4668665245e-03,1.0559743907e-02,1.0559743907e-02,1.4933733049e-02,2.4906785762e-08,3.5223514220e-08,0,6.6613381478e-16,inf,3.5043020116e+18,1.1104462987e+11,7.0086040232e+18,2.2208925974e+11,1.3388031592e-17,1.3647330878e-18,-5.5754095695e+01,2025-11-22T13:30:24.724877,1.6180339887e+00
Star_0218,2.6370864460e-01,5.2451649411e+29,4.8026842871e+19,4.8026842871e+16,3.2103504593e+08,5.0762966780e+03,1.5564326691e+03,7.7902870981e+02,7.7902870981e-01,6.1649644315e+16,6.1649644315e+16,1.1685430647e+03,2.3370861294e+03,False,False,1.0000000000e+00,0,1.0000000000e+00,2.0000000000e+00,9.6053685742e+19,9.6053685742e+16,8.5376907028e-01,1.2074117983e+00,1.2074117983e+00,1.7075381406e+00,8.5376907028e-04,1.2074117983e-03,1.2074117983e-03,1.7075381406e-03,2.8478670743e-09,4.0274922404e-09,0,0.0000000000e+00,inf,3.5344634045e+20,1.1200038674e+13,7.0689268089e+20,2.2400077347e+13,1.5177379602e-20,1.5471334967e-21,-7.2892162536e-01,2025-11-22T13:30:24.724877,1.6180339887e+00
Star_0219,1.0366497015e+00,2.0618962563e+30,2.7716059832e+19,2.7716059832e+16,1.8526777963e+08,2.9295063769e+03,8.9820980109e+02,3.0623944115e+03,3.0623944115e+00,9.0504540265e+15,9.0504540265e+15,4.5935916172e+03,9.1871832345e+03,False,False,1.0000000000e+00,0,1.0000000000e+00,2.0000000000e+00,5.5432119664e+19,5.5432119664e+16,2.2282838969e+00,3.1512693078e+00,3.1512693078e+00,4.4565677938e+00,2.2282838969e-03,3.1512693078e-03,3.1512693078e-03,4.4565677938e-03,7.4327550191e-09,1.0511502954e-08,0,2.2204460493e-16,inf,7.8152133197e+19,2.4764916596e+12,1.5630426639e+20,4.9529833192e+12,1.7914700557e-19,1.8261672331e-20,-4.9652491251e+00,2025-11-22T13:30:24.725381,1.6180339887e+00
Star_0220,2.5277162360e-01,5.0276275934e+29,2.9892790862e+19,2.9892790862e+16,1.9981812074e+08,3.1595804737e+03,9.6875233697e+02,7.4671936564e+02,7.4671936564e-01,4.0032162332e+16,4.0032162332e+16,1.1200790485e+03,2.2401580969e+03,False,False,1.0000000000e+00,0,1.0000000000e+00,2.0000000000e+00,5.9785581724e+19,5.9785581724e+16,1.0595005355e+00,1.4983600266e+00,1.4983600266e+00,2.1190010710e+00,1.0595005355e-03,1.4983600266e-03,1.4983600266e-03,2.1190010710e-03,3.5341133748e-09,4.9979910656e-09,0,0.0000000000e+00,inf,1.7727404380e+20,5.6174754671e+12,3.5454808760e+20,1.1234950934e+13,3.7552244281e-20,3.8279555842e-21,-1.1225413847e+00,2025-11-22T13:30:24.725381,1.6180339887e+00
Star_0221,2.2520235140e-01,4.4792747693e+29,5.3502677147e+19,5.3502677147e+16,3.5763821622e+08,5.6550763288e+03,1.7338910830e+03,6.6527624653e+02,6.6527624653e-01,8.0421745743e+16,8.0421745743e+16,9.9791436980e+02,1.9958287396e+03,False,False,1.0000000000e+00,0,1.0000000000e+00,2.0000000000e+00,1.0700535429e+20,1.0700535429e+17,7.4751335645e-01,1.0571435267e+00,1.0571435267e+00,1.4950267129e+00,7.4751335645e-04,1.0571435267e-03,1.0571435267e-03,1.4950267129e-03,2.4934361639e-09,3.5262512399e-09,0,0.0000000000e+00,inf,4.4971401788e+20,1.4250577290e+13,8.9942803575e+20,2.8501154579e+13,1.0443892677e-20,1.0646169905e-21,-5.5877621807e-01,2025-11-22T13:30:24.725381,1.6180339887e+00
Star_0222,1.2460068250e-01,2.4783075749e+29,1.5719031340e+20,1.5719031340e+17,1.0507373891e+09,1.6614555904e+04,5.0941541110e+03,3.6808618495e+02,3.6808618495e-01,4.2704757698e+17,4.2704757698e+17,5.5212927743e+02,1.1042585549e+03,False,False,1.0000000000e+00,0,1.0000000000e+00,2.0000000000e+00,3.1438062681e+20,3.1438062681e+17,3.2439008691e-01,4.5875686040e-01,4.5875686040e-01,6.4878017381e-01,3.2439008691e-04,4.5875686040e-04,4.5875686040e-04,6.4878017381e-04,1.0820488583e-09,1.5302481706e-09,0,0.0000000000e+00,inf,3.0446549000e+21,9.6479291835e+13,6.0893098000e+21,1.9295858367e+14,6.6943646974e-22,6.8240210983e-23,-1.0522892848e-01,2025-11-22T13:30:24.725381,1.6180339887e+00
Star_0223,2.4067862880e-01,4.7870979268e+29,2.0937931825e+17,2.0937931825e+14,1.3995943733e+06,2.2130780916e+01,6.7854722833e+00,7.1099512857e+02,7.1099512857e-01,2.9448769736e+14,2.9448769736e+14,1.0664926929e+03,2.1329853857e+03,False,False,1.0000000000e+00,0,1.0000000000e+00,2.0000000000e+00,4.1875863649e+17,4.1875863649e+14,1.2352991056e+01,1.7469767487e+01,1.7469767487e+01,2.4705982112e+01,1.2352991056e-02,1.7469767487e-02,1.7469767487e-02,2.4705982112e-02,4.1205142846e-08,5.8272871853e-08,0,1.7763568394e-15,inf,1.0649801737e+17,3.3747185263e+09,2.1299603473e+17,6.7494370527e+09,7.2880353853e-16,7.4291899952e-17,-1.5259638803e+02,2025-11-22T13:30:24.725381,1.6180339887e+00
Star_0224,2.9264346420e-01,5.8206785029e+29,8.7132379618e+18,8.7132379618e+15,5.8243569264e+07,9.2096374187e+02,2.8237475976e+02,8.6450582876e+02,8.6450582876e-01,1.0078865488e+16,1.0078865488e+16,1.2967587431e+03,2.5935174863e+03,False,False,1.0000000000e+00,0,1.0000000000e+00,2.0000000000e+00,1.7426475924e+19,1.7426475924e+16,2.1115427597e+00,2.9861724083e+00,2.9861724083e+00,4.2230855194e+00,2.1115427597e-03,2.9861724083e-03,2.9861724083e-03,4.2230855194e-03,7.0433485010e-09,9.9607989747e-09,0,2.2204460493e-16,inf,2.5927435515e+19,8.2159085341e+11,5.1854871031e+19,1.6431817068e+12,5.1170561914e-19,5.2161632940e-20,-4.4586128259e+00,2025-11-22T13:30:24.725381,1.6180339887e+00
Star_0225,1.8583207610e-01,3.6961999936e+29,1.8545332683e+19,1.8545332683e+16,1.2396612756e+08,1.9601873674e+03,6.0100893421e+02,5.4897147079e+02,5.4897147079e-01,3.3781960757e+16,3.3781960757e+16,8.2345720618e+02,1.6469144124e+03,False,False,1.0000000000e+00,0,1.0000000000e+00,2.0000000000e+00,3.7090665366e+19,3.7090665366e+16,1.1533557326e+00,1.6310913192e+00,1.6310913192e+00,2.3067114651e+00,1.1533557326e-03,1.6310913192e-03,1.6310913192e-03,2.3067114651e-03,3.8471806137e-09,5.4407350008e-09,0,0.0000000000e+00,inf,1.0103020130e+20,3.2014538906e+12,2.0206040260e+20,6.4029077813e+12,7.1728529683e-20,7.3117767261e-21,-1.3302294458e+00,2025-11-22T13:30:24.725885,1.6180339887e+00
Star_0226,3.7508171030e-01,7.4603752179e+29,2.6950347695e+19,2.6950347695e+16,1.8014938299e+08,2.8485728459e+03,8.7339494101e+02,1.1080388407e+03,1.1080388407e+00,2.4322565875e+16,2.4322565875e+16,1.6620582611e+03,3.3241165221e+03,False,False,1.0000000000e+00,0,1.0000000000e+00,2.0000000000e+00,5.3900695390e+19,5.3900695390e+16,1.3592552245e+00,1.9222771732e+00,1.9222771732e+00,2.7185104490e+00,1.3592552245e-03,1.9222771732e-03,1.9222771732e-03,2.7185104490e-03,4.5339873910e-09,6.4120264600e-09,0,0.0000000000e+00,inf,1.2457853802e+20,3.9476556524e+12,2.4915707604e+20,7.8953113049e+12,6.8554765460e-20,6.9882533599e-21,-1.8475747653e+00,2025-11-22T13:30:24.725885,1.6180339887e+00
Star_0227,1.3052073711e+00,2.5960574611e+30,1.3158216677e+19,1.3158216677e+16,8.7955993832e+07,1.3907849780e+03,4.2642566281e+02,3.8557477548e+03,3.8557477548e+00,3.4126238317e+15,3.4126238317e+15,5.7836216322e+03,1.1567243264e+04,False,False,1.0000000000e+00,0,1.0000000000e+00,2.0000000000e+00,2.6316433355e+19,2.6316433355e+16,3.6287871538e+00,5.1318800079e+00,5.1318800079e+00,7.2575743076e+00,3.6287871538e-03,5.1318800079e-03,5.1318800079e-03,7.2575743076e-03,1.2104331036e-08,1.7118109115e-08,0,2.2204460493e-16,inf,2.2783235883e+19,7.2195717936e+11,4.5566471767e+19,1.4439143587e+12,1.0007508259e-18,1.0201333598e-19,-1.3168096208e+01,2025-11-22T13:30:24.725885,1.6180339887e+00
Star_0228,4.8956757160e-01,9.7374989991e+29,2.6596173220e+19,2.6596173220e+16,1.7778190655e+08,2.8111376408e+03,8.6191701136e+02,1.4462445638e+03,1.4462445638e+00,1.8389817245e+16,1.8389817245e+16,2.1693668456e+03,4.3387336913e+03,False,False,1.0000000000e+00,0,1.0000000000e+00,2.0000000000e+00,5.3192346439e+19,5.3192346439e+16,1.5632088260e+00,2.2107111225e+00,2.2107111225e+00,3.1264176520e+00,1.5632088260e-03,2.2107111225e-03,2.2107111225e-03,3.1264176520e-03,5.2143033764e-09,7.3741385533e-09,0,0.0000000000e+00,inf,1.0690106275e+20,3.3874902639e+12,2.1380212550e+20,6.7749805278e+12,9.1878700497e-20,9.3658206419e-21,-2.4436218336e+00,2025-11-22T13:30:24.725885,1.6180339887e+00
Star_0229,4.4144884150e-01,8.7804174574e+29,2.0708538327e+19,2.0708538327e+16,1.3842605834e+08,2.1888318705e+03,6.7111314538e+02,1.3040957454e+03,1.3040957454e+00,1.5879614975e+16,1.5879614975e+16,1.9561436181e+03,3.9122872361e+03,False,False,1.0000000000e+00,0,1.0000000000e+00,2.0000000000e+00,4.1417076654e+19,4.1417076654e+16,1.6822313455e+00,2.3790343838e+00,2.3790343838e+00,3.3644626910e+00,1.6822313455e-03,2.3790343838e-03,2.3790343838e-03,3.3644626910e-03,5.6113197667e-09,7.9356045169e-09,0,2.2204460493e-16,inf,7.7347021323e+19,2.4509792038e+12,1.5469404265e+20,4.9019584077e+12,1.3665388909e-19,1.3930060050e-20,-2.8299022998e+00,2025-11-22T13:30:24.725885,1.6180339887e+00
Star_0230,3.1098005170e-01,6.1853932283e+29,3.7268014445e+19,3.7268014445e+16,2.4911774362e+08,3.9391200132e+03,1.2077653189e+03,9.1867442882e+02,9.1867442882e-01,4.0567162071e+16,4.0567162071e+16,1.3780116432e+03,2.7560232865e+03,False,False,1.0000000000e+00,0,1.0000000000e+00,2.0000000000e+00,7.4536028890e+19,7.4536028890e+16,1.0524910017e+00,1.4884470489e+00,1.4884470489e+00,2.1049820035e+00,1.0524910017e-03,1.4884470489e-03,1.4884470489e-03,2.1049820035e-03,3.5107320870e-09,4.9649249313e-09,0,0.0000000000e+00,inf,2.2248346105e+20,7.0500754508e+12,4.4496692209e+20,1.4100150902e+13,2.9723539750e-20,3.0299225025e-21,-1.1077373088e+00,2025-11-22T13:30:24.725885,1.6180339887e+00
Star_0231,3.2364016760e-01,6.4372029336e+29,1.2605712951e+19,1.2605712951e+16,8.4262787104e+07,1.3323869518e+03,4.0852036655e+02,9.5607401339e+02,9.5607401339e-01,1.3184871437e+16,1.3184871437e+16,1.4341110201e+03,2.8682220402e+03,False,False,1.0000000000e+00,0,1.0000000000e+00,2.0000000000e+00,2.5211425901e+19,2.5211425901e+16,1.8461532764e+00,2.6108550017e+00,2.6108550017e+00,3.6923065529e+00,1.8461532764e-03,2.6108550017e-03,2.6108550017e-03,3.6923065529e-03,6.1581044725e-09,8.7088748635e-09,0,2.2204460493e-16,inf,4.2902196372e+19,1.3594885661e+12,8.5804392744e+19,2.7189771321e+12,2.7037597424e-19,2.7561261391e-20,-3.4082819201e+00,2025-11-22T13:30:24.726386,1.6180339887e+00
Star_0232,1.6793177841e+00,3.3401630726e+30,3.1644678869e+19,3.1644678869e+16,2.1152860206e+08,3.3447499069e+03,1.0255267482e+03,4.9609172604e+03,4.9609172604e+00,6.3787959379e+15,6.3787959379e+15,7.4413758906e+03,1.4882751781e+04,False,False,1.0000000000e+00,0,1.0000000000e+00,2.0000000000e+00,6.3289357738e+19,6.3289357738e+16,2.6542165364e+00,3.7536290232e+00,3.7536290232e+00,5.3084330728e+00,2.6542165364e-03,3.7536290232e-03,3.7536290232e-03,5.3084330728e-03,8.8535133742e-09,1.2520758688e-08,0,2.2204460493e-16,inf,7.4910761272e+19,2.3737787814e+12,1.4982152254e+20,4.7475575628e+12,2.2262401370e-19,2.2693579378e-20,-7.0448654220e+00,2025-11-22T13:30:24.726386,1.6180339887e+00
Star_0233,1.6977226311e+00,3.3767703133e+30,3.0394156307e+19,3.0394156307e+16,2.0316949403e+08,3.2125733334e+03,9.8500036643e+02,5.0152875077e+03,5.0152875077e+00,6.0603018791e+15,6.0603018791e+15,7.5229312615e+03,1.5045862523e+04,False,False,1.0000000000e+00,0,1.0000000000e+00,2.0000000000e+00,6.0788312614e+19,6.0788312614e+16,2.7230685611e+00,3.8510004903e+00,3.8510004903e+00,5.4461371221e+00,2.7230685611e-03,3.8510004903e-03,3.8510004903e-03,5.4461371221e-03,9.0831790073e-09,1.2845554942e-08,0,2.2204460493e-16,inf,7.0131218532e+19,2.2223242113e+12,1.4026243706e+20,4.4446484227e+12,2.4396473826e-19,2.4868984533e-20,-7.4151023882e+00,2025-11-22T13:30:24.726386,1.6180339887e+00
Star_0234,1.2677068406e+00,2.5214689060e+30,3.9506032555e+19,3.9506032555e+16,2.6407775772e+08,4.1756719750e+03,1.2802940194e+03,3.7449664418e+03,3.7449664418e+00,1.0549101886e+16,1.0549101886e+16,5.6174496628e+03,1.1234899326e+04,False,False,1.0000000000e+00,0,1.0000000000e+00,2.0000000000e+00,7.9012065111e+19,7.9012065111e+16,2.0639442473e+00,2.9188579465e+00,2.9188579465e+00,4.1278884946e+00,2.0639442473e-03,2.9188579465e-03,2.9188579465e-03,4.1278884946e-03,6.8845769540e-09,9.7362620995e-09,0,2.2204460493e-16,inf,1.2026668047e+20,3.8110211318e+12,2.4053336094e+20,7.6220422636e+12,1.0782823737e-19,1.0991665379e-20,-4.2598658560e+00,2025-11-22T13:30:24.726386,1.6180339887e+00
Star_0235,3.9197595250e-01,7.7964016952e+29,4.6639737520e+19,4.6639737520e+16,3.1176295134e+08,4.9296837037e+03,1.5114799728e+03,1.1579465702e+03,1.1579465702e+00,4.0277970262e+16,4.0277970262e+16,1.7369198553e+03,3.4738397107e+03,False,False,1.0000000000e+00,0,1.0000000000e+00,2.0000000000e+00,9.3279475041e+19,9.3279475041e+16,1.0562626341e+00,1.4937809425e+00,1.4937809425e+00,2.1125252682e+00,1.0562626341e-03,1.4937809425e-03,1.4937809425e-03,2.1125252682e-03,3.5233128983e-09,4.9827168852e-09,0,0.0000000000e+00,inf,2.7743678898e+20,8.7914413320e+12,5.5487357796e+20,1.7582882664e+13,2.3921462930e-20,2.4384773629e-21,-1.1156907522e+00,2025-11-22T13:30:24.726386,1.6180339887e+00
Star_0236,7.3393809540e-01,1.4598028718e+30,1.3894545202e+19,1.3894545202e+16,9.2877975948e+07,1.4686127473e+03,4.5028827176e+02,2.1681460174e+03,2.1681460174e+00,6.4084914440e+15,6.4084914440e+15,3.2522190261e+03,6.5044380522e+03,False,False,1.0000000000e+00,0,1.0000000000e+00,2.0000000000e+00,2.7789090404e+19,2.7789090404e+16,2.6480598751e+00,3.7449221894e+00,3.7449221894e+00,5.2961197502e+00,2.6480598751e-03,3.7449221894e-03,3.7449221894e-03,5.2961197502e-03,8.8329769627e-09,1.2491715817e-08,0,2.2204460493e-16,inf,3.2968288626e+19,1.0447020251e+12,6.5936577252e+19,2.0894040501e+12,5.0467438843e-19,5.1444891786e-20,-7.0122211022e+00,2025-11-22T13:30:24.726386,1.6180339887e+00
Star_0237,1.9375901800e-01,3.8538668680e+29,1.2816283776e+20,1.2816283776e+17,8.5670346094e+08,1.3546436715e+04,4.1534445266e+03,5.7238866036e+02,5.7238866036e-01,2.2390876450e+17,2.2390876450e+17,8.5858299053e+02,1.7171659811e+03,False,False,1.0000000000e+00,0,1.0000000000e+00,2.0000000000e+00,2.5632567551e+20,2.5632567551e+17,4.4799189647e-01,6.3355621582e-01,6.3355621582e-01,8.9598379293e-01,4.4799189647e-04,6.3355621582e-04,6.3355621582e-04,8.9598379293e-04,1.4943401160e-09,2.1133160589e-09,0,0.0000000000e+00,inf,1.7975121101e+21,5.6959721591e+13,3.5950242202e+21,1.1391944318e+14,1.5659511198e-21,1.5962804483e-22,-2.0069673930e-01,2025-11-22T13:30:24.726888,1.6180339887e+00
Star_0238,2.8022664780e-01,5.5737080247e+29,8.7655337997e+18,8.7655337997e+15,5.8593140373e+07,9.2649125883e+02,2.8406954013e+02,8.2782498170e+02,8.2782498170e-01,1.0588631647e+16,1.0588631647e+16,1.2417374726e+03,2.4834749451e+03,False,False,1.0000000000e+00,0,1.0000000000e+00,2.0000000000e+00,1.7531067599e+19,1.7531067599e+16,2.0600880592e+00,2.9134044730e+00,2.9134044730e+00,4.1201761183e+00,2.0600880592e-03,2.9134044730e-03,2.9134044730e-03,4.1201761183e-03,6.8717140949e-09,9.7180712697e-09,0,2.2204460493e-16,inf,2.6734523767e+19,8.4716593680e+11,5.3469047534e+19,1.6943318736e+12,4.8416478774e-19,4.9354208740e-20,-4.2439628116e+00,2025-11-22T13:30:24.726888,1.6180339887e+00
Star_0239,4.9037496730e-01,9.7535580996e+29,6.1458128867e+19,6.1458128867e+16,4.1081636943e+08,6.4959442836e+03,1.9917078416e+03,1.4486297128e+03,1.4486297128e+00,4.2425009181e+16,4.2425009181e+16,2.1729445693e+03,4.3458891385e+03,False,False,1.0000000000e+00,0,1.0000000000e+00,2.0000000000e+00,1.2291625773e+20,1.2291625773e+17,1.0291880445e+00,1.4554916907e+00,1.4554916907e+00,2.0583760890e+00,1.0291880445e-03,1.4554916907e-03,1.4554916907e-03,2.0583760890e-03,3.4330017885e-09,4.8549976889e-09,0,0.0000000000e+00,inf,3.7520141666e+20,1.1889415439e+13,7.5040283333e+20,2.3778830878e+13,1.7234954113e-20,1.7568760564e-21,-1.0592280309e+00,2025-11-22T13:30:24.726888,1.6180339887e+00
Star_0240,1.2428154016e+00,2.4719598338e+30,8.7393949303e+18,8.7393949303e+15,5.8418415309e+07,9.2372845685e+02,2.8322244321e+02,3.6714339809e+03,3.6714339809e+00,2.3803764349e+15,2.3803764349e+15,5.5071509713e+03,1.1014301943e+04,False,False,1.0000000000e+00,0,1.0000000000e+00,2.0000000000e+00,1.7478789861e+19,1.7478789861e+16,4.3449310000e+00,6.1446603478e+00,6.1446603478e+00,8.6898620000e+00,4.3449310000e-03,6.1446603478e-03,6.1446603478e-03,8.6898620000e-03,1.4493129777e-08,2.0496380692e-08,0,2.2204460493e-16,inf,1.2637999964e+19,4.0047405264e+11,2.5275999927e+19,8.0094810528e+11,2.1601524528e-18,2.2019902679e-19,-1.8878425395e+01,2025-11-22T13:30:24.726888,1.6180339887e+00
Star_0241,1.2206691315e+01,2.4279109026e+31,2.5095042097e+19,2.5095042097e+16,1.6774760760e+08,2.6524724762e+03,8.1326901828e+02,3.6060110964e+04,3.6060110964e+01,6.9592248682e+14,6.9592248682e+14,5.4090166446e+04,1.0818033289e+05,False,False,1.0000000000e+00,0,1.0000000000e+00,2.0000000000e+00,5.0190084194e+19,5.0190084194e+16,8.0357287819e+00,1.1364236627e+01,1.1364236627e+01,1.6071457564e+01,8.0357287819e-03,1.1364236627e-02,1.1364236627e-02,1.6071457564e-02,2.6804306004e-08,3.7907013081e-08,0,8.8817841970e-16,inf,1.9621966354e+19,6.2178259291e+11,3.9243932708e+19,1.2435651858e+12,2.5731352355e-18,2.6229716977e-19,-6.4572937056e+01,2025-11-22T13:30:24.726888,1.6180339887e+00
Star_0242,1.8803802382e+00,3.7400762938e+30,1.3060892708e+20,1.3060892708e+17,8.7305432537e+08,1.3804981194e+04,4.2327163067e+03,5.5548811953e+03,5.5548811953e+00,2.3512460930e+16,2.3512460930e+16,8.3323217929e+03,1.6664643586e+04,False,False,1.0000000000e+00,0,1.0000000000e+00,2.0000000000e+00,2.6121785415e+20,2.6121785415e+17,1.3824730110e+00,1.9551120817e+00,1.9551120817e+00,2.7649460220e+00,1.3824730110e-03,1.9551120817e-03,1.9551120817e-03,2.7649460220e-03,4.6114335904e-09,6.5215519256e-09,0,0.0000000000e+00,inf,5.9360297458e+20,1.8810143185e+13,1.1872059492e+21,3.7620286370e+13,1.4633238852e-20,1.4916655303e-21,-1.9112316261e+00,2025-11-22T13:30:24.726888,1.6180339887e+00
Star_0243,2.6193758870e-01,5.2099386392e+29,1.6155947118e+19,1.6155947118e+16,1.0799429892e+08,1.7076363088e+03,5.2357478425e+02,7.7379678655e+02,7.7379678655e-01,2.0878798411e+16,2.0878798411e+16,1.1606951798e+03,2.3213903596e+03,False,False,1.0000000000e+00,0,1.0000000000e+00,2.0000000000e+00,3.2311894235e+19,3.2311894235e+16,1.4670771554e+00,2.0747604103e+00,2.0747604103e+00,2.9341543109e+00,1.4670771554e-03,2.0747604103e-03,2.0747604103e-03,2.9341543109e-03,4.8936426394e-09,6.9206557900e-09,0,0.0000000000e+00,inf,6.9192550083e+19,2.1925796031e+12,1.3838510017e+20,4.3851592062e+12,1.3322124443e-19,1.3580147241e-20,-2.1523153800e+00,2025-11-22T13:30:24.727391,1.6180339887e+00
Star_0244,2.2519285120e-01,4.4790858104e+29,6.9436045908e+19,6.9436045908e+16,4.6414469190e+08,7.3391867570e+03,2.2502526463e+03,6.6524818174e+02,6.6524818174e-01,1.0437615286e+17,1.0437615286e+17,9.9787227261e+02,1.9957445452e+03,False,False,1.0000000000e+00,0,1.0000000000e+00,2.0000000000e+00,1.3887209182e+20,1.3887209182e+17,6.5615291476e-01,9.2794035105e-01,9.2794035105e-01,1.3123058295e+00,6.5615291476e-04,9.2794035105e-04,9.2794035105e-04,1.3123058295e-03,2.1886905332e-09,3.0952758359e-09,0,0.0000000000e+00,inf,6.6490528903e+20,2.1069577187e+13,1.3298105781e+21,4.2139154373e+13,6.2004776038e-21,6.3205684035e-22,-4.3053664755e-01,2025-11-22T13:30:24.727391,1.6180339887e+00
Star_0245,1.0598360146e+00,2.1080138330e+30,5.2898740566e+19,5.2898740566e+16,3.5360120699e+08,5.5912420005e+03,1.7143189735e+03,3.1308897147e+03,3.1308897147e+00,1.6895753408e+16,1.6895753408e+16,4.6963345721e+03,9.3926691442e+03,False,False,1.0000000000e+00,0,1.0000000000e+00,2.0000000000e+00,1.0579748113e+20,1.0579748113e+17,1.6308609123e+00,2.3063856206e+00,2.3063856206e+00,3.2617218247e+00,1.6308609123e-03,2.3063856206e-03,2.3063856206e-03,3.2617218247e-03,5.4399664462e-09,7.6932743270e-09,0,2.2204460493e-16,inf,2.0380192264e+20,6.4580932213e+12,4.0760384528e+20,1.2916186443e+13,5.0279218123e-20,5.1253025610e-21,-2.6597073154e+00,2025-11-22T13:30:24.727391,1.6180339887e+00
Star_0246,2.0046616650e-01,3.9872720517e+29,9.1980273421e+19,9.1980273421e+16,6.1484139988e+08,9.7220456000e+03,2.9808559945e+03,5.9220242585e+02,5.9220242585e-01,1.5531897440e+17,1.5531897440e+17,8.8830363877e+02,1.7766072775e+03,False,False,1.0000000000e+00,0,1.0000000000e+00,2.0000000000e+00,1.8396054684e+20,1.8396054684e+17,5.3788997238e-01,7.6069129400e-01,7.6069129400e-01,1.0757799448e+00,5.3788997238e-04,7.6069129400e-04,7.6069129400e-04,1.0757799448e-03,1.7942078195e-09,2.5373930321e-09,0,0.0000000000e+00,inf,1.0744373983e+21,3.4046866629e+13,2.1488747967e+21,6.8093733258e+13,3.1455181815e-21,3.2064405519e-22,-2.8932562238e-01,2025-11-22T13:30:24.727391,1.6180339887e+00
Star_0247,3.4210591910e-01,6.8044867309e+29,5.2188803332e+19,5.2188803332e+16,3.4885563725e+08,5.5162037134e+03,1.6913116418e+03,1.0106241803e+03,1.0106241803e+00,5.1640168870e+16,5.1640168870e+16,1.5159362704e+03,3.0318725408e+03,False,False,1.0000000000e+00,0,1.0000000000e+00,2.0000000000e+00,1.0437760666e+20,1.0437760666e+17,9.3285013388e-01,1.3192493110e+00,1.3192493110e+00,1.8657002678e+00,9.3285013388e-04,1.3192493110e-03,1.3192493110e-03,1.8657002678e-03,3.1116531086e-09,4.4005420276e-09,0,0.0000000000e+00,inf,3.5151618720e+20,1.1138875808e+13,7.0303237441e+20,2.2277751616e+13,1.6674254183e-20,1.6997201002e-21,-8.7020937229e-01,2025-11-22T13:30:24.727391,1.6180339887e+00
Star_0248,2.9696483960e-01,5.9066306596e+29,1.1833514906e+19,1.1833514906e+16,7.9101035469e+07,1.2507678793e+03,3.8349531407e+02,8.7727171858e+02,8.7727171858e-01,1.3488996232e+16,1.3488996232e+16,1.3159075779e+03,2.6318151557e+03,False,False,1.0000000000e+00,0,1.0000000000e+00,2.0000000000e+00,2.3667029812e+19,2.3667029812e+16,1.8252228136e+00,2.5812548574e+00,2.5812548574e+00,3.6504456273e+00,1.8252228136e-03,2.5812548574e-03,2.5812548574e-03,3.6504456273e-03,6.0882879636e-09,8.6101394098e-09,0,2.2204460493e-16,inf,4.0735939983e+19,1.2908440434e+12,8.1471879965e+19,2.5816880867e+12,2.8152567904e-19,2.8697826609e-20,-3.3314383194e+00,2025-11-22T13:30:24.727391,1.6180339887e+00
Star_0249,1.4135138841e+00,2.8114791155e+30,1.1483532365e+19,1.1483532365e+16,7.6761579980e+07,1.2137757494e+03,3.7215323476e+02,4.1756989010e+03,4.1756989010e+00,2.7500863059e+15,2.7500863059e+15,6.2635483514e+03,1.2527096703e+04,False,False,1.0000000000e+00,0,1.0000000000e+00,2.0000000000e+00,2.2967064730e+19,2.2967064730e+16,4.0423372472e+00,5.7167281587e+00,5.7167281587e+00,8.0846744945e+00,4.0423372472e-03,5.7167281587e-03,5.7167281587e-03,8.0846744945e-03,1.3483785664e-08,1.9068952558e-08,0,2.2204460493e-16,inf,1.7849367190e+19,5.6561231493e+11,3.5698734380e+19,1.1312246299e+12,1.4229498295e-18,1.4505095101e-19,-1.6340490420e+01,2025-11-22T13:30:24.727391,1.6180339887e+00
Star_0250,3.1018183610e-01,6.1695167200e+29,8.1375447395e+19,8.1375447395e+16,5.4395352537e+08,8.6011465379e+03,2.6371794859e+03,9.1631639892e+02,9.1631639892e-01,8.8807149464e+16,8.8807149464e+16,1.3744745984e+03,2.7489491968e+03,False,False,1.0000000000e+00,0,1.0000000000e+00,2.0000000000e+00,1.6275089479e+20,1.6275089479e+17,7.1134738602e-01,1.0059971209e+00,1.0059971209e+00,1.4226947720e+00,7.1134738602e-04,1.0059971209e-03,1.0059971209e-03,1.4226947720e-03,2.3727994719e-09,3.3556451940e-09,0,0.0000000000e+00,inf,7.1877260743e+20,2.2776529502e+13,1.4375452149e+21,4.5553059005e+13,6.2182773773e-21,6.3387129228e-22,-5.0601510360e-01,2025-11-22T13:30:24.727391,1.6180339887e+00
Star_0251,1.5998411910e-01,3.1820841289e+29,1.2033673308e+20,1.2033673308e+17,8.0438992701e+08,1.2719240364e+04,3.8998195897e+03,4.7261333462e+02,4.7261333462e-01,2.5461984304e+17,2.5461984304e+17,7.0892000193e+02,1.4178400039e+03,False,False,1.0000000000e+00,0,1.0000000000e+00,2.0000000000e+00,2.4067346616e+20,2.4067346616e+17,4.2010667503e-01,5.9412055747e-01,5.9412055747e-01,8.4021335006e-01,4.2010667503e-04,5.9412055747e-04,5.9412055747e-04,8.4021335006e-04,1.4013250294e-09,1.9817728619e-09,0,0.0000000000e+00,inf,1.7997761953e+21,5.7031466122e+13,3.5995523906e+21,1.1406293224e+14,1.4666312928e-21,1.4950369957e-22,-1.7648961840e-01,2025-11-22T13:30:24.727391,1.6180339887e+00
Star_0252,2.8779048620e-01,5.7241527705e+29,5.2673998258e+19,5.2673998258e+16,3.5209891884e+08,5.5674873965e+03,1.7070356243e+03,8.5016951758e+02,8.5016951758e-01,6.1957053469e+16,6.1957053469e+16,1.2752542764e+03,2.5505085527e+03,False,False,1.0000000000e+00,0,1.0000000000e+00,2.0000000000e+00,1.0534799652e+20,1.0534799652e+17,8.5164838524e-01,1.2044126968e+00,1.2044126968e+00,1.7032967705e+00,8.5164838524e-04,1.2044126968e-03,1.2044126968e-03,1.7032967705e-03,2.8407932305e-09,4.0174883145e-09,0,0.0000000000e+00,inf,3.8861165906e+20,1.2314360378e+13,7.7722331812e+20,2.4628720756e+13,1.3769696550e-20,1.4036387920e-21,-7.2530497209e-01,2025-11-22T13:30:24.727391,1.6180339887e+00
Star_0253,1.6792721440e-01,3.3400722944e+29,4.2774351526e+19,4.2774351526e+16,2.8592480967e+08,4.5211237212e+03,1.3862122541e+03,4.9607824338e+02,4.9607824338e-01,8.6225010061e+16,8.6225010061e+16,7.4411736506e+02,1.4882347301e+03,False,False,1.0000000000e+00,0,1.0000000000e+00,2.0000000000e+00,8.5548703052e+19,8.5548703052e+16,7.2192000766e-01,1.0209490658e+00,1.0209490658e+00,1.4438400153e+00,7.2192000766e-04,1.0209490658e-03,1.0209490658e-03,1.4438400153e-03,2.4080659416e-09,3.4055195137e-09,0,0.0000000000e+00,inf,3.7228387381e+20,1.1796964085e+13,7.4456774762e+20,2.3593928170e+13,1.2184135559e-20,1.2420117798e-21,-5.2116849746e-01,2025-11-22T13:30:24.727391,1.6180339887e+00
Star_0254,1.1971429880e-01,2.3811174031e+29,3.3092971777e+19,3.3092971777e+16,2.2120970439e+08,3.4978302270e+03,1.0724623838e+03,3.5365118910e+02,3.5365118910e-01,9.3575174626e+16,9.3575174626e+16,5.3047678366e+02,1.0609535673e+03,False,False,1.0000000000e+00,0,1.0000000000e+00,2.0000000000e+00,6.6185943554e+19,6.6185943554e+16,6.9298746972e-01,9.8003227823e-01,9.8003227823e-01,1.3859749394e+00,6.9298746972e-04,9.8003227823e-04,9.8003227823e-04,1.3859749394e-03,2.3115573832e-09,3.2690358015e-09,0,0.0000000000e+00,inf,3.0004766771e+20,9.5079368428e+12,6.0009533542e+20,1.9015873686e+13,1.4511589845e-20,1.4792650199e-21,-4.8023163319e-01,2025-11-22T13:30:24.727391,1.6180339887e+00
Star_0255,1.8500809942e+00,3.6798110975e+30,3.5499131176e+19,3.5499131176e+16,2.3729365759e+08,3.7521542306e+03,1.1504401327e+03,5.4653733940e+03,5.4653733940e+00,6.4952801240e+15,6.4952801240e+15,8.1980600910e+03,1.6396120182e+04,False,False,1.0000000000e+00,0,1.0000000000e+00,2.0000000000e+00,7.0998262352e+19,7.0998262352e+16,2.6303089470e+00,3.7198185861e+00,3.7198185861e+00,5.2606178940e+00,2.6303089470e-03,3.7198185861e-03,3.7198185861e-03,5.2606178940e-03,8.7737662399e-09,1.2407979210e-08,0,2.2204460493e-16,inf,8.4799019400e+19,2.6871187733e+12,1.6959803880e+20,5.3742375466e+12,1.9489280237e-19,1.9866748458e-20,-6.9185251566e+00,2025-11-22T13:30:24.728405,1.6180339887e+00
Star_0256,2.6903090671e+01,5.3510247344e+31,3.0857000000e+19,3.0857000000e+16,2.0626336898e+08,3.2614945566e+03,1.0000000000e+03,7.9475134564e+04,7.9475134564e+01,3.8825980188e+14,3.8825980188e+14,1.1921270185e+05,2.3842540369e+05,False,False,1.0000000000e+00,0,1.0000000000e+00,2.0000000000e+00,6.1714000000e+19,6.1714000000e+16,1.0758320813e+01,1.5214563202e+01,1.5214563202e+01,2.1516641626e+01,1.0758320813e-02,1.5214563202e-02,1.5214563202e-02,2.1516641626e-02,3.5885895479e-08,5.0750320084e-08,0,1.3322676296e-15,inf,1.8021422896e+19,5.7106443126e+11,3.6042845792e+19,1.1421288625e+12,3.7508982311e-18,3.8235455975e-19,-1.1574146672e+02,2025-11-22T13:30:24.728405,1.6180339887e+00
Star_0257,1.9173383800e+00,3.8135860378e+30,4.3409255065e+19,4.3409255065e+16,2.9016881728e+08,4.5882311664e+03,1.4067879271e+03,5.6640602234e+03,5.6640602234e+00,7.6639819058e+15,7.6639819058e+15,8.4960903351e+03,1.6992180670e+04,False,False,1.0000000000e+00,0,1.0000000000e+00,2.0000000000e+00,8.6818510131e+19,8.6818510131e+16,2.4214665256e+00,3.4244708014e+00,3.4244708014e+00,4.8429330512e+00,2.4214665256e-03,3.4244708014e-03,3.4244708014e-03,4.8429330512e-03,8.0771429067e-09,1.1422805044e-08,0,2.2204460493e-16,inf,1.1263768908e+20,3.5692729827e+12,2.2527537815e+20,7.1385459653e+12,1.3507488497e-19,1.3769101424e-20,-5.8635001347e+00,2025-11-22T13:30:24.728405,1.6180339887e+00
Star_0258,1.8018902042e+00,3.5839596162e+30,4.5364876858e+19,4.5364876858e+16,3.0324115547e+08,4.7949346642e+03,1.4701648526e+03,5.3230117015e+03,5.3230117015e+00,8.5224078776e+15,8.5224078776e+15,7.9845175523e+03,1.5969035105e+04,False,False,1.0000000000e+00,0,1.0000000000e+00,2.0000000000e+00,9.0729753716e+19,9.0729753716e+16,2.2962784356e+00,3.2474281067e+00,3.2474281067e+00,4.5925568713e+00,2.2962784356e-03,3.2474281067e-03,3.2474281067e-03,4.5925568713e-03,7.6595603870e-09,1.0832254181e-08,0,2.2204460493e-16,inf,1.2412951466e+20,3.9334269608e+12,2.4825902932e+20,7.8668539216e+12,1.1623297624e-19,1.1848417558e-20,-5.2728946540e+00,2025-11-22T13:30:24.728405,1.6180339887e+00
Star_0259,3.5682575660e-01,7.0972642988e+29,1.8501957581e+19,1.8501957581e+16,1.2367618704e+08,1.9556027461e+03,5.9960325309e+02,1.0541084431e+03,1.0541084431e+00,1.7552233550e+16,1.7552233550e+16,1.5811626646e+03,3.1623253293e+03,False,False,1.0000000000e+00,0,1.0000000000e+00,2.0000000000e+00,3.7003915161e+19,3.7003915161e+16,1.6000719452e+00,2.2628434457e+00,2.2628434457e+00,3.2001438904e+00,1.6000719452e-03,2.2628434457e-03,2.2628434457e-03,3.2001438904e-03,5.3372655066e-09,7.5480332654e-09,0,2.2204460493e-16,inf,7.2653750584e+19,2.3022584285e+12,1.4530750117e+20,4.6045168570e+12,1.3837618094e-19,1.4105624968e-20,-2.5602302299e+00,2025-11-22T13:30:24.728405,1.6180339887e+00
Star_0260,2.1617371240e-01,4.2996951396e+29,3.2641561775e+19,3.2641561775e+16,2.1819225785e+08,3.4501175113e+03,1.0578332882e+03,6.3860450431e+02,6.3860450431e-01,5.1113892173e+16,5.1113892173e+16,9.5790675646e+02,1.9158135129e+03,False,False,1.0000000000e+00,0,1.0000000000e+00,2.0000000000e+00,6.5283123549e+19,6.5283123549e+16,9.3764022164e-01,1.3260235181e+00,1.3260235181e+00,1.8752804433e+00,9.3764022164e-04,1.3260235181e-03,1.3260235181e-03,1.8752804433e-03,3.1276311215e-09,4.4231383502e-09,0,0.0000000000e+00,inf,2.1873313091e+20,6.9312346600e+12,4.3746626182e+20,1.3862469320e+13,2.6934041677e-20,2.7455699977e-21,-8.7916918525e-01,2025-11-22T13:30:24.728405,1.6180339887e+00
Star_0261,4.4901899470e-01,8.9309878046e+29,3.6838947701e+19,3.6838947701e+16,2.4624965041e+08,3.8937689146e+03,1.1938603137e+03,1.3264589360e+03,1.3264589360e+00,2.7772399659e+16,2.7772399659e+16,1.9896884040e+03,3.9793768079e+03,False,False,1.0000000000e+00,0,1.0000000000e+00,2.0000000000e+00,7.3677895403e+19,7.3677895403e+16,1.2720348267e+00,1.7989289038e+00,1.7989289038e+00,2.5440696535e+00,1.2720348267e-03,1.7989289038e-03,1.7989289038e-03,2.5440696535e-03,4.2430514604e-09,6.0005809212e-09,0,0.0000000000e+00,inf,1.8196509251e+20,5.7661258307e+12,3.6393018503e+20,1.1532251661e+13,4.3922877861e-20,4.4773575802e-21,-1.6180726004e+00,2025-11-22T13:30:24.728405,1.6180339887e+00
Star_0262,2.6155846700e-01,5.2023979086e+29,1.5468694699e+20,1.5468694699e+17,1.0340036564e+09,1.6349957403e+04,5.0130261202e+03,7.7267681306e+02,7.7267681306e-01,2.0019618083e+17,2.0019618083e+17,1.1590152196e+03,2.3180304392e+03,False,False,1.0000000000e+00,0,1.0000000000e+00,2.0000000000e+00,3.0937389398e+20,3.0937389398e+17,4.7378118630e-01,6.7002777926e-01,6.7002777926e-01,9.4756237260e-01,4.7378118630e-04,6.7002777926e-04,6.7002777926e-04,9.4756237260e-04,1.5803639273e-09,2.2349720995e-09,0,0.0000000000e+00,inf,2.0514253851e+21,6.5005747746e+13,4.1028507701e+21,1.3001149549e+14,1.4511154099e-21,1.4792206013e-22,-2.2446861249e-01,2025-11-22T13:30:24.728405,1.6180339887e+00
Star_0263,4.9198598520e-01,9.7856012456e+29,4.6215434108e+18,4.6215434108e+15,3.0892669859e+07,4.8848360753e+02,1.4977293356e+02,1.4533888636e+03,1.4533888636e+00,3.1798395644e+15,3.1798395644e+15,2.1800832954e+03,4.3601665908e+03,False,False,1.0000000000e+00,0,1.0000000000e+00,2.0000000000e+00,9.2430868217e+18,9.2430868217e+15,3.7592663804e+00,5.3164054998e+00,5.3164054998e+00,7.5185327609e+00,3.7592663804e-03,5.3164054998e-03,5.3164054998e-03,7.5185327609e-03,1.2539562888e-08,1.7733619902e-08,0,2.2204460493e-16,inf,7.7243830888e+18,2.4477092963e+11,1.5448766178e+19,4.8954185926e+11,3.0578710320e-18,3.1170958532e-19,-1.4132083719e+01,2025-11-22T13:30:24.728405,1.6180339887e+00
Star_0264,3.3143774620e-01,6.5922967719e+29,3.1751930535e+19,3.1751930535e+16,2.1224552497e+08,3.3560860940e+03,1.0290025127e+03,9.7910904740e+02,9.7910904740e-01,3.2429411841e+16,3.2429411841e+16,1.4686635711e+03,2.9373271422e+03,False,False,1.0000000000e+00,0,1.0000000000e+00,2.0000000000e+00,6.3503861071e+19,6.3503861071e+16,1.1771618234e+00,1.6647582158e+00,1.6647582158e+00,2.3543236468e+00,1.1771618234e-03,1.6647582158e-03,1.6647582158e-03,2.3543236468e-03,3.9265891853e-09,5.5530356797e-09,0,0.0000000000e+00,inf,1.6947819700e+20,5.3704399892e+12,3.3895639401e+20,1.0740879978e+13,4.3641754537e-20,4.4487007683e-21,-1.3857099585e+00,2025-11-22T13:30:24.728405,1.6180339887e+00
Star_0265,1.0754770290e-01,2.1391238107e+29,3.2840269376e+19,3.2840269376e+16,2.1952051722e+08,3.4711203230e+03,1.0642729162e+03,3.1770952507e+02,3.1770952507e-01,1.0336570604e+17,1.0336570604e+17,4.7656428761e+02,9.5312857522e+02,False,False,1.0000000000e+00,0,1.0000000000e+00,2.0000000000e+00,6.5680538751e+19,6.5680538751e+16,6.5935221181e-01,9.3246484032e-01,9.3246484032e-01,1.3187044236e+00,6.5935221181e-04,9.3246484032e-04,9.3246484032e-04,1.3187044236e-03,2.1993622395e-09,3.1103679077e-09,0,0.0000000000e+00,inf,3.1294578880e+20,9.9166536367e+12,6.2589157761e+20,1.9833307273e+13,1.3238178233e-20,1.3494575161e-21,-4.3474533922e-01,2025-11-22T13:30:24.728405,1.6180339887e+00
Star_0266,1.8371385793e+00,3.6540686342e+30,1.3970515617e+19,1.3970515617e+16,9.3385799576e+07,1.4766425977e+03,4.5275028734e+02,5.4271398624e+03,5.4271398624e+00,2.5741948744e+15,2.5741948744e+15,8.1407097936e+03,1.6281419587e+04,False,False,1.0000000000e+00,0,1.0000000000e+00,2.0000000000e+00,2.7941031233e+19,2.7941031233e+16,4.1781593024e+00,5.9088095512e+00,5.9088095512e+00,8.3563186047e+00,4.1781593024e-03,5.9088095512e-03,5.9088095512e-03,8.3563186047e-03,1.3936839273e-08,1.9709667116e-08,0,2.2204460493e-16,inf,2.1009093264e+19,6.6573799224e+11,4.2018186528e+19,1.3314759845e+12,1.2495612642e-18,1.2737627566e-19,-1.7457015156e+01,2025-11-22T13:30:24.728405,1.6180339887e+00
Star_0267,4.7842617110e-01,9.5158965432e+29,1.5866038154e+19,1.5866038154e+16,1.0605640477e+08,1.6769937801e+03,5.1417954285e+02,1.4133314567e+03,1.4133314567e+00,1.1225985298e+16,1.1225985298e+16,2.1199971850e+03,4.2399943700e+03,False,False,1.0000000000e+00,0,1.0000000000e+00,2.0000000000e+00,3.1732076307e+19,3.1732076307e+16,2.0007529713e+00,2.8294919870e+00,2.8294919870e+00,4.0015059427e+00,2.0007529713e-03,2.8294919870e-03,2.8294919870e-03,4.0015059427e-03,6.6737935460e-09,9.4381693452e-09,0,2.2204460493e-16,inf,4.9825870179e+19,1.5788865497e+12,9.9651740359e+19,3.1577730993e+12,2.5230069495e-19,2.5718725275e-20,-4.0030124523e+00,2025-11-22T13:30:24.728405,1.6180339887e+00
Star_0268,4.5279839540e-01,9.0061600845e+29,7.1640018773e+19,7.1640018773e+16,4.7887713083e+08,7.5721402360e+03,2.3216780236e+03,1.3376237639e+03,1.3376237639e+00,5.3557674964e+16,5.3557674964e+16,2.0064356459e+03,4.0128712918e+03,False,False,1.0000000000e+00,0,1.0000000000e+00,2.0000000000e+00,1.4328003755e+20,1.4328003755e+17,9.1599867926e-01,1.2954177553e+00,1.2954177553e+00,1.8319973585e+00,9.1599867926e-04,1.2954177553e-03,1.2954177553e-03,1.8319973585e-03,3.0554427065e-09,4.3210485146e-09,0,0.0000000000e+00,inf,4.9140629081e+20,1.5571725695e+13,9.8281258161e+20,3.1143451391e+13,1.1712079293e-20,1.1938918749e-21,-8.3905358041e-01,2025-11-22T13:30:24.728405,1.6180339887e+00
Star_0269,1.1242790300e-01,2.2361909907e+29,3.1514809781e+19,3.1514809781e+16,2.1066049319e+08,3.3310231245e+03,1.0213180083e+03,3.3212625378e+02,3.3212625378e-01,9.4888041588e+16,9.4888041588e+16,4.9818938067e+02,9.9637876134e+02,False,False,1.0000000000e+00,0,1.0000000000e+00,2.0000000000e+00,6.3029619562e+19,6.3029619562e+16,6.8817669858e-01,9.7322882044e-01,9.7322882044e-01,1.3763533972e+00,6.8817669858e-04,9.7322882044e-04,9.7322882044e-04,1.3763533972e-03,2.2955103780e-09,3.2463419091e-09,0,0.0000000000e+00,inf,2.8773626045e+20,9.1178118883e+12,5.7547252089e+20,1.8235623777e+13,1.5027448103e-20,1.5318499595e-21,-4.7358716847e-01,2025-11-22T13:30:24.729495,1.6180339887e+00
Star_0270,2.4197270200e-01,4.8128370428e+29,6.1903676679e+17,6.1903676679e+14,4.1379463021e+06,6.5430373828e+01,2.0061469579e+01,7.1481798458e+02,7.1481798458e-01,8.6600614442e+14,8.6600614442e+14,1.0722269769e+03,2.1444539537e+03,False,False,1.0000000000e+00,0,1.0000000000e+00,2.0000000000e+00,1.2380735336e+18,1.2380735336e+15,7.2035274989e+00,1.0187326286e+01,1.0187326286e+01,1.4407054998e+01,7.2035274989e-03,1.0187326286e-02,1.0187326286e-02,1.4407054998e-02,2.4028381324e-08,3.3981262750e-08,0,6.6613381478e-16,inf,5.3994695214e+17,1.7109886434e+10,1.0798939043e+18,3.4219772869e+10,8.3825083115e-17,8.5448606641e-18,-5.1890808427e+01,2025-11-22T13:30:24.729495,1.6180339887e+00
Star_0271,2.1293374120e-01,4.2352521125e+29,4.5032993132e+19,4.5032993132e+16,3.0102268136e+08,4.7598555260e+03,1.4594093117e+03,6.2903321935e+02,6.2903321935e-01,7.1590802754e+16,7.1590802754e+16,9.4354982902e+02,1.8870996580e+03,False,False,1.0000000000e+00,0,1.0000000000e+00,2.0000000000e+00,9.0065986264e+19,9.0065986264e+16,7.9227707398e-01,1.1204489832e+00,1.1204489832e+00,1.5845541480e+00,7.9227707398e-04,1.1204489832e-03,1.1204489832e-03,1.5845541480e-03,2.6427518533e-09,3.7374155129e-09,0,0.0000000000e+00,inf,3.5713596932e+20,1.1316955957e+13,7.1427193864e+20,2.2633911915e+13,1.3938735098e-20,1.4208700406e-21,-6.2770296195e-01,2025-11-22T13:30:24.729495,1.6180339887e+00
Star_0272,1.8900341660e-01,3.7592779562e+29,1.6576394224e+19,1.6576394224e+16,1.1080477422e+08,1.7520763370e+03,5.3720044800e+02,5.5834001197e+02,5.5834001197e-01,2.9688709153e+16,2.9688709153e+16,8.3751001796e+02,1.6750200359e+03,False,False,1.0000000000e+00,0,1.0000000000e+00,2.0000000000e+00,3.3152788448e+19,3.3152788448e+16,1.2302972338e+00,1.7399030337e+00,1.7399030337e+00,2.4605944675e+00,1.2302972338e-03,1.7399030337e-03,1.7399030337e-03,2.4605944675e-03,4.1038298360e-09,5.8036918118e-09,0,0.0000000000e+00,inf,8.4656417796e+19,2.6826000011e+12,1.6931283559e+20,5.3652000023e+12,9.1312456915e-20,9.3080995836e-21,-1.5136312834e+00,2025-11-22T13:30:24.729495,1.6180339887e+00
Star_0273,3.0346338220e-01,6.0358866720e+29,3.9369752013e+19,3.9369752013e+16,2.6316679153e+08,4.1612675207e+03,1.2758774999e+03,8.9646923584e+02,8.9646923584e-01,4.3916456292e+16,4.3916456292e+16,1.3447038538e+03,2.6894077075e+03,False,False,1.0000000000e+00,0,1.0000000000e+00,2.0000000000e+00,7.8739504027e+19,7.8739504027e+16,1.0115609619e+00,1.4305632315e+00,1.4305632315e+00,2.0231219237e+00,1.0115609619e-03,1.4305632315e-03,1.4305632315e-03,2.0231219237e-03,3.3742041699e-09,4.7718452992e-09,0,0.0000000000e+00,inf,2.4454032601e+20,7.7490153247e+12,4.8908065202e+20,1.5498030649e+13,2.5990907417e-20,2.6494299099e-21,-1.0232555796e+00,2025-11-22T13:30:24.729495,1.6180339887e+00
Star_0274,1.0226346477e+00,2.0340203143e+30,3.8080801842e+19,3.8080801842e+16,2.5455081445e+08,4.0250292614e+03,1.2341057731e+03,3.0209921689e+03,3.0209921689e+00,1.2605395748e+16,1.2605395748e+16,4.5314882533e+03,9.0629765067e+03,False,False,1.0000000000e+00,0,1.0000000000e+00,2.0000000000e+00,7.6161603684e+19,7.6161603684e+16,1.8881107400e+00,2.6701918158e+00,2.6701918158e+00,3.7762214800e+00,1.8881107400e-03,2.6701918158e-03,2.6701918158e-03,3.7762214800e-03,6.2980595062e-09,8.9068011703e-09,0,2.2204460493e-16,inf,1.2672388836e+20,4.0156377023e+12,2.5344777671e+20,8.0312754047e+12,9.3615732707e-20,9.5428881455e-21,-3.5649621665e+00,2025-11-22T13:30:24.729495,1.6180339887e+00
Star_0275,1.3236578836e+00,2.6327555305e+30,1.0006104339e+19,1.0006104339e+16,6.6885724192e+07,1.0576159327e+03,3.2427340114e+02,3.9102529038e+03,3.9102529038e+00,2.5589404536e+15,2.5589404536e+15,5.8653793556e+03,1.1730758711e+04,False,False,1.0000000000e+00,0,1.0000000000e+00,2.0000000000e+00,2.0012208678e+19,2.0012208678e+16,4.1905942727e+00,5.9263952548e+00,5.9263952548e+00,8.3811885454e+00,4.1905942727e-03,5.9263952548e-03,5.9263952548e-03,8.3811885454e-03,1.3978317869e-08,1.9768326710e-08,0,2.2204460493e-16,inf,1.5002695006e+19,4.7540671679e+11,3.0005390011e+19,9.5081343357e+11,1.7550367019e-18,1.7890282384e-19,-1.7561080358e+01,2025-11-22T13:30:24.729495,1.6180339887e+00
Star_0276,1.9485069260e-01,3.8755802758e+29,9.2390444104e+18,9.2390444104e+15,6.1758318251e+07,9.7653994402e+02,2.9941486244e+02,5.7561360528e+02,5.7561360528e-01,1.6050774905e+16,1.6050774905e+16,8.6342040792e+02,1.7268408158e+03,False,False,1.0000000000e+00,0,1.0000000000e+00,2.0000000000e+00,1.8478088821e+19,1.8478088821e+16,1.6732379380e+00,2.3663157851e+00,2.3663157851e+00,3.3464758761e+00,1.6732379380e-03,2.3663157851e-03,2.3663157851e-03,3.3464758761e-03,5.5813209886e-09,7.8931798380e-09,0,2.2204460493e-16,inf,3.4693588265e+19,1.0993734715e+12,6.9387176529e+19,2.1987469430e+12,3.0303190167e-19,3.0890102107e-20,-2.7997251973e+00,2025-11-22T13:30:24.729495,1.6180339887e+00
Star_0277,4.4118054070e-01,8.7750809545e+29,1.0435777905e+20,1.0435777905e+17,6.9757873698e+08,1.1030311706e+04,3.3819807192e+03,1.3033031509e+03,1.3033031509e+00,8.0071761495e+16,8.0071761495e+16,1.9549547263e+03,3.9099094526e+03,False,False,1.0000000000e+00,0,1.0000000000e+00,2.0000000000e+00,2.0871555810e+20,2.0871555810e+17,7.4914522168e-01,1.0594513327e+00,1.0594513327e+00,1.4982904434e+00,7.4914522168e-04,1.0594513327e-03,1.0594513327e-03,1.4982904434e-03,2.4988794804e-09,3.5339492520e-09,0,0.0000000000e+00,inf,8.7526322674e+20,2.7735417989e+13,1.7505264535e+21,5.5470835979e+13,5.3778316123e-21,5.4819894111e-22,-5.6121856317e-01,2025-11-22T13:30:24.729495,1.6180339887e+00
Star_0278,4.1684312030e-01,8.2910096628e+29,3.7357866870e+19,3.7357866870e+16,2.4971836143e+08,3.9486171515e+03,1.2106772165e+03,1.2314073310e+03,1.2314073310e+00,3.0337538141e+16,3.0337538141e+16,1.8471109965e+03,3.6942219929e+03,False,False,1.0000000000e+00,0,1.0000000000e+00,2.0000000000e+00,7.4715733740e+19,7.4715733740e+16,1.2170699438e+00,1.7211968209e+00,1.7211968209e+00,2.4341398876e+00,1.2170699438e-03,1.7211968209e-03,1.7211968209e-03,2.4341398876e-03,4.0597083460e-09,5.7412946022e-09,0,0.0000000000e+00,inf,1.9286188227e+20,6.1114242615e+12,3.8572376455e+20,1.2222848523e+13,3.9650530725e-20,4.0418481881e-21,-1.4812592481e+00,2025-11-22T13:30:24.729495,1.6180339887e+00
Star_0279,1.4829380010e+01,2.9495636840e+31,1.9114570629e+19,1.9114570629e+16,1.2777119404e+08,2.0203541517e+03,6.1945654565e+02,4.3807865283e+04,4.3807865283e+01,4.3632736965e+14,4.3632736965e+14,6.5711797925e+04,1.3142359585e+05,False,False,1.0000000000e+00,0,1.0000000000e+00,2.0000000000e+00,3.8229141258e+19,3.8229141258e+16,1.0148444409e+01,1.4352067721e+01,1.4352067721e+01,2.0296888819e+01,1.0148444409e-02,1.4352067721e-02,1.4352067721e-02,2.0296888819e-02,3.3851566771e-08,4.7873344835e-08,0,1.3322676296e-15,inf,1.1834364409e+19,3.7500837863e+11,2.3668728819e+19,7.5001675725e+11,5.3880846151e-18,5.4924409940e-19,-1.0299092393e+02,2025-11-22T13:30:24.729495,1.6180339887e+00
Star_0280,2.6215905310e-01,5.2143435662e+29,1.0806300077e+20,1.0806300077e+17,7.2234626183e+08,1.1421942794e+04,3.5020579049e+03,7.7445102041e+02,7.7445102041e-01,1.3953497112e+17,1.3953497112e+17,1.1616765306e+03,2.3233530612e+03,False,False,1.0000000000e+00,0,1.0000000000e+00,2.0000000000e+00,2.1612600154e+20,2.1612600154e+17,5.6749778618e-01,8.0256306583e-01,8.0256306583e-01,1.1349955724e+00,5.6749778618e-04,8.0256306583e-04,8.0256306583e-04,1.1349955724e-03,1.8929688557e-09,2.6770622289e-09,0,0.0000000000e+00,inf,1.1964449470e+21,3.7913052544e+13,2.3928898939e+21,7.5826105088e+13,2.9802405543e-21,3.0379618291e-22,-3.2205373732e-01,2025-11-22T13:30:24.729495,1.6180339887e+00
Star_0281,1.5387578110e-01,3.0605892861e+29,3.2070402166e+19,3.2070402166e+16,2.1437434603e+08,3.3897476129e+03,1.0393234004e+03,4.5456853113e+02,4.5456853113e-01,7.0551302982e+16,7.0551302982e+16,6.8185279669e+02,1.3637055934e+03,False,False,1.0000000000e+00,0,1.0000000000e+00,2.0000000000e+00,6.4140804331e+19,6.4140804331e+16,7.9809241919e-01,1.1286731233e+00,1.1286731233e+00,1.5961848384e+00,7.9809241919e-04,1.1286731233e-03,1.1286731233e-03,1.5961848384e-03,2.6621497569e-09,3.7648482913e-09,0,0.0000000000e+00,inf,2.5248238780e+20,8.0006840761e+12,5.0496477560e+20,1.6001368152e+13,1.9861039044e-20,2.0245707486e-21,-6.3695150957e-01,2025-11-22T13:30:24.730513,1.6180339887e+00
Star_0282,4.1556105150e-01,8.2655093143e+29,1.0132071095e+20,1.0132071095e+17,6.7727747960e+08,1.0709302500e+04,3.2835567602e+03,1.2276199375e+03,1.2276199375e+00,8.2534266392e+16,8.2534266392e+16,1.8414299062e+03,3.6828598124e+03,False,False,1.0000000000e+00,0,1.0000000000e+00,2.0000000000e+00,2.0264142190e+20,2.0264142190e+17,7.3788478840e-01,1.0435266752e+00,1.0435266752e+00,1.4757695768e+00,7.3788478840e-04,1.0435266752e-03,1.0435266752e-03,1.4757695768e-03,2.4613187180e-09,3.4808303124e-09,0,0.0000000000e+00,inf,8.6275908157e+20,2.7339185539e+13,1.7255181631e+21,5.4678371078e+13,5.3737676715e-21,5.4778467600e-22,-5.4447396095e-01,2025-11-22T13:30:24.730513,1.6180339887e+00
Star_0283,1.1896057540e-01,2.3661258447e+29,1.2116500845e+20,1.2116500845e+17,8.0992652707e+08,1.2806786645e+04,3.9266619714e+03,3.5142459479e+02,3.5142459479e-01,3.4478238076e+17,3.4478238076e+17,5.2713689219e+02,1.0542737844e+03,False,False,1.0000000000e+00,0,1.0000000000e+00,2.0000000000e+00,2.4233001690e+20,2.4233001690e+17,3.6102158868e-01,5.1056162703e-01,5.1056162703e-01,7.2204317737e-01,3.6102158868e-04,5.1056162703e-04,5.1056162703e-04,7.2204317737e-04,1.2042383958e-09,1.7030502716e-09,0,0.0000000000e+00,inf,2.1087442544e+21,6.6822073109e+13,4.2174885087e+21,1.3364414622e+14,1.0756949483e-21,1.0965289993e-22,-1.3033658750e-01,2025-11-22T13:30:24.730513,1.6180339887e+00
Star_0284,8.7254818967e+00,1.7354983493e+31,1.1312879885e+20,1.1312879885e+17,7.5620854844e+08,1.1957382819e+04,3.6662280470e+03,2.5776177777e+04,2.5776177777e+01,4.3888896106e+15,4.3888896106e+15,3.8664266665e+04,7.7328533330e+04,False,False,1.0000000000e+00,0,1.0000000000e+00,2.0000000000e+00,2.2625759769e+20,2.2625759769e+17,3.1998408343e+00,4.5252583054e+00,4.5252583054e+00,6.3996816687e+00,3.1998408343e-03,4.5252583054e-03,4.5252583054e-03,6.3996816687e-03,1.0673520127e-08,1.5094636922e-08,0,2.2204460493e-16,inf,2.2213892613e+20,7.0391577981e+12,4.4427785226e+20,1.4078315596e+13,9.0507293187e-20,9.2260237704e-21,-1.0238981365e+01,2025-11-22T13:30:24.730513,1.6180339887e+00
Star_0285,3.3378786530e-01,6.6390406408e+29,2.2911660102e+19,2.2911660102e+16,1.5315280817e+08,2.4216953918e+03,7.4251094084e+02,9.8605159664e+02,9.8605159664e-01,2.3235761881e+16,2.3235761881e+16,1.4790773950e+03,2.9581547899e+03,False,False,1.0000000000e+00,0,1.0000000000e+00,2.0000000000e+00,4.5823320203e+19,4.5823320203e+16,1.3906801204e+00,1.9667186871e+00,1.9667186871e+00,2.7813602407e+00,1.3906801204e-03,1.9667186871e-03,1.9667186871e-03,2.7813602407e-03,4.6388095606e-09,6.5602673938e-09,0,0.0000000000e+00,inf,1.0351640468e+20,3.2802369216e+12,2.0703280935e+20,6.5604738431e+12,8.4410784229e-20,8.6045651610e-21,-1.9339911972e+00,2025-11-22T13:30:24.730513,1.6180339887e+00
Star_0286,7.4874357760e-01,1.4892509758e+30,4.9061971428e+19,4.9061971428e+16,3.2795435447e+08,5.1857067359e+03,1.5899786573e+03,2.2118832855e+03,2.2118832855e+00,2.2181085118e+16,2.2181085118e+16,3.3178249283e+03,6.6356498565e+03,False,False,1.0000000000e+00,0,1.0000000000e+00,2.0000000000e+00,9.8123942856e+19,9.8123942856e+16,1.4233585383e+00,2.0129329489e+00,2.0129329489e+00,2.8467170765e+00,1.4233585383e-03,2.0129329489e-03,2.0129329489e-03,2.8467170765e-03,4.7478130296e-09,6.7144215781e-09,0,0.0000000000e+00,inf,2.1657611187e+20,6.8628828514e+12,4.3315222374e+20,1.3725765703e+13,4.1293683672e-20,4.2093459401e-21,-2.0259495285e+00,2025-11-22T13:30:24.730513,1.6180339887e+00
Star_0287,7.3990948690e-01,1.4716799694e+30,1.3705020332e+20,1.3705020332e+17,9.1611098473e+08,1.4485805234e+04,4.4414623364e+03,2.1857862636e+03,2.1857862636e+00,6.2700642601e+16,6.2700642601e+16,3.2786793954e+03,6.5573587908e+03,False,False,1.0000000000e+00,0,1.0000000000e+00,2.0000000000e+00,2.7410040663e+20,2.7410040663e+17,8.4658332342e-01,1.1972496177e+00,1.1972496177e+00,1.6931666468e+00,8.4658332342e-04,1.1972496177e-03,1.1972496177e-03,1.6931666468e-03,2.8238980029e-09,3.9935948544e-09,0,0.0000000000e+00,inf,1.0171613355e+21,3.2231897719e+13,2.0343226709e+21,6.4463795438e+13,5.2294947848e-21,5.3307795971e-22,-7.1670332349e-01,2025-11-22T13:30:24.731019,1.6180339887e+00
Star_0288,4.3864224890e-01,8.7245943306e+29,4.8267439081e+19,4.8267439081e+16,3.2264330937e+08,5.1017269930e+03,1.5642298046e+03,1.2958047156e+03,1.2958047156e+00,3.7249007121e+16,3.7249007121e+16,1.9437070735e+03,3.8874141469e+03,False,False,1.0000000000e+00,0,1.0000000000e+00,2.0000000000e+00,9.6534878162e+19,9.6534878162e+16,1.0983692214e+00,1.5533286494e+00,1.5533286494e+00,2.1967384429e+00,1.0983692214e-03,1.5533286494e-03,1.5533286494e-03,2.1967384429e-03,3.6637653554e-09,5.1813466550e-09,0,0.0000000000e+00,inf,2.7611231099e+20,8.7494711572e+12,5.5222462198e+20,1.7498942314e+13,2.4994384818e-20,2.5478475860e-21,-1.2064149466e+00,2025-11-22T13:30:24.731019,1.6180339887e+00
Star_0289,3.1853291300e-01,6.3356196396e+29,1.3750654516e+19,1.3750654516e+16,9.1916139811e+07,1.4534039230e+03,4.4562512609e+02,9.4098653695e+02,9.4098653695e-01,1.4613019396e+16,1.4613019396e+16,1.4114798054e+03,2.8229596109e+03,False,False,1.0000000000e+00,0,1.0000000000e+00,2.0000000000e+00,2.7501309031e+19,2.7501309031e+16,1.7536209480e+00,2.4799945279e+00,2.4799945279e+00,3.5072418960e+00,1.7536209480e-03,2.4799945279e-03,2.4799945279e-03,3.5072418960e-03,5.8494498484e-09,8.2723713081e-09,0,2.2204460493e-16,inf,4.9268292852e+19,1.5612179903e+12,9.8536585703e+19,3.1224359807e+12,2.2363927664e-19,2.2797072033e-20,-3.0751864293e+00,2025-11-22T13:30:24.731019,1.6180339887e+00
Star_0290,1.2121810495e+00,2.4110281075e+30,2.7940123909e+19,2.7940123909e+16,1.8676553415e+08,2.9531892938e+03,9.0547117053e+02,3.5809362279e+03,3.5809362279e+00,7.8024634149e+15,7.8024634149e+15,5.3714043418e+03,1.0742808684e+04,False,False,1.0000000000e+00,0,1.0000000000e+00,2.0000000000e+00,5.5880247818e+19,5.5880247818e+16,2.3998817029e+00,3.3939452523e+00,3.3939452523e+00,4.7997634058e+00,2.3998817029e-03,3.3939452523e-03,3.3939452523e-03,4.7997634058e-03,8.0051436881e-09,1.1320982772e-08,0,2.2204460493e-16,inf,7.3150678975e+19,2.3180051390e+12,1.4630135795e+20,4.6360102780e+12,2.0613481195e-19,2.1012722931e-20,-5.7594321879e+00,2025-11-22T13:30:24.731019,1.6180339887e+00
Star_0291,1.1967406253e+01,2.3803171038e+31,3.9225897913e+19,3.9225897913e+16,2.6220519995e+08,4.1460625634e+03,1.2712155398e+03,3.5353232608e+04,3.5353232608e+01,1.1095420424e+15,1.1095420424e+15,5.3029848912e+04,1.0605969782e+05,False,False,1.0000000000e+00,0,1.0000000000e+00,2.0000000000e+00,7.8451795825e+19,7.8451795825e+16,6.3640535244e+00,9.0001308059e+00,9.0001308059e+00,1.2728107049e+01,6.3640535244e-03,9.0001308059e-03,9.0001308059e-03,1.2728107049e-02,2.1228197557e-08,3.0021204889e-08,0,4.4408920985e-16,inf,3.8727453262e+19,1.2271989398e+12,7.7454906525e+19,2.4543978796e+12,1.0325111576e-18,1.0525088253e-19,-4.0501177261e+01,2025-11-22T13:30:24.731019,1.6180339887e+00
Star_0292,2.4604784970e-01,4.8938917305e+29,4.6910163177e+19,4.6910163177e+16,3.1357060947e+08,4.9582669039e+03,1.5202438078e+03,7.2685648661e+02,7.2685648661e-01,6.4538411697e+16,6.4538411697e+16,1.0902847299e+03,2.1805694598e+03,False,False,1.0000000000e+00,0,1.0000000000e+00,2.0000000000e+00,9.3820326355e+19,9.3820326355e+16,8.3444279392e-01,1.1800803162e+00,1.1800803162e+00,1.6688855878e+00,8.3444279392e-04,1.1800803162e-03,1.1800803162e-03,1.6688855878e-03,2.7834015555e-09,3.9363242293e-09,0,0.0000000000e+00,inf,3.5322403187e+20,1.1192994140e+13,7.0644806374e+20,2.2385988280e+13,1.4843154003e-20,1.5130636088e-21,-6.9629477633e-01,2025-11-22T13:30:24.731019,1.6180339887e+00
Star_0293,4.6352869070e-01,9.2195856580e+29,2.8449605823e+19,2.8449605823e+16,1.9017116192e+08,3.0070400405e+03,9.2198223493e+02,1.3693224142e+03,1.3693224142e+00,2.0776411404e+16,2.0776411404e+16,2.0539836213e+03,4.1079672427e+03,False,False,1.0000000000e+00,0,1.0000000000e+00,2.0000000000e+00,5.6899211647e+19,5.6899211647e+16,1.4706876209e+00,2.0798663796e+00,2.0798663796e+00,2.9413752419e+00,1.4706876209e-03,2.0798663796e-03,2.0798663796e-03,2.9413752419e-03,4.9056858560e-09,6.9376874703e-09,0,0.0000000000e+00,inf,1.2154460455e+20,3.8515161023e+12,2.4308920910e+20,7.7030322046e+12,7.6026433963e-20,7.7498913316e-21,-2.1629220784e+00,2025-11-22T13:30:24.731019,1.6180339887e+00
Star_0294,1.9110971668e+00,3.8011722648e+30,2.4229058247e+19,2.4229058247e+16,1.6195894550e+08,2.5609405186e+03,7.8520459691e+02,5.6456228897e+03,5.6456228897e+00,4.2916536793e+15,4.2916536793e+15,8.4684343346e+03,1.6936868669e+04,False,False,1.0000000000e+00,0,1.0000000000e+00,2.0000000000e+00,4.8458116493e+19,4.8458116493e+16,3.2358871748e+00,4.5762355290e+00,4.5762355290e+00,6.4717743497e+00,3.2358871748e-03,4.5762355290e-03,4.5762355290e-03,6.4717743497e-03,1.0793757776e-08,1.5264678636e-08,0,2.2204460493e-16,inf,4.7046035463e+19,1.4907989031e+12,9.4092070927e+19,2.9815978061e+12,4.3216561294e-19,4.4053579301e-20,-1.0470965808e+01,2025-11-22T13:30:24.731019,1.6180339887e+00
Star_0295,1.4551654670e-01,2.8943241139e+29,2.7001075647e+19,2.7001075647e+16,1.8048847357e+08,2.8539346419e+03,8.7503891003e+02,4.2987429481e+02,4.2987429481e-01,6.2811561363e+16,6.2811561363e+16,6.4481144221e+02,1.2896228844e+03,False,False,1.0000000000e+00,0,1.0000000000e+00,2.0000000000e+00,5.4002151293e+19,5.4002151293e+16,8.4583550355e-01,1.1961920407e+00,1.1961920407e+00,1.6916710071e+00,8.4583550355e-04,1.1961920407e-03,1.1961920407e-03,1.6916710071e-03,2.8214035443e-09,3.9900671573e-09,0,0.0000000000e+00,inf,2.0057417910e+20,6.3558122006e+12,4.0114835821e+20,1.2711624401e+13,2.6496636965e-20,2.7009823614e-21,-7.1543769907e-01,2025-11-22T13:30:24.731019,1.6180339887e+00
Star_0296,4.9472671720e-01,9.8401144051e+29,6.0150922212e+19,6.0150922212e+16,4.0207835703e+08,6.3577763674e+03,1.9493444668e+03,1.4614853328e+03,1.4614853328e+00,4.1157390268e+16,4.1157390268e+16,2.1922279992e+03,4.3844559983e+03,False,False,1.0000000000e+00,0,1.0000000000e+00,2.0000000000e+00,1.2030184442e+20,1.2030184442e+17,1.0449169898e+00,1.4777357785e+00,1.4777357785e+00,2.0898339795e+00,1.0449169898e-03,1.4777357785e-03,1.4777357785e-03,2.0898339795e-03,3.4854679024e-09,4.9291959788e-09,0,0.0000000000e+00,inf,3.6169322000e+20,1.1461366517e+13,7.2338644000e+20,2.2922733034e+13,1.8151866594e-20,1.8503431798e-21,-1.0918515155e+00,2025-11-22T13:30:24.731019,1.6180339887e+00
Star_0297,4.9339462598e+01,9.8136191106e+31,1.2833988195e+20,1.2833988195e+17,8.5788691145e+08,1.3565149768e+04,4.1591820965e+03,1.4575501667e+05,1.4575501667e+02,8.8051776799e+14,8.8051776799e+14,2.1863252501e+05,4.3726505001e+05,False,False,1.0000000000e+00,0,1.0000000000e+00,2.0000000000e+00,2.5667976390e+20,2.5667976390e+17,7.1439209960e+00,1.0103029961e+01,1.0103029961e+01,1.4287841992e+01,7.1439209960e-03,1.0103029961e-02,1.0103029961e-02,1.4287841992e-02,2.3829555432e-08,3.3700080477e-08,0,6.6613381478e-16,inf,1.1287684467e+20,3.5768513661e+12,2.2575368934e+20,7.1537027322e+12,3.9765976422e-19,4.0536163529e-20,-5.1035607197e+01,2025-11-22T13:30:24.731019,1.6180339887e+00
Star_0298,2.9914876070e-01,5.9500688503e+29,1.3275419929e+20,1.3275419929e+17,8.8739438026e+08,1.4031730186e+04,4.3022393391e+03,8.8372329790e+02,8.8372329790e-01,1.5022145461e+17,1.5022145461e+17,1.3255849468e+03,2.6511698937e+03,False,False,1.0000000000e+00,0,1.0000000000e+00,2.0000000000e+00,2.6550839857e+20,2.6550839857e+17,5.4694004697e-01,7.7349003223e-01,7.7349003223e-01,1.0938800939e+00,5.4694004697e-04,7.7349003223e-04,7.7349003223e-04,1.0938800939e-03,1.8243956190e-09,2.5800850275e-09,0,0.0000000000e+00,inf,1.5250652042e+21,4.8326400113e+13,3.0501304084e+21,9.6652800227e+13,2.2533631071e-21,2.2970062253e-22,-2.9914341498e-01,2025-11-22T13:30:24.732025,1.6180339887e+00
Star_0299,4.7679201280e-01,9.4833931346e+29,2.0453096786e+19,2.0453096786e+16,1.3671856140e+08,2.1618324475e+03,6.6283490896e+02,1.4085039463e+03,1.4085039463e+00,1.4521149792e+16,1.4521149792e+16,2.1127559194e+03,4.2255118388e+03,False,False,1.0000000000e+00,0,1.0000000000e+00,2.0000000000e+00,4.0906193572e+19,4.0906193572e+16,1.7591594369e+00,2.4878271340e+00,2.4878271340e+00,3.5183188738e+00,1.7591594369e-03,2.4878271340e-03,2.4878271340e-03,3.5183188738e-03,5.8679242588e-09,8.2984980698e-09,0,2.2204460493e-16,inf,7.3052274010e+19,2.3148868738e+12,1.4610454802e+20,4.6297737477e+12,1.5130432114e-19,1.5423478200e-20,-3.0946419244e+00,2025-11-22T13:30:24.732025,1.6180339887e+00
Star_0300,1.7092707480e-01,3.3997395178e+29,5.0644571630e+19,5.0644571630e+16,3.3853323282e+08,5.3529829436e+03,1.6412668642e+03,5.0494021064e+02,5.0494021064e-01,1.0029815523e+17,1.0029815523e+17,7.5741031597e+02,1.5148206319e+03,False,False,1.0000000000e+00,0,1.0000000000e+00,2.0000000000e+00,1.0128914326e+20,1.0128914326e+17,6.6935919319e-01,9.4661684911e-01,9.4661684911e-01,1.3387183864e+00,6.6935919319e-04,9.4661684911e-04,9.4661684911e-04,1.3387183864e-03,2.2327419364e-09,3.1575739277e-09,0,0.0000000000e+00,inf,4.7539382679e+20,1.5064321330e+13,9.5078765359e+20,3.0128642659e+13,8.8467868341e-21,9.0181313294e-22,-4.4804172951e-01,2025-11-22T13:30:24.732025,1.6180339887e+00
Star_0301,3.7906395028e+01,7.5395819710e+31,1.2610797332e+19,1.2610797332e+16,8.4296773612e+07,1.3329243560e+03,4.0868513894e+02,1.1198028816e+05,1.1198028816e+02,1.1261622505e+14,1.1261622505e+14,1.6797043224e+05,3.3594086448e+05,False,False,1.0000000000e+00,0,1.0000000000e+00,2.0000000000e+00,2.5221594665e+19,2.5221594665e+16,1.9975847891e+01,2.8250115007e+01,2.8250115007e+01,3.9951695782e+01,1.9975847891e-02,2.8250115007e-02,2.8250115007e-02,3.9951695782e-02,6.6632256275e-08,9.4232240516e-08,0,4.4408920985e-15,inf,3.9665888999e+18,1.2569361738e+11,7.9331777999e+18,2.5138723477e+11,3.1642289416e-17,3.2255137019e-18,-3.9903449895e+02,2025-11-22T13:30:24.732025,1.6180339887e+00
Star_0302,1.0795656150e-01,2.1472560082e+29,4.2181790159e+19,4.2181790159e+16,2.8196383796e+08,4.4584917196e+03,1.3670087876e+03,3.1891734512e+02,3.1891734512e-01,1.3226558795e+17,1.3226558795e+17,4.7837601768e+02,9.5675203536e+02,False,False,1.0000000000e+00,0,1.0000000000e+00,2.0000000000e+00,8.4363580318e+19,8.4363580318e+16,5.8288418451e-01,8.2432271902e-01,8.2432271902e-01,1.1657683690e+00,5.8288418451e-04,8.2432271902e-04,8.2432271902e-04,1.1657683690e-03,1.9442923561e-09,2.7496446192e-09,0,0.0000000000e+00,inf,4.5469753890e+20,1.4408495541e+13,9.0939507780e+20,2.8816991083e+13,8.0545176311e-21,8.2105174629e-22,-3.3975397255e-01,2025-11-22T13:30:24.732531,1.6180339887e+00
Star_0303,1.2317708314e+00,2.4499921837e+30,1.0153600980e+20,1.0153600980e+17,6.7871664304e+08,1.0732058958e+04,3.2905340700e+03,3.6388069228e+03,3.6388069228e+00,2.7903654125e+16,2.7903654125e+16,5.4582103842e+03,1.0916420768e+04,False,False,1.0000000000e+00,0,1.0000000000e+00,2.0000000000e+00,2.0307201960e+20,2.0307201960e+17,1.2690395729e+00,1.7946929752e+00,1.7946929752e+00,2.5380791458e+00,1.2690395729e-03,1.7946929752e-03,1.7946929752e-03,2.5380791458e-03,4.2330603691e-09,5.9864513844e-09,0,0.0000000000e+00,inf,5.0271841677e+20,1.5930185336e+13,1.0054368335e+21,3.1860370673e+13,1.5860988046e-20,1.6168183533e-21,-1.6104614376e+00,2025-11-22T13:30:24.732531,1.6180339887e+00
Star_0304,1.9993165260e-01,3.9766405702e+29,1.5539895770e+20,1.5539895770e+17,1.0387630862e+09,1.6425214850e+04,5.0361006481e+03,5.9062340414e+02,5.9062340414e-01,2.6311005729e+17,2.6311005729e+17,8.8593510621e+02,1.7718702124e+03,False,False,1.0000000000e+00,0,1.0000000000e+00,2.0000000000e+00,3.1079791540e+20,3.1079791540e+17,4.1327295022e-01,5.8445621116e-01,5.8445621116e-01,8.2654590044e-01,4.1327295022e-04,5.8445621116e-04,5.8445621116e-04,8.2654590044e-04,1.3785301771e-09,1.9495360726e-09,0,0.0000000000e+00,inf,2.3626042964e+21,7.4866412413e+13,4.7252085927e+21,1.4973282483e+14,1.0990712802e-21,1.1203580838e-22,-1.7079453138e-01,2025-11-22T13:30:24.732531,1.6180339887e+00
Star_0305,1.9478250961e+00,3.8742241161e+30,1.5494024313e+20,1.5494024313e+17,1.0356968124e+09,1.6376730063e+04,5.0212348293e+03,5.7541218410e+03,5.7541218410e+00,2.6926826962e+16,2.6926826962e+16,8.6311827615e+03,1.7262365523e+04,False,False,1.0000000000e+00,0,1.0000000000e+00,2.0000000000e+00,3.0988048626e+20,3.0988048626e+17,1.2918530514e+00,1.8269561059e+00,1.8269561059e+00,2.5837061028e+00,1.2918530514e-03,1.8269561059e-03,1.8269561059e-03,2.5837061028e-03,4.3091579422e-09,6.0940696042e-09,0,0.0000000000e+00,inf,7.5358281506e+20,2.3879598419e+13,1.5071656301e+21,4.7759196838e+13,1.0771148106e-20,1.0979763615e-21,-1.6688843064e+00,2025-11-22T13:30:24.732531,1.6180339887e+00
Star_0306,1.2414256630e-01,2.4691956437e+29,9.8137713266e+19,9.8137713266e+16,6.5600075712e+08,1.0372868964e+04,3.1804035799e+03,3.6673285172e+02,3.6673285172e-01,2.6760000585e+17,2.6760000585e+17,5.5009927758e+02,1.1001985552e+03,False,False,1.0000000000e+00,0,1.0000000000e+00,2.0000000000e+00,1.9627542653e+20,1.9627542653e+17,4.0979121682e-01,5.7953229657e-01,5.7953229657e-01,8.1958243364e-01,4.0979121682e-04,5.7953229657e-04,5.7953229657e-04,8.1958243364e-04,1.3669163646e-09,1.9331116614e-09,0,0.0000000000e+00,inf,1.5047112109e+21,4.7681420985e+13,3.0094224218e+21,9.5362841970e+13,1.7111550269e-21,1.7442966635e-22,-1.6792884138e-01,2025-11-22T13:30:24.732531,1.6180339887e+00
Star_0307,3.9293566920e-01,7.8154904604e+29,6.3489075643e+19,6.3489075643e+16,4.2439221687e+08,6.7106094116e+03,2.0575258659e+03,1.1607816948e+03,1.1607816948e+00,5.4695104107e+16,5.4695104107e+16,1.7411725422e+03,3.4823450844e+03,False,False,1.0000000000e+00,0,1.0000000000e+00,2.0000000000e+00,1.2697815129e+20,1.2697815129e+17,9.0642417182e-01,1.2818773571e+00,1.2818773571e+00,1.8128483436e+00,9.0642417182e-04,1.2818773571e-03,1.2818773571e-03,1.8128483436e-03,3.0235055874e-09,4.2758826076e-09,0,0.0000000000e+00,inf,4.4009597234e+20,1.3945799818e+13,8.8019194467e+20,2.7891599636e+13,1.2940884254e-20,1.3191523194e-21,-8.2160477927e-01,2025-11-22T13:30:24.732531,1.6180339887e+00
Star_0308,1.4482016950e-01,2.8804731714e+29,5.2540946528e+19,5.2540946528e+16,3.5120953562e+08,5.5534242182e+03,1.7027237427e+03,4.2781710843e+02,4.2781710843e-01,1.2281170036e+17,1.2281170036e+17,6.4172566264e+02,1.2834513253e+03,False,False,1.0000000000e+00,0,1.0000000000e+00,2.0000000000e+00,1.0508189306e+20,1.0508189306e+17,6.0490313169e-01,8.5546221276e-01,8.5546221276e-01,1.2098062634e+00,6.0490313169e-04,8.5546221276e-04,8.5546221276e-04,1.2098062634e-03,2.0177396581e-09,2.8535147898e-09,0,0.0000000000e+00,inf,5.4574771720e+20,1.7293701587e+13,1.0914954344e+21,3.4587403174e+13,6.9642407096e-21,7.0991240669e-22,-3.6590779873e-01,2025-11-22T13:30:24.732531,1.6180339887e+00
Star_0309,4.2638770810e-01,8.4808515141e+29,1.4837839408e+20,1.4837839408e+17,9.9183418503e+08,1.5683161831e+04,4.8085813294e+03,1.2596032512e+03,1.2596032512e+00,1.1779772236e+17,1.1779772236e+17,1.8894048769e+03,3.7788097537e+03,False,False,1.0000000000e+00,0,1.0000000000e+00,2.0000000000e+00,2.9675678816e+20,2.9675678816e+17,6.1764262263e-01,8.7347857363e-01,8.7347857363e-01,1.2352852453e+00,6.1764262263e-04,8.7347857363e-04,8.7347857363e-04,1.2352852453e-03,2.0602340257e-09,2.9136109009e-09,0,0.0000000000e+00,inf,1.5094310390e+21,4.7830983312e+13,3.0188620779e+21,9.5661966623e+13,2.5710105009e-21,2.6208058114e-22,-3.8148240929e-01,2025-11-22T13:30:24.732531,1.6180339887e+00
Star_0310,1.5813807920e-01,3.1453663953e+29,1.3636416813e+19,1.3636416813e+16,9.1152518806e+07,1.4413293324e+03,4.4192296119e+02,4.6715989913e+02,4.6715989913e-01,2.9190041437e+16,2.9190041437e+16,7.0073984870e+02,1.4014796974e+03,False,False,1.0000000000e+00,0,1.0000000000e+00,2.0000000000e+00,2.7272833627e+19,2.7272833627e+16,1.2407616148e+00,1.7547019034e+00,1.7547019034e+00,2.4815232297e+00,1.2407616148e-03,1.7547019034e-03,1.7547019034e-03,2.4815232297e-03,4.1387352541e-09,5.8530555275e-09,0,0.0000000000e+00,inf,6.9054468432e+19,2.1882040596e+12,1.3810893686e+20,4.3764081193e+12,1.1289544797e-19,1.1508200609e-20,-1.5394893849e+00,2025-11-22T13:30:24.732531,1.6180339887e+00
Star_0311,3.2081850400e-01,6.3810800446e+29,2.0527103812e+19,2.0527103812e+16,1.3721326078e+08,2.1696547735e+03,6.6523329592e+02,9.4773846202e+02,9.4773846202e-01,2.1659038474e+16,2.1659038474e+16,1.4216076930e+03,2.8432153861e+03,False,False,1.0000000000e+00,0,1.0000000000e+00,2.0000000000e+00,4.1054207625e+19,4.1054207625e+16,1.4404099699e+00,2.0370473148e+00,2.0370473148e+00,2.8808199398e+00,1.4404099699e-03,2.0370473148e-03,2.0370473148e-03,2.8808199398e-03,4.8046904833e-09,6.7948584445e-09,0,0.0000000000e+00,inf,8.9540894443e+19,2.8373797261e+12,1.7908178889e+20,5.6747594521e+12,1.0107518822e-19,1.0303281164e-20,-2.0747808815e+00,2025-11-22T13:30:24.732531,1.6180339887e+00
Star_0312,3.5950062270e-01,7.1504673855e+29,4.3032660187e+19,4.3032660187e+16,2.8765147184e+08,4.5484261904e+03,1.3945834069e+03,1.0620103361e+03,1.0620103361e+00,4.0520001289e+16,4.0520001289e+16,1.5930155041e+03,3.1860310082e+03,False,False,1.0000000000e+00,0,1.0000000000e+00,2.0000000000e+00,8.6065320374e+19,8.6065320374e+16,1.0531033150e+00,1.4893129906e+00,1.4893129906e+00,2.1062066299e+00,1.0531033150e-03,1.4893129906e-03,1.4893129906e-03,2.1062066299e-03,3.5127745440e-09,4.9678134017e-09,0,0.0000000000e+00,inf,2.5674800789e+20,8.1358534201e+12,5.1349601578e+20,1.6271706840e+13,2.5771741444e-20,2.6270888322e-21,-1.1090265920e+00,2025-11-22T13:30:24.732531,1.6180339887e+00
Star_0313,1.5275395460e-01,3.0382761570e+29,4.5252712122e+19,4.5252712122e+16,3.0249139119e+08,4.7830791800e+03,1.4665298675e+03,4.5125451367e+02,4.5125451367e-01,1.0028201547e+17,1.0028201547e+17,6.7688177051e+02,1.3537635410e+03,False,False,1.0000000000e+00,0,1.0000000000e+00,2.0000000000e+00,9.0505424245e+19,9.0505424245e+16,6.6941305560e-01,9.4669302206e-01,9.4669302206e-01,1.3388261112e+00,6.6941305560e-04,9.4669302206e-04,9.4669302206e-04,1.3388261112e-03,2.2329216021e-09,3.1578280133e-09,0,0.0000000000e+00,inf,4.2474698325e+20,1.3459419704e+13,8.4949396651e+20,2.6918839408e+13,9.9024747466e-21,1.0094265797e-21,-4.4811383901e-01,2025-11-22T13:30:24.732531,1.6180339887e+00
Star_0314,1.8668849188e+00,3.7132341035e+30,2.8825001401e+19,2.8825001401e+16,1.9268049065e+08,3.0467182540e+03,9.3414788867e+02,5.5150143139e+03,5.5150143139e+00,5.2266412669e+15,5.2266412669e+15,8.2725214708e+03,1.6545042942e+04,False,False,1.0000000000e+00,0,1.0000000000e+00,2.0000000000e+00,5.7650002801e+19,5.7650002801e+16,2.9322051929e+00,4.1467643514e+00,4.1467643514e+00,5.8644103858e+00,2.9322051929e-03,4.1467643514e-03,4.1467643514e-03,5.8644103858e-03,9.7807837210e-09,1.3832116989e-08,0,2.2204460493e-16,inf,6.1766763704e+19,1.9572706322e+12,1.2353352741e+20,3.9145412645e+12,2.9827673462e-19,3.0405375598e-20,-8.5978272932e+00,2025-11-22T13:30:24.733627,1.6180339887e+00
Star_0315,1.4450147000e-01,2.8741342383e+29,1.4705169857e+19,1.4705169857e+16,9.8296589953e+07,1.5542934000e+03,4.7655863684e+02,4.2687562977e+02,4.2687562977e-01,3.4448370512e+16,3.4448370512e+16,6.4031344466e+02,1.2806268893e+03,False,False,1.0000000000e+00,0,1.0000000000e+00,2.0000000000e+00,2.9410339714e+19,2.9410339714e+16,1.1421453167e+00,1.6152373971e+00,1.6152373971e+00,2.2842906334e+00,1.1421453167e-03,1.6152373971e-03,1.6152373971e-03,2.2842906334e-03,3.8097866915e-09,5.3878520088e-09,0,0.0000000000e+00,inf,8.0896279865e+19,2.5634484202e+12,1.6179255973e+20,5.1268968404e+12,8.8710020838e-20,9.0428155798e-21,-1.3044959244e+00,2025-11-22T13:30:24.733627,1.6180339887e+00
Star_0316,1.4190114584e+00,2.8224137908e+30,5.9537191154e+19,5.9537191154e+16,3.9797587670e+08,6.2929067915e+03,1.9294549423e+03,4.1919394312e+03,4.1919394312e+00,1.4202779437e+16,1.4202779437e+16,6.2879091468e+03,1.2575818294e+04,False,False,1.0000000000e+00,0,1.0000000000e+00,2.0000000000e+00,1.1907438231e+20,1.1907438231e+17,1.7787668772e+00,2.5155562420e+00,2.5155562420e+00,3.5575337543e+00,1.7787668772e-03,2.5155562420e-03,2.5155562420e-03,3.5575337543e-03,5.9333276395e-09,8.3909924177e-09,0,2.2204460493e-16,inf,2.1030479570e+20,6.6641568337e+12,4.2060959139e+20,1.3328313667e+13,5.3143447683e-20,5.4172729544e-21,-3.1640116033e+00,2025-11-22T13:30:24.733627,1.6180339887e+00
Star_0317,2.0581056490e-01,4.0935721359e+29,2.4120290333e+19,2.4120290333e+16,1.6123188725e+08,2.5494440686e+03,7.8167969450e+02,6.0799045508e+02,6.0799045508e-01,3.9672152961e+16,3.9672152961e+16,9.1198568262e+02,1.8239713652e+03,False,False,1.0000000000e+00,0,1.0000000000e+00,2.0000000000e+00,4.8240580666e+19,4.8240580666e+16,1.0642969565e+00,1.5051431902e+00,1.5051431902e+00,2.1285939129e+00,1.0642969565e-03,1.5051431902e-03,1.5051431902e-03,2.1285939129e-03,3.5501125130e-09,5.0206172639e-09,0,0.0000000000e+00,inf,1.4239658669e+20,4.5122755435e+12,2.8479317338e+20,9.0245510870e+12,4.6961624254e-20,4.7871176610e-21,-1.1327280115e+00,2025-11-22T13:30:24.733627,1.6180339887e+00
Star_0318,4.1837080900e-01,8.3213953910e+29,4.2094793464e+19,4.2094793464e+16,2.8138230925e+08,4.4492964237e+03,1.3641894372e+03,1.2359203167e+03,1.2359203167e+00,3.4059472034e+16,3.4059472034e+16,1.8538804751e+03,3.7077609502e+03,False,False,1.0000000000e+00,0,1.0000000000e+00,2.0000000000e+00,8.4189586928e+19,8.4189586928e+16,1.1486474408e+00,1.6244327892e+00,1.6244327892e+00,2.2972948817e+00,1.1486474408e-03,1.6244327892e-03,1.6244327892e-03,2.2972948817e-03,3.8314754430e-09,5.4185245354e-09,0,0.0000000000e+00,inf,2.3026159150e+20,7.2965495318e+12,4.6052318301e+20,1.4593099064e+13,3.1343328587e-20,3.1950385919e-21,-1.3193909433e+00,2025-11-22T13:30:24.733627,1.6180339887e+00
Star_0319,1.7248475840e-01,3.4307218446e+29,4.2621354636e+19,4.2621354636e+16,2.8490210318e+08,4.5049523979e+03,1.3812539986e+03,5.0954180513e+02,5.0954180513e-01,8.3646433339e+16,8.3646433339e+16,7.6431270770e+02,1.5286254154e+03,False,False,1.0000000000e+00,0,1.0000000000e+00,2.0000000000e+00,8.5242709272e+19,8.5242709272e+16,7.3296289765e-01,1.0365660706e+00,1.0365660706e+00,1.4659257953e+00,7.3296289765e-04,1.0365660706e-03,1.0365660706e-03,1.4659257953e-03,2.4449010577e-09,3.4576122344e-09,0,0.0000000000e+00,inf,3.6536347212e+20,1.1577669789e+13,7.3072694424e+20,2.3155339577e+13,1.2604822487e-20,1.2848952586e-21,-5.3723460933e-01,2025-11-22T13:30:24.733627,1.6180339887e+00
Star_0320,1.1943844512e+00,2.3756306734e+30,1.3891835384e+20,1.3891835384e+17,9.2859862194e+08,1.4683263275e+04,4.5020045319e+03,3.5283628242e+03,3.5283628242e+00,3.9371901576e+16,3.9371901576e+16,5.2925442364e+03,1.0585088473e+04,False,False,1.0000000000e+00,0,1.0000000000e+00,2.0000000000e+00,2.7783670768e+20,2.7783670768e+17,1.0683474302e+00,1.5108714252e+00,1.5108714252e+00,2.1366948605e+00,1.0683474302e-03,1.5108714252e-03,1.5108714252e-03,2.1366948605e-03,3.5636234392e-09,5.0397245990e-09,0,0.0000000000e+00,inf,8.1700927531e+20,2.5889461661e+13,1.6340185506e+21,5.1778923322e+13,8.2160938431e-21,8.3752230817e-22,-1.1413662317e+00,2025-11-22T13:30:24.734138,1.6180339887e+00
Star_0321,1.8028597860e-01,3.5858881144e+29,2.7677648787e+18,2.7677648787e+15,1.8501102131e+07,2.9254464419e+02,8.9696499294e+01,5.3258759689e+02,5.3258759689e-01,5.1968256394e+15,5.1968256394e+15,7.9888139533e+02,1.5977627907e+03,False,False,1.0000000000e+00,0,1.0000000000e+00,2.0000000000e+00,5.5355297575e+18,5.5355297575e+15,2.9406045992e+00,4.1586429058e+00,4.1586429058e+00,5.8812091984e+00,2.9406045992e-03,4.1586429058e-03,4.1586429058e-03,5.8812091984e-03,9.8088011247e-09,1.3871739581e-08,0,2.2204460493e-16,inf,5.9138789433e+18,1.8739951528e+11,1.1827757887e+19,3.7479903055e+11,3.1242377109e-18,3.1847479214e-19,-8.6471554089e+00,2025-11-22T13:30:24.734138,1.6180339887e+00
Star_0322,6.0158601470e-01,1.1965545832e+30,1.8895144646e+19,1.8895144646e+16,1.2630444282e+08,1.9971614677e+03,6.1234548550e+02,1.7771612212e+03,1.7771612212e+00,1.0632206252e+16,1.0632206252e+16,2.6657418318e+03,5.3314836635e+03,False,False,1.0000000000e+00,0,1.0000000000e+00,2.0000000000e+00,3.7790289292e+19,3.7790289292e+16,2.0558622342e+00,2.9074282540e+00,2.9074282540e+00,4.1117244684e+00,2.0558622342e-03,2.9074282540e-03,2.9074282540e-03,4.1117244684e-03,6.8576182600e-09,9.6981367489e-09,0,2.2204460493e-16,inf,5.7747884679e+19,1.8299200408e+12,1.1549576936e+20,3.6598400816e+12,2.2368548138e-19,2.2801781996e-20,-4.2265695260e+00,2025-11-22T13:30:24.734138,1.6180339887e+00
Star_0323,4.4588054370e-01,8.8685640142e+29,3.6628820157e+19,3.6628820157e+16,2.4484505452e+08,3.8715590484e+03,1.1870505933e+03,1.3171875545e+03,1.3171875545e+00,2.7808355789e+16,2.7808355789e+16,1.9757813318e+03,3.9515626636e+03,False,False,1.0000000000e+00,0,1.0000000000e+00,2.0000000000e+00,7.3257640313e+19,7.3257640313e+16,1.2712121919e+00,1.7977655225e+00,1.7977655225e+00,2.5424243839e+00,1.2712121919e-03,1.7977655225e-03,1.7977655225e-03,2.5424243839e-03,4.2403074461e-09,5.9967002988e-09,0,0.0000000000e+00,inf,1.8104425531e+20,5.7369462604e+12,3.6208851062e+20,1.1473892521e+13,4.4117731065e-20,4.4972202921e-21,-1.6159804369e+00,2025-11-22T13:30:24.734138,1.6180339887e+00
Star_0324,4.9367524430e-01,9.8192006091e+29,4.7310911534e+19,4.7310911534e+16,3.1624940865e+08,5.0006248318e+03,1.5332310832e+03,1.4583791488e+03,1.4583791488e+00,3.2440748741e+16,3.2440748741e+16,2.1875687231e+03,4.3751374463e+03,False,False,1.0000000000e+00,0,1.0000000000e+00,2.0000000000e+00,9.4621823067e+19,9.4621823067e+16,1.1769561171e+00,1.6644673032e+00,1.6644673032e+00,2.3539122343e+00,1.1769561171e-03,1.6644673032e-03,1.6644673032e-03,2.3539122343e-03,3.9259030230e-09,5.5520652997e-09,0,0.0000000000e+00,inf,2.5256950526e+20,8.0034446618e+12,5.0513901052e+20,1.6006889324e+13,2.9279201283e-20,2.9846280614e-21,-1.3852257017e+00,2025-11-22T13:30:24.734138,1.6180339887e+00
Star_0325,4.9059578300e-01,9.7579501239e+29,4.4805899133e+19,4.4805899133e+16,2.9950467335e+08,4.7358523552e+03,1.4520497499e+03,1.4492820304e+03,1.4492820304e+00,3.0915928159e+16,3.0915928159e+16,2.1739230455e+03,4.3478460911e+03,False,False,1.0000000000e+00,0,1.0000000000e+00,2.0000000000e+00,8.9611798265e+19,8.9611798265e+16,1.2056314277e+00,1.7050203162e+00,1.7050203162e+00,2.4112628553e+00,1.2056314277e-03,1.7050203162e-03,1.7050203162e-03,2.4112628553e-03,4.0215535631e-09,5.6873355908e-09,0,0.0000000000e+00,inf,2.3350732292e+20,7.3994005539e+12,4.6701464584e+20,1.4798801108e+13,3.2440976914e-20,3.3069293491e-21,-1.4535471394e+00,2025-11-22T13:30:24.734138,1.6180339887e+00
Star_0326,2.6777669620e-01,5.3260784874e+29,1.1524330234e+20,1.1524330234e+17,7.7034293007e+08,1.2180879647e+04,3.7347539404e+03,7.9104624907e+02,7.9104624907e-01,1.4568465810e+17,1.4568465810e+17,1.1865693736e+03,2.3731387472e+03,False,False,1.0000000000e+00,0,1.0000000000e+00,2.0000000000e+00,2.3048660468e+20,2.3048660468e+17,5.5539094596e-01,7.8544140819e-01,7.8544140819e-01,1.1107818919e+00,5.5539094596e-04,7.8544140819e-04,7.8544140819e-04,1.1107818919e-03,1.8525847837e-09,2.6199505265e-09,0,0.0000000000e+00,inf,1.3037573430e+21,4.1313577172e+13,2.6075146859e+21,8.2627154343e+13,2.6765902798e-21,2.7284304585e-22,-3.0845910285e-01,2025-11-22T13:30:24.734138,1.6180339887e+00
Star_0327,1.9766032070e-01,3.9314637787e+29,2.6939248639e+19,2.6939248639e+16,1.8007519144e+08,2.8473997082e+03,8.7303524773e+02,5.8391360226e+02,5.8391360226e-01,4.6135675783e+16,4.6135675783e+16,8.7587040339e+02,1.7517408068e+03,False,False,1.0000000000e+00,0,1.0000000000e+00,2.0000000000e+00,5.3878497278e+19,5.3878497278e+16,9.8693207100e-01,1.3957327200e+00,1.3957327200e+00,1.9738641420e+00,9.8693207100e-04,1.3957327200e-03,1.3957327200e-03,1.9738641420e-03,3.2920510329e-09,4.6556632187e-09,0,0.0000000000e+00,inf,1.7150551310e+20,5.4346817598e+12,3.4301102621e+20,1.0869363520e+13,3.6156721586e-20,3.6857004675e-21,-9.7403491277e-01,2025-11-22T13:30:24.734138,1.6180339887e+00
Star_0328,1.5238800208e+00,3.0309973614e+30,3.3827298260e+19,3.3827298260e+16,2.2611830388e+08,3.5754463862e+03,1.0962601115e+03,4.5017344362e+03,4.5017344362e+00,7.5142811598e+15,7.5142811598e+15,6.7526016542e+03,1.3505203308e+04,False,False,1.0000000000e+00,0,1.0000000000e+00,2.0000000000e+00,6.7654596521e+19,6.7654596521e+16,2.4454680021e+00,3.4584140149e+00,3.4584140149e+00,4.8909360042e+00,2.4454680021e-03,3.4584140149e-03,3.4584140149e-03,4.8909360042e-03,8.1572032146e-09,1.1536027417e-08,0,2.2204460493e-16,inf,8.6913091166e+19,2.7541096650e+12,1.7382618233e+20,5.5082193301e+12,1.7678957697e-19,1.8021363605e-20,-5.9803137494e+00,2025-11-22T13:30:24.734138,1.6180339887e+00
Star_0329,1.1476325189e+00,2.2826410801e+30,1.2559654077e+20,1.2559654077e+17,8.3954906929e+08,1.3275186636e+04,4.0702771094e+03,3.3902516995e+03,3.3902516995e+00,3.7046376463e+16,3.7046376463e+16,5.0853775493e+03,1.0170755099e+04,False,False,1.0000000000e+00,0,1.0000000000e+00,2.0000000000e+00,2.5119308153e+20,2.5119308153e+17,1.1013689719e+00,1.5575709373e+00,1.5575709373e+00,2.2027379439e+00,1.1013689719e-03,1.5575709373e-03,1.5575709373e-03,2.2027379439e-03,3.6737714460e-09,5.1954974040e-09,0,0.0000000000e+00,inf,7.1651404723e+20,2.2704960049e+13,1.4330280945e+21,4.5409920097e+13,9.6580176884e-21,9.8450740963e-22,-1.2130136123e+00,2025-11-22T13:30:24.734138,1.6180339887e+00
Star_0330,2.8695860040e-01,5.7076065620e+29,3.0857000000e+19,3.0857000000e+16,2.0626336898e+08,3.2614945566e+03,1.0000000000e+03,8.4771202164e+02,8.4771202164e-01,3.6400333146e+16,3.6400333146e+16,1.2715680325e+03,2.5431360649e+03,False,False,1.0000000000e+00,0,1.0000000000e+00,2.0000000000e+00,6.1714000000e+19,6.1714000000e+16,1.1110996886e+00,1.5713322487e+00,1.5713322487e+00,2.2221993772e+00,1.1110996886e-03,1.5713322487e-03,1.5713322487e-03,2.2221993772e-03,3.7062296229e-09,5.2414001980e-09,0,0.0000000000e+00,inf,1.7449401797e+20,5.5293817644e+12,3.4898803594e+20,1.1058763529e+13,4.0008507566e-20,4.0783392014e-21,-1.2345425180e+00,2025-11-22T13:30:24.734138,1.6180339887e+00
Star_0331,2.3638181130e-01,4.7016342268e+29,1.4627782993e+20,1.4627782993e+17,9.7779298083e+08,1.5461138350e+04,4.7405071761e+03,6.9830178589e+02,6.9830178589e-01,2.0947652274e+17,2.0947652274e+17,1.0474526788e+03,2.0949053577e+03,False,False,1.0000000000e+00,0,1.0000000000e+00,2.0000000000e+00,2.9255565986e+20,2.9255565986e+17,4.6316744589e-01,6.5501768363e-01,6.5501768363e-01,9.2633489178e-01,4.6316744589e-04,6.5501768363e-04,6.5501768363e-04,9.2633489178e-04,1.5449603001e-09,2.1849038098e-09,0,0.0000000000e+00,inf,1.9843594794e+21,6.2880557437e+13,3.9687189588e+21,1.2576111487e+14,1.4665522659e-21,1.4949564382e-22,-2.1452408293e-01,2025-11-22T13:30:24.735144,1.6180339887e+00
Star_0332,1.5637941210e-01,3.1103865067e+29,2.7627858528e+19,2.7627858528e+16,1.8467819872e+08,2.9201837573e+03,8.9535141225e+02,4.6196457395e+02,4.6196457395e-01,5.9805145429e+16,5.9805145429e+16,6.9294686092e+02,1.3858937218e+03,False,False,1.0000000000e+00,0,1.0000000000e+00,2.0000000000e+00,5.5255717056e+19,5.5255717056e+16,8.6683498261e-01,1.2258897887e+00,1.2258897887e+00,1.7336699652e+00,8.6683498261e-04,1.2258897887e-03,1.2258897887e-03,1.7336699652e-03,2.8914502666e-09,4.0891281819e-09,0,0.0000000000e+00,inf,2.0025836319e+20,6.3458045982e+12,4.0051672638e+20,1.2691609196e+13,2.7197290239e-20,2.7724047135e-21,-7.5140288707e-01,2025-11-22T13:30:24.735144,1.6180339887e+00
Star_0333,1.5741050800e+00,3.1308950041e+30,3.5920093713e+19,3.5920093713e+16,2.4010757830e+08,3.7966487383e+03,1.1640825004e+03,4.6501056173e+03,4.6501056173e+00,7.7245758849e+15,7.7245758849e+15,6.9751584259e+03,1.3950316852e+04,False,False,1.0000000000e+00,0,1.0000000000e+00,2.0000000000e+00,7.1840187427e+19,7.1840187427e+16,2.4119504583e+00,3.4110130499e+00,3.4110130499e+00,4.8239009166e+00,2.4119504583e-03,3.4110130499e-03,3.4110130499e-03,4.8239009166e-03,8.0454007229e-09,1.1377914817e-08,0,2.2204460493e-16,inf,9.3572653731e+19,2.9651384684e+12,1.8714530746e+20,5.9302769368e+12,1.6195684398e-19,1.6509362282e-20,-5.8175050134e+00,2025-11-22T13:30:24.735144,1.6180339887e+00
Star_0334,2.0347864120e-01,4.0471901735e+29,9.4693060237e+19,9.4693060237e+16,6.3297500159e+08,1.0008779224e+04,3.0687707890e+03,6.0110165736e+02,6.0110165736e-01,1.5753252229e+17,1.5753252229e+17,9.0165248603e+02,1.8033049721e+03,False,False,1.0000000000e+00,0,1.0000000000e+00,2.0000000000e+00,1.8938612047e+20,1.8938612047e+17,5.3409755735e-01,7.5532800924e-01,7.5532800924e-01,1.0681951147e+00,5.3409755735e-04,7.5532800924e-04,7.5532800924e-04,1.0681951147e-03,1.7815576847e-09,2.5195030398e-09,0,0.0000000000e+00,inf,1.1139800896e+21,3.5299898901e+13,2.2279601791e+21,7.0599797802e+13,3.0124720867e-21,3.0708176215e-22,-2.8526020077e-01,2025-11-22T13:30:24.735144,1.6180339887e+00
Star_0335,6.4299382000e-01,1.2789147080e+30,8.9958746733e+19,8.9958746733e+16,6.0132852094e+08,9.5083761477e+03,2.9153432522e+03,1.8994851184e+03,1.8994851184e+00,4.7359542784e+16,4.7359542784e+16,2.8492276776e+03,5.6984553552e+03,False,False,1.0000000000e+00,0,1.0000000000e+00,2.0000000000e+00,1.7991749347e+20,1.7991749347e+17,9.7409643653e-01,1.3775803916e+00,1.3775803916e+00,1.9481928731e+00,9.7409643653e-04,1.3775803916e-03,1.3775803916e-03,1.9481928731e-03,3.2492359649e-09,4.5951135689e-09,0,0.0000000000e+00,inf,5.8025823166e+20,1.8387273800e+13,1.1605164633e+21,3.6774547599e+13,1.0547766639e-20,1.0752055697e-21,-9.4886386766e-01,2025-11-22T13:30:24.735144,1.6180339887e+00
Star_0336,4.1387350560e-01,8.2319440264e+29,1.1053604139e+19,1.1053604139e+16,7.3887728200e+07,1.1683335946e+03,3.5822031107e+02,1.2226347133e+03,1.2226347133e+00,9.0408067252e+15,9.0408067252e+15,1.8339520700e+03,3.6679041400e+03,False,False,1.0000000000e+00,0,1.0000000000e+00,2.0000000000e+00,2.2107208278e+19,2.2107208278e+16,2.2294724631e+00,3.1529501942e+00,3.1529501942e+00,4.4589449261e+00,2.2294724631e-03,3.1529501942e-03,3.1529501942e-03,4.4589449261e-03,7.4367196491e-09,1.0517109787e-08,0,2.2204460493e-16,inf,3.1151693626e+19,9.8713760316e+11,6.2303387251e+19,1.9742752063e+12,4.4967663046e-19,4.5838596377e-20,-4.9705474636e+00,2025-11-22T13:30:24.735144,1.6180339887e+00
Star_0337,4.2860831980e-01,8.5250194808e+29,2.4623454696e+19,2.4623454696e+16,1.6459528540e+08,2.6026270686e+03,7.9798602250e+02,1.2661632192e+03,1.2661632192e+00,1.9447298991e+16,1.9447298991e+16,1.8992448289e+03,3.7984896577e+03,False,False,1.0000000000e+00,0,1.0000000000e+00,2.0000000000e+00,4.9246909393e+19,4.9246909393e+16,1.5201136522e+00,2.1497653433e+00,2.1497653433e+00,3.0402273045e+00,1.5201136522e-03,2.1497653433e-03,2.1497653433e-03,3.0402273045e-03,5.0705533501e-09,7.1708453164e-09,0,0.0000000000e+00,inf,1.0177773782e+20,3.2251418937e+12,2.0355547565e+20,6.4502837874e+12,9.3843270338e-20,9.5660826032e-21,-2.3107455157e+00,2025-11-22T13:30:24.735144,1.6180339887e+00
Star_0338,1.8326254617e+00,3.6450920433e+30,1.9564772356e+19,1.9564772356e+16,1.3078056388e+08,2.0679391562e+03,6.3404648399e+02,5.4138075419e+03,5.4138075419e+00,3.6138655106e+15,3.6138655106e+15,8.1207113128e+03,1.6241422626e+04,False,False,1.0000000000e+00,0,1.0000000000e+00,2.0000000000e+00,3.9129544713e+19,3.9129544713e+16,3.5263036927e+00,4.9869465073e+00,4.9869465073e+00,7.0526073855e+00,3.5263036927e-03,4.9869465073e-03,4.9869465073e-03,7.0526073855e-03,1.1762483007e-08,1.6634662995e-08,0,2.2204460493e-16,inf,3.4860607854e+19,1.1046660029e+12,6.9721215709e+19,2.2093320059e+12,6.3557180768e-19,6.4788155727e-20,-1.2434817733e+01,2025-11-22T13:30:24.735144,1.6180339887e+00
Star_0339,7.3396654040e-01,1.4598594489e+30,3.8023202864e+19,3.8023202864e+16,2.5416579455e+08,4.0189412181e+03,1.2322391310e+03,2.1682300475e+03,2.1682300475e+00,1.7536516897e+16,1.7536516897e+16,3.2523450713e+03,6.5046901426e+03,False,False,1.0000000000e+00,0,1.0000000000e+00,2.0000000000e+00,7.6046405728e+19,7.6046405728e+16,1.6007887964e+00,2.2638572263e+00,2.2638572263e+00,3.2015775927e+00,1.6007887964e-03,2.2638572263e-03,2.2638572263e-03,3.2015775927e-03,5.3396566646e-09,7.5514148735e-09,0,2.2204460493e-16,inf,1.4924319193e+20,4.7292313714e+12,2.9848638385e+20,9.4584627428e+12,6.7393711669e-20,6.8698992527e-21,-2.5625247706e+00,2025-11-22T13:30:24.735144,1.6180339887e+00
Star_0340,1.8288324280e-01,3.6375476993e+29,1.9410126645e+19,1.9410126645e+16,1.2974683586e+08,2.0515935572e+03,6.2903479421e+02,5.4026024403e+02,5.4026024403e-01,3.5927364376e+16,3.5927364376e+16,8.1039036605e+02,1.6207807321e+03,False,False,1.0000000000e+00,0,1.0000000000e+00,2.0000000000e+00,3.8820253290e+19,3.8820253290e+16,1.1183893577e+00,1.5816413977e+00,1.5816413977e+00,2.2367787154e+00,1.1183893577e-03,1.5816413977e-03,1.5816413977e-03,2.2367787154e-03,3.7305453418e-09,5.2757878174e-09,0,0.0000000000e+00,inf,1.0904737398e+20,3.4555027626e+12,2.1809474796e+20,6.9110055252e+12,6.4440319133e-20,6.5688398709e-21,-1.2507947554e+00,2025-11-22T13:30:24.735144,1.6180339887e+00
Star_0341,1.5363148930e-01,3.0557303222e+29,8.8898804179e+18,8.8898804179e+15,5.9424334344e+07,9.3963433230e+02,2.8809931030e+02,4.5384686223e+02,4.5384686223e-01,1.9587841533e+16,1.9587841533e+16,6.8077029335e+02,1.3615405867e+03,False,False,1.0000000000e+00,0,1.0000000000e+00,2.0000000000e+00,1.7779760836e+19,1.7779760836e+16,1.5146504358e+00,2.1420391886e+00,2.1420391886e+00,3.0293008716e+00,1.5146504358e-03,2.1420391886e-03,2.1420391886e-03,3.0293008716e-03,5.0523300216e-09,7.1450736381e-09,0,0.0000000000e+00,inf,3.6877661475e+19,1.1685825752e+12,7.3755322950e+19,2.3371651504e+12,2.5806488219e-19,2.6306308072e-20,-2.2941659427e+00,2025-11-22T13:30:24.735144,1.6180339887e+00
Star_0342,8.0940182750e-01,1.6099002349e+30,1.5910246011e+19,1.5910246011e+16,1.0635191184e+08,1.6816664212e+03,5.1561221152e+02,2.3910754323e+03,2.3910754323e+00,6.6540125818e+15,6.6540125818e+15,3.5866131485e+03,7.1732262970e+03,False,False,1.0000000000e+00,0,1.0000000000e+00,2.0000000000e+00,3.1820492022e+19,3.1820492022e+16,2.5987463732e+00,3.6751823661e+00,3.6751823661e+00,5.1974927463e+00,2.5987463732e-03,3.6751823661e-03,3.6751823661e-03,5.1974927463e-03,8.6684848261e-09,1.2259088806e-08,0,2.2204460493e-16,inf,3.8467402976e+19,1.2189584435e+12,7.6934805952e+19,2.4379168870e+12,4.2447380810e-19,4.3269501335e-20,-6.7534827120e+00,2025-11-22T13:30:24.735144,1.6180339887e+00
Star_0343,1.3928189287e+00,2.7703168492e+30,4.5618546228e+19,4.5618546228e+16,3.0493680634e+08,4.8217467740e+03,1.4783856573e+03,4.1145633837e+03,4.1145633837e+00,1.1087092839e+16,1.1087092839e+16,6.1718450755e+03,1.2343690151e+04,False,False,1.0000000000e+00,0,1.0000000000e+00,2.0000000000e+00,9.1237092457e+19,9.1237092457e+16,2.0132460840e+00,2.8471599164e+00,2.8471599164e+00,4.0264921680e+00,2.0132460840e-03,2.8471599164e-03,2.8471599164e-03,4.0264921680e-03,6.7154660842e-09,9.4971032139e-09,0,2.2204460493e-16,inf,1.4237195427e+20,4.5114949891e+12,2.8474390853e+20,9.0229899781e+12,8.8848946970e-20,9.0569772650e-21,-4.0531597947e+00,2025-11-22T13:30:24.735144,1.6180339887e+00
Star_0344,1.9919541400e-01,3.9619967845e+29,4.7775604570e+19,4.7775604570e+16,3.1935564552e+08,5.0497415252e+03,1.5482906494e+03,5.8844846214e+02,5.8844846214e-01,8.1189106003e+16,8.1189106003e+16,8.8267269321e+02,1.7653453864e+03,False,False,1.0000000000e+00,0,1.0000000000e+00,2.0000000000e+00,9.5551209140e+19,9.5551209140e+16,7.4397240194e-01,1.0521358608e+00,1.0521358608e+00,1.4879448039e+00,7.4397240194e-04,1.0521358608e-03,1.0521358608e-03,1.4879448039e-03,2.4816248110e-09,3.5095474645e-09,0,0.0000000000e+00,inf,4.0348670985e+20,1.2785722293e+13,8.0697341970e+20,2.5571444587e+13,1.1585304672e-20,1.1809688759e-21,-5.5349493484e-01,2025-11-22T13:30:24.736300,1.6180339887e+00
Star_0345,3.1628442790e-01,6.2908972709e+29,6.1350828053e+18,6.1350828053e+15,4.1009911800e+07,6.4846029017e+02,1.9882304843e+02,9.3434422741e+02,9.3434422741e-01,6.5661911588e+15,6.5661911588e+15,1.4015163411e+03,2.8030326822e+03,False,False,1.0000000000e+00,0,1.0000000000e+00,2.0000000000e+00,1.2270165611e+19,1.2270165611e+16,2.6160674915e+00,3.6996781266e+00,3.6996781266e+00,5.2321349830e+00,2.6160674915e-03,3.6996781266e-03,3.6996781266e-03,5.2321349830e-03,8.7262618578e-09,1.2340797868e-08,0,2.2204460493e-16,inf,1.4735041151e+19,4.6692527793e+11,2.9470082302e+19,9.3385055586e+11,1.1155202525e-18,1.1371256396e-19,-6.8438091201e+00,2025-11-22T13:30:24.736300,1.6180339887e+00
Star_0346,2.4602916020e-01,4.8935199964e+29,1.5435072898e+20,1.5435072898e+17,1.0317562098e+09,1.6314420144e+04,5.0021301158e+03,7.2680127546e+02,7.2680127546e-01,2.1236992035e+17,2.1236992035e+17,1.0902019132e+03,2.1804038264e+03,False,False,1.0000000000e+00,0,1.0000000000e+00,2.0000000000e+00,3.0870145796e+20,3.0870145796e+17,4.6000145250e-01,6.5054029284e-01,6.5054029284e-01,9.2000290500e-01,4.6000145250e-04,6.5054029284e-04,6.5054029284e-04,9.2000290500e-04,1.5343996829e-09,2.1699688417e-09,0,0.0000000000e+00,inf,2.1082851526e+21,6.6807525053e+13,4.2165703053e+21,1.3361505011e+14,1.3709124518e-21,1.3974642730e-22,-2.1160133630e-01,2025-11-22T13:30:24.736300,1.6180339887e+00
Star_0347,4.1015853890e-01,8.1580533387e+29,1.4181218644e+19,1.4181218644e+16,9.4794242270e+07,1.4989132907e+03,4.5957865780e+02,1.2116602315e+03,1.2116602315e+00,1.1703956501e+16,1.1703956501e+16,1.8174903473e+03,3.6349806946e+03,False,False,1.0000000000e+00,0,1.0000000000e+00,2.0000000000e+00,2.8362437287e+19,2.8362437287e+16,1.9594733247e+00,2.7711137510e+00,2.7711137510e+00,3.9189466495e+00,1.9594733247e-03,2.7711137510e-03,2.7711137510e-03,3.9189466495e-03,6.5360994663e-09,9.2434405103e-09,0,2.2204460493e-16,inf,4.5473048035e+19,1.4409539393e+12,9.0946096070e+19,2.8819078786e+12,2.7074793830e-19,2.7599178216e-20,-3.8395357104e+00,2025-11-22T13:30:24.736300,1.6180339887e+00
Star_0348,1.5598252590e-01,3.1024924402e+29,4.1920428492e+19,4.1920428492e+16,2.8021676800e+08,4.4308665566e+03,1.3585386944e+03,4.6079212189e+02,4.6079212189e-01,9.0974707468e+16,9.0974707468e+16,6.9118818283e+02,1.3823763657e+03,False,False,1.0000000000e+00,0,1.0000000000e+00,2.0000000000e+00,8.3840856985e+19,8.3840856985e+16,7.0282203839e-01,9.9394045863e-01,9.9394045863e-01,1.4056440768e+00,7.0282203839e-04,9.9394045863e-04,9.9394045863e-04,1.4056440768e-03,2.3443619732e-09,3.3154284976e-09,0,0.0000000000e+00,inf,3.7476602324e+20,1.1875618654e+13,7.4953204648e+20,2.3751237308e+13,1.1783248297e-20,1.2011466154e-21,-4.9395881765e-01,2025-11-22T13:30:24.736300,1.6180339887e+00
Star_0349,4.1122690830e-01,8.1793032061e+29,2.1564810116e+19,2.1564810116e+16,1.4414980024e+08,2.2793372917e+03,6.9886282258e+02,1.2148163300e+03,1.2148163300e+00,1.7751498382e+16,1.7751498382e+16,1.8222244949e+03,3.6444489899e+03,False,False,1.0000000000e+00,0,1.0000000000e+00,2.0000000000e+00,4.3129620233e+19,4.3129620233e+16,1.5910660045e+00,2.2501071222e+00,2.2501071222e+00,3.1821320090e+00,1.5910660045e-03,2.2501071222e-03,2.2501071222e-03,3.1821320090e-03,5.3072249220e-09,7.5055494632e-09,0,2.2204460493e-16,inf,8.5160325022e+19,2.6985678576e+12,1.7032065004e+20,5.3971357151e+12,1.1738990592e-19,1.1966351266e-20,-2.5314910307e+00,2025-11-22T13:30:24.736300,1.6180339887e+00
Star_0350,1.6140235897e+00,3.2102929199e+30,2.3166629236e+19,2.3166629236e+16,1.5485714730e+08,2.4486448828e+03,7.5077386771e+02,4.7680299468e+03,4.7680299468e+00,4.8587423934e+15,4.8587423934e+15,7.1520449202e+03,1.4304089840e+04,False,False,1.0000000000e+00,0,1.0000000000e+00,2.0000000000e+00,4.6333258472e+19,4.6333258472e+16,3.0411915017e+00,4.3008942675e+00,4.3008942675e+00,6.0823830035e+00,3.0411915017e-03,4.3008942675e-03,4.3008942675e-03,6.0823830035e-03,1.0144322916e-08,1.4346239049e-08,0,2.2204460493e-16,inf,4.7862893326e+19,1.5166835667e+12,9.5725786652e+19,3.0333671335e+12,3.9923139685e-19,4.0696370729e-20,-9.2488457502e+00,2025-11-22T13:30:24.736300,1.6180339887e+00
Star_0351,9.8992411110e-01,1.9689590570e+30,3.5303066852e+19,3.5303066852e+16,2.3598306719e+08,3.7314308056e+03,1.1440861669e+03,2.9243611041e+03,2.9243611041e+00,1.2072061416e+16,1.2072061416e+16,4.3865416561e+03,8.7730833123e+03,False,False,1.0000000000e+00,0,1.0000000000e+00,2.0000000000e+00,7.0606133704e+19,7.0606133704e+16,1.9293676261e+00,2.7285378636e+00,2.7285378636e+00,3.8587352521e+00,1.9293676261e-03,2.7285378636e-03,2.7285378636e-03,3.8587352521e-03,6.4356776649e-09,9.1014226368e-09,0,2.2204460493e-16,inf,1.1496809004e+20,3.6431189329e+12,2.2993618007e+20,7.2862378657e+12,1.0544294783e-19,1.0748516599e-20,-3.7224594365e+00,2025-11-22T13:30:24.736300,1.6180339887e+00
Star_0352,1.7994195134e+00,3.5790454122e+30,4.8391804568e+19,4.8391804568e+16,3.2347462947e+08,5.1148720609e+03,1.5682601863e+03,5.3157129682e+03,5.3157129682e+00,9.1035397994e+15,9.1035397994e+15,7.9735694523e+03,1.5947138905e+04,False,False,1.0000000000e+00,0,1.0000000000e+00,2.0000000000e+00,9.6783609137e+19,9.6783609137e+16,2.2217774649e+00,3.1420678234e+00,3.1420678234e+00,4.4435549298e+00,2.2217774649e-03,3.1420678234e-03,3.1420678234e-03,4.4435549298e-03,7.4110518981e-09,1.0480810106e-08,0,2.2204460493e-16,inf,1.3685199362e+20,4.3365779914e+12,2.7370398724e+20,8.6731559827e+12,1.0200684078e-19,1.0398250844e-20,-4.9362951036e+00,2025-11-22T13:30:24.736300,1.6180339887e+00
Star_0353,9.6127663500e-01,1.9119792270e+30,8.8802749836e+18,8.8802749836e+15,5.9360126896e+07,9.3861906602e+02,2.8778802164e+02,2.8397328342e+03,2.8397328342e+00,3.1271515674e+15,3.1271515674e+15,4.2595992513e+03,8.5191985026e+03,False,False,1.0000000000e+00,0,1.0000000000e+00,2.0000000000e+00,1.7760549967e+19,1.7760549967e+16,3.7908032080e+00,5.3610053091e+00,5.3610053091e+00,7.5816064161e+00,3.7908032080e-03,5.3610053091e-03,5.3610053091e-03,7.5816064161e-03,1.2644758422e-08,1.7882388853e-08,0,2.2204460493e-16,inf,1.4718889438e+19,4.6641346104e+11,2.9437778876e+19,9.3282692208e+11,1.6182144121e-18,1.6495559757e-19,-1.4370188962e+01,2025-11-22T13:30:24.736300,1.6180339887e+00
Star_0354,1.7308366470e-01,3.4426340909e+29,1.4390227829e+20,1.4390227829e+17,9.6191362494e+08,1.5210049497e+04,4.6635213498e+03,5.1131105014e+02,5.1131105014e-01,2.8143784151e+17,2.8143784151e+17,7.6696657520e+02,1.5339331504e+03,False,False,1.0000000000e+00,0,1.0000000000e+00,2.0000000000e+00,2.8780455658e+20,2.8780455658e+17,3.9958986038e-01,5.6510539994e-01,5.6510539994e-01,7.9917972077e-01,3.9958986038e-04,5.6510539994e-04,5.6510539994e-04,7.9917972077e-04,1.3328883023e-09,1.8849887142e-09,0,0.0000000000e+00,inf,2.2627317914e+21,7.1701643707e+13,4.5254635829e+21,1.4340328741e+14,1.1095867169e-21,1.1310771834e-22,-1.5967205652e-01,2025-11-22T13:30:24.737321,1.6180339887e+00
Star_0355,1.0390202570e-01,2.0666112912e+29,3.8159970705e+19,3.8159970705e+16,2.5508001808e+08,4.0333971784e+03,1.2366714426e+03,3.0693973324e+02,3.0693973324e-01,1.2432398472e+17,1.2432398472e+17,4.6040959987e+02,9.2081919973e+02,False,False,1.0000000000e+00,0,1.0000000000e+00,2.0000000000e+00,7.6319941409e+19,7.6319941409e+16,6.0121283625e-01,8.5024334689e-01,8.5024334689e-01,1.2024256725e+00,6.0121283625e-04,8.5024334689e-04,8.5024334689e-04,1.2024256725e-03,2.0054301574e-09,2.8361065270e-09,0,0.0000000000e+00,inf,3.9880413857e+20,1.2637340563e+13,7.9760827713e+20,2.5274681127e+13,9.4721475880e-21,9.6556040652e-22,-3.6145687447e-01,2025-11-22T13:30:24.737321,1.6180339887e+00
Star_0356,3.6934200685e+01,7.3462125162e+31,4.6798441577e+18,4.6798441577e+15,3.1282380733e+07,4.9464582578e+02,1.5166231836e+02,1.0910830303e+05,1.0910830303e+02,4.2891732596e+13,4.2891732596e+13,1.6366245455e+05,3.2732490910e+05,False,False,1.0000000000e+00,0,1.0000000000e+00,2.0000000000e+00,9.3596883154e+18,9.3596883154e+15,3.2368226929e+01,4.5775585513e+01,4.5775585513e+01,6.4736453858e+01,3.2368226929e-02,4.5775585513e-02,4.5775585513e-02,6.4736453858e-02,1.0796878329e-07,1.5269091764e-07,0,1.1768364061e-14,inf,9.0843184324e+17,2.8786468022e+10,1.8168636865e+18,5.7572936043e+10,2.2387542816e-16,2.2821144563e-17,-1.0477021145e+03,2025-11-22T13:30:24.737321,1.6180339887e+00
Star_0357,1.5812365290e-01,3.1450794562e+29,5.2319651572e+19,5.2319651572e+16,3.4973029126e+08,5.5300339893e+03,1.6955521137e+03,4.6711728201e+02,4.6711728201e-01,1.1200538620e+17,1.1200538620e+17,7.0067592302e+02,1.4013518460e+03,False,False,1.0000000000e+00,0,1.0000000000e+00,2.0000000000e+00,1.0463930314e+20,1.0463930314e+17,6.3341194799e-01,8.9577976742e-01,8.9577976742e-01,1.2668238960e+00,6.3341194799e-04,8.9577976742e-04,8.9577976742e-04,1.2668238960e-03,2.1128348332e-09,2.9879996762e-09,0,0.0000000000e+00,inf,5.1898936716e+20,1.6445780641e+13,1.0379787343e+21,3.2891561282e+13,7.6684512186e-21,7.8169737193e-22,-4.0121069586e-01,2025-11-22T13:30:24.737321,1.6180339887e+00
Star_0358,1.4170707302e+00,2.8185536824e+30,7.9925461007e+17,7.9925461007e+14,5.3426110299e+06,8.4478872220e+01,2.5901889687e+01,4.1862062745e+03,4.1862062745e+00,1.9092575895e+14,1.9092575895e+14,6.2793094117e+03,1.2558618823e+04,False,False,1.0000000000e+00,0,1.0000000000e+00,2.0000000000e+00,1.5985092201e+18,1.5985092201e+15,1.5341698453e+01,2.1696438022e+01,2.1696438022e+01,3.0683396906e+01,1.5341698453e-02,2.1696438022e-02,2.1696438022e-02,3.0683396906e-02,5.1174397633e-08,7.2371527179e-08,0,2.6645352591e-15,inf,3.2733434554e+17,1.0372599486e+10,6.5466869109e+17,2.0745198972e+10,2.9448402106e-16,3.0018758518e-17,-2.3536771143e+02,2025-11-22T13:30:24.737321,1.6180339887e+00
Star_0359,1.3367509167e+00,2.6587975733e+30,9.8686273454e+19,9.8686273454e+16,6.5966760330e+08,1.0430850170e+04,3.1981810757e+03,3.9489313805e+03,3.9489313805e+00,2.4990627576e+16,2.4990627576e+16,5.9233970708e+03,1.1846794142e+04,False,False,1.0000000000e+00,0,1.0000000000e+00,2.0000000000e+00,1.9737254691e+20,1.9737254691e+17,1.3409640157e+00,1.8964094976e+00,1.8964094976e+00,2.6819280314e+00,1.3409640157e-03,1.8964094976e-03,1.8964094976e-03,2.6819280314e-03,4.4729744859e-09,6.3257411820e-09,0,0.0000000000e+00,inf,4.6240177673e+20,1.4652628106e+13,9.2480355346e+20,2.9305256213e+13,1.8221221943e-20,1.8574130421e-21,-1.7981844914e+00,2025-11-22T13:30:24.737321,1.6180339887e+00
Star_0360,9.0341492830e-01,1.7968922924e+30,1.2096987399e+20,1.2096987399e+17,8.0862215232e+08,1.2786161504e+04,3.9203381401e+03,2.6688020299e+03,2.6688020299e+00,4.5327406316e+16,4.5327406316e+16,4.0032030449e+03,8.0064060898e+03,False,False,1.0000000000e+00,0,1.0000000000e+00,2.0000000000e+00,2.4193974798e+20,2.4193974798e+17,9.9569257972e-01,1.4081219502e+00,1.4081219502e+00,1.9913851594e+00,9.9569257972e-04,1.4081219502e-03,1.4081219502e-03,1.9913851594e-03,3.3212729445e-09,4.6969892425e-09,0,0.0000000000e+00,inf,7.6336426557e+20,2.4189553881e+13,1.5267285311e+21,4.8379107763e+13,8.1954595854e-21,8.3541891798e-22,-9.9140371332e-01,2025-11-22T13:30:24.737321,1.6180339887e+00
Star_0361,4.9885153800e-01,9.9221570908e+29,3.4860267849e+19,3.4860267849e+16,2.3302318081e+08,3.6846282474e+03,1.1297361328e+03,1.4736705754e+03,1.4736705754e+00,2.3655400623e+16,2.3655400623e+16,2.2105058632e+03,4.4210117263e+03,False,False,1.0000000000e+00,0,1.0000000000e+00,2.0000000000e+00,6.9720535697e+19,6.9720535697e+16,1.3782898290e+00,1.9491961690e+00,1.9491961690e+00,2.7565796580e+00,1.3782898290e-03,1.9491961690e-03,1.9491961690e-03,2.7565796580e-03,4.5974799972e-09,6.5018185648e-09,0,0.0000000000e+00,inf,1.5891688246e+20,5.0357721266e+12,3.1783376492e+20,1.0071544253e+13,5.4494212750e-20,5.5549656218e-21,-1.8996828527e+00,2025-11-22T13:30:24.737321,1.6180339887e+00
Star_0362,2.4630722370e-01,4.8990506794e+29,8.7763353217e+19,8.7763353217e+16,5.8665343059e+08,9.2763294807e+03,2.8441959107e+03,7.2762271023e+02,7.2762271023e-01,1.2061656678e+17,1.2061656678e+17,1.0914340654e+03,2.1828681307e+03,False,False,1.0000000000e+00,0,1.0000000000e+00,2.0000000000e+00,1.7552670643e+20,1.7552670643e+17,6.1038271102e-01,8.6321150816e-01,8.6321150816e-01,1.2207654220e+00,6.1038271102e-04,8.6321150816e-04,8.6321150816e-04,1.2207654220e-03,2.0360175673e-09,2.8793636568e-09,0,0.0000000000e+00,inf,9.0342239629e+20,2.8627728227e+13,1.8068447926e+21,5.7255456453e+13,4.2451323959e-21,4.3273520855e-22,-3.7256705391e-01,2025-11-22T13:30:24.737321,1.6180339887e+00
Star_0363,1.5883251000e-01,3.1591786239e+29,3.7102265899e+19,3.7102265899e+16,2.4800979879e+08,3.9216008771e+03,1.2023938133e+03,4.6921133560e+02,4.6921133560e-01,7.9073677645e+16,7.9073677645e+16,7.0381700340e+02,1.4076340068e+03,False,False,1.0000000000e+00,0,1.0000000000e+00,2.0000000000e+00,7.4204531797e+19,7.4204531797e+16,7.5385832665e-01,1.0661166697e+00,1.0661166697e+00,1.5077166533e+00,7.5385832665e-04,1.0661166697e-03,1.0661166697e-03,1.5077166533e-03,2.5146007064e-09,3.5561824229e-09,0,0.0000000000e+00,inf,3.0923636938e+20,9.7991092281e+12,6.1847273875e+20,1.9598218456e+13,1.5317187856e-20,1.5613851026e-21,-5.6830237666e-01,2025-11-22T13:30:24.737321,1.6180339887e+00
Star_0364,1.9266668960e-01,3.8321404561e+29,2.4057689360e+19,2.4057689360e+16,1.6081343155e+08,2.5428273290e+03,7.7965094986e+02,5.6916178402e+02,5.6916178402e-01,4.2268630880e+16,4.2268630880e+16,8.5374267603e+02,1.7074853521e+03,False,False,1.0000000000e+00,0,1.0000000000e+00,2.0000000000e+00,4.8115378720e+19,4.8115378720e+16,1.0310900945e+00,1.4581815956e+00,1.4581815956e+00,2.0621801889e+00,1.0310900945e-03,1.4581815956e-03,1.4581815956e-03,2.0621801889e-03,3.4393463442e-09,4.8639702457e-09,0,0.0000000000e+00,inf,1.4660107892e+20,4.6455078624e+12,2.9320215784e+20,9.2910157249e+12,4.4191558340e-20,4.5047460082e-21,-1.0631467829e+00,2025-11-22T13:30:24.737321,1.6180339887e+00
Star_0365,4.8049047670e-01,9.5569555816e+29,1.9497954056e+19,1.9497954056e+16,1.3033391749e+08,2.0608766574e+03,6.3188106608e+02,1.4194296767e+03,1.4194296767e+00,1.3736470624e+16,1.3736470624e+16,2.1291445150e+03,4.2582890300e+03,False,False,1.0000000000e+00,0,1.0000000000e+00,2.0000000000e+00,3.8995908112e+19,3.8995908112e+16,1.8087066037e+00,2.5578974094e+00,2.5578974094e+00,3.6174132075e+00,1.8087066037e-03,2.5578974094e-03,2.5578974094e-03,3.6174132075e-03,6.0331958176e-09,8.5322273497e-09,0,2.2204460493e-16,inf,6.7733074116e+19,2.1463316005e+12,1.3546614823e+20,4.2926632010e+12,1.6778271038e-19,1.7103232455e-20,-3.2714195784e+00,2025-11-22T13:30:24.737321,1.6180339887e+00
Star_0366,1.6712921235e+00,3.3242000336e+30,2.7829991665e+19,2.7829991665e+16,1.8602935605e+08,2.9415486381e+03,9.0190205352e+02,4.9372084433e+03,4.9372084433e+00,5.6367868574e+15,5.6367868574e+15,7.4058126649e+03,1.4811625330e+04,False,False,1.0000000000e+00,0,1.0000000000e+00,2.0000000000e+00,5.5659983331e+19,5.5659983331e+16,2.8235136945e+00,3.9930513603e+00,3.9930513603e+00,5.6470273889e+00,2.8235136945e-03,3.9930513603e-03,3.9930513603e-03,5.6470273889e-03,9.4182279077e-09,1.3319385641e-08,0,2.2204460493e-16,inf,6.1930280372e+19,1.9624521628e+12,1.2386056074e+20,3.9249043255e+12,2.8646180274e-19,2.9200999260e-20,-7.9722295828e+00,2025-11-22T13:30:24.738340,1.6180339887e+00
Star_0367,3.1350696650e-01,6.2356535637e+29,3.6104702794e+19,3.6104702794e+16,2.4134159622e+08,3.8161613776e+03,1.1700652297e+03,9.2613925493e+02,9.2613925493e-01,3.8984097264e+16,3.8984097264e+16,1.3892088824e+03,2.7784177648e+03,False,False,1.0000000000e+00,0,1.0000000000e+00,2.0000000000e+00,7.2209405588e+19,7.2209405588e+16,1.0736481105e+00,1.5183677191e+00,1.5183677191e+00,2.1472962210e+00,1.0736481105e-03,1.5183677191e-03,1.5183677191e-03,2.1472962210e-03,3.5813046055e-09,5.0647295440e-09,0,0.0000000000e+00,inf,2.1129133083e+20,6.6954182457e+12,4.2258266166e+20,1.3390836491e+13,3.1927150094e-20,3.2545514877e-21,-1.1527202652e+00,2025-11-22T13:30:24.738340,1.6180339887e+00
Star_0368,1.2249629401e+00,2.4364512879e+30,1.5030655278e+19,1.5030655278e+16,1.0047229464e+08,1.5886962560e+03,4.8710682433e+02,3.6186955503e+03,3.6186955503e+00,4.1536114518e+15,4.1536114518e+15,5.4280433255e+03,1.0856086651e+04,False,False,1.0000000000e+00,0,1.0000000000e+00,2.0000000000e+00,3.0061310557e+19,3.0061310557e+16,3.2892188541e+00,4.6516579131e+00,4.6516579131e+00,6.5784377083e+00,3.2892188541e-03,4.6516579131e-03,4.6516579131e-03,6.5784377083e-03,1.0971653110e-08,1.5516260630e-08,0,2.2204460493e-16,inf,2.8712103569e+19,9.0983165923e+11,5.7424207139e+19,1.8196633185e+12,7.1979301435e-19,7.3373395958e-20,-1.0818960670e+01,2025-11-22T13:30:24.738340,1.6180339887e+00
Star_0369,1.6971198570e-01,3.3755713956e+29,7.7656397635e+19,7.7656397635e+16,5.1909356708e+08,8.2080538669e+03,2.5166541671e+03,5.0135068367e+02,5.0135068367e-01,1.5489436868e+17,1.5489436868e+17,7.5202602550e+02,1.5040520510e+03,False,False,1.0000000000e+00,0,1.0000000000e+00,2.0000000000e+00,1.5531279527e+20,1.5531279527e+17,5.3862671592e-01,7.6173320672e-01,7.6173320672e-01,1.0772534318e+00,5.3862671592e-04,7.6173320672e-04,7.6173320672e-04,1.0772534318e-03,1.7966653315e-09,2.5408684788e-09,0,0.0000000000e+00,inf,9.0587696860e+20,2.8705508930e+13,1.8117539372e+21,5.7411017860e+13,3.7359283709e-21,3.8082858011e-22,-2.9011873911e-01,2025-11-22T13:30:24.738340,1.6180339887e+00
Star_0370,9.2948625910e-01,1.8487481693e+30,5.6121502809e+19,5.6121502809e+16,3.7514373536e+08,5.9318785339e+03,1.8187608260e+03,2.7458200406e+03,2.7458200406e+00,2.0438886009e+16,2.0438886009e+16,4.1187300608e+03,8.2374601217e+03,False,False,1.0000000000e+00,0,1.0000000000e+00,2.0000000000e+00,1.1224300562e+20,1.1224300562e+17,1.4827812796e+00,2.0969693956e+00,2.0969693956e+00,2.9655625592e+00,1.4827812796e-03,2.0969693956e-03,2.0969693956e-03,2.9655625592e-03,4.9460259590e-09,6.9947369910e-09,0,0.0000000000e+00,inf,2.3781106946e+20,7.5357780521e+12,4.7562213891e+20,1.5071556104e+13,3.9176433506e-20,3.9935202351e-21,-2.1986403231e+00,2025-11-22T13:30:24.738340,1.6180339887e+00
Star_0371,3.9344924270e-01,7.8257054373e+29,1.9391551854e+19,1.9391551854e+16,1.2962267282e+08,2.0496302562e+03,6.2843283059e+02,1.1622988559e+03,1.1622988559e+00,1.6683791569e+16,1.6683791569e+16,1.7434482839e+03,3.4868965678e+03,False,False,1.0000000000e+00,0,1.0000000000e+00,2.0000000000e+00,3.8783103707e+19,3.8783103707e+16,1.6411879791e+00,2.3209902985e+00,2.3209902985e+00,3.2823759582e+00,1.6411879791e-03,2.3209902985e-03,2.3209902985e-03,3.2823759582e-03,5.4744138330e-09,7.7419902887e-09,0,2.2204460493e-16,inf,7.4239340795e+19,2.3525027504e+12,1.4847868159e+20,4.7050055007e+12,1.3890058945e-19,1.4159081493e-20,-2.6934979828e+00,2025-11-22T13:30:24.738340,1.6180339887e+00
Star_0372,1.9242815885e+00,3.8273960795e+30,5.7168099300e+18,5.7168099300e+15,3.8213970120e+07,6.0425007188e+02,1.8526784619e+02,5.6845713400e+03,5.6845713400e+00,1.0056712438e+15,1.0056712438e+15,8.5268570100e+03,1.7053714020e+04,False,False,1.0000000000e+00,0,1.0000000000e+00,2.0000000000e+00,1.1433619860e+19,1.1433619860e+16,6.6846348541e+00,9.4535012702e+00,9.4535012702e+00,1.3369269708e+01,6.6846348541e-03,9.4535012702e-03,9.4535012702e-03,1.3369269708e-02,2.2297541768e-08,3.1533485976e-08,0,6.6613381478e-16,inf,5.3734836592e+18,1.7027542206e+11,1.0746967318e+19,3.4055084412e+11,7.8163072902e-18,7.9676934660e-19,-4.4684343132e+01,2025-11-22T13:30:24.738845,1.6180339887e+00
Star_0373,1.9968166239e+00,3.9716682649e+30,1.8006572298e+19,1.8006572298e+16,1.2036478809e+08,1.9032419721e+03,5.8354902610e+02,5.8988490142e+03,5.8988490142e+00,3.0525569064e+15,3.0525569064e+15,8.8482735214e+03,1.7696547043e+04,False,False,1.0000000000e+00,0,1.0000000000e+00,2.0000000000e+00,3.6013144597e+19,3.6013144597e+16,3.8368411624e+00,5.4261128086e+00,5.4261128086e+00,7.6736823249e+00,3.8368411624e-03,5.4261128086e-03,5.4261128086e-03,7.6736823249e-03,1.2798324508e-08,1.8099564094e-08,0,2.2204460493e-16,inf,2.9487441806e+19,9.3440064537e+11,5.8974883613e+19,1.8688012907e+12,8.1755427195e-19,8.3338865643e-20,-1.4721350106e+01,2025-11-22T13:30:24.738845,1.6180339887e+00
Star_0374,4.1417364970e-01,8.2379138925e+29,3.3341284173e+19,3.3341284173e+16,2.2286954661e+08,3.5240761202e+03,1.0805095820e+03,1.2235213770e+03,1.2235213770e+00,2.7250266976e+16,2.7250266976e+16,1.8352820655e+03,3.6705641309e+03,False,False,1.0000000000e+00,0,1.0000000000e+00,2.0000000000e+00,6.6682568346e+19,6.6682568346e+16,1.2841635078e+00,1.8160814490e+00,1.8160814490e+00,2.5683270155e+00,1.2841635078e-03,1.8160814490e-03,1.8160814490e-03,2.5683270155e-03,4.2835083855e-09,6.0577956533e-09,0,0.0000000000e+00,inf,1.6313301661e+20,5.1693733557e+12,3.2626603322e+20,1.0338746711e+13,4.9460479869e-20,5.0418430040e-21,-1.6490759146e+00,2025-11-22T13:30:24.738845,1.6180339887e+00
Star_0375,1.8905731696e+00,3.7603500343e+30,1.7116164337e+19,1.7116164337e+16,1.1441286322e+08,1.8091284576e+03,5.5469307895e+02,5.5849924046e+03,5.5849924046e+00,3.0646710142e+15,3.0646710142e+15,8.3774886069e+03,1.6754977214e+04,False,False,1.0000000000e+00,0,1.0000000000e+00,2.0000000000e+00,3.4232328674e+19,3.4232328674e+16,3.8292504732e+00,5.4153779530e+00,5.4153779530e+00,7.6585009465e+00,3.8292504732e-03,5.4153779530e-03,5.4153779530e-03,7.6585009465e-03,1.2773004694e-08,1.8063756470e-08,0,2.2204460493e-16,inf,2.8084877975e+19,8.8995607953e+11,5.6169755951e+19,1.7799121591e+12,8.5668487974e-19,8.7327714551e-20,-1.4663159187e+01,2025-11-22T13:30:24.738845,1.6180339887e+00
Star_0376,4.8079214880e-01,9.5629558396e+29,8.9126512002e+18,8.9126512002e+15,5.9576545456e+07,9.4204113732e+02,2.8883725573e+02,1.4203208542e+03,1.4203208542e+00,6.2750970484e+15,6.2750970484e+15,2.1304812813e+03,4.2609625627e+03,False,False,1.0000000000e+00,0,1.0000000000e+00,2.0000000000e+00,1.7825302400e+19,1.7825302400e+16,2.6760577518e+00,3.7845171663e+00,3.7845171663e+00,5.3521155036e+00,2.6760577518e-03,3.7845171663e-03,3.7845171663e-03,5.3521155036e-03,8.9263678267e-09,1.2623790443e-08,0,2.2204460493e-16,inf,2.0926244597e+19,6.6311267640e+11,4.1852489193e+19,1.3262253528e+12,8.0349661735e-19,8.1905873328e-20,-7.1612850909e+00,2025-11-22T13:30:24.738845,1.6180339887e+00
Star_0377,1.0684660740e-01,2.1251790212e+29,5.1861061634e+19,5.1861061634e+16,3.4666485049e+08,5.4815623754e+03,1.6806903339e+03,3.1563840024e+02,3.1563840024e-01,1.6430529871e+17,1.6430529871e+17,4.7345760036e+02,9.4691520071e+02,False,False,1.0000000000e+00,0,1.0000000000e+00,2.0000000000e+00,1.0372212327e+20,1.0372212327e+17,5.2297378600e-01,7.3959662093e-01,7.3959662093e-01,1.0459475720e+00,5.2297378600e-04,7.3959662093e-04,7.3959662093e-04,1.0459475720e-03,1.7444527774e-09,2.4670287767e-09,0,0.0000000000e+00,inf,6.2307646998e+20,1.9744101896e+13,1.2461529400e+21,3.9488203791e+13,5.2737366384e-21,5.3758783266e-22,-2.7350158084e-01,2025-11-22T13:30:24.738845,1.6180339887e+00
Star_0378,1.1987287870e-01,2.3842715573e+29,1.5433311105e+20,1.5433311105e+17,1.0316384429e+09,1.6312557980e+04,5.0015591617e+03,3.5411965420e+02,3.5411965420e-01,4.3582192974e+17,4.3582192974e+17,5.3117948130e+02,1.0623589626e+03,False,False,1.0000000000e+00,0,1.0000000000e+00,2.0000000000e+00,3.0866622211e+20,3.0866622211e+17,3.2110802944e-01,4.5411533023e-01,4.5411533023e-01,6.4221605889e-01,3.2110802944e-04,4.5411533023e-04,4.5411533023e-04,6.4221605889e-04,1.0711010930e-09,1.5147656924e-09,0,0.0000000000e+00,inf,3.0198669820e+21,9.5693810113e+13,6.0397339640e+21,1.9138762023e+14,6.6810268950e-22,6.8104249694e-23,-1.0311036657e-01,2025-11-22T13:30:24.738845,1.6180339887e+00
Star_0379,1.7822676548e+00,3.5449303654e+30,1.3512793736e+19,1.3512793736e+16,9.0326161339e+07,1.4282627351e+03,4.3791663922e+02,5.2650442073e+03,5.2650442073e+00,2.5665109740e+15,2.5665109740e+15,7.8975663109e+03,1.5795132622e+04,False,False,1.0000000000e+00,0,1.0000000000e+00,2.0000000000e+00,2.7025587473e+19,2.7025587473e+16,4.1844091425e+00,5.9176481598e+00,5.9176481598e+00,8.3688182850e+00,4.1844091425e-03,5.9176481598e-03,5.9176481598e-03,8.3688182850e-03,1.3957686496e-08,1.9739149541e-08,0,2.2204460493e-16,inf,2.0290412379e+19,6.4296436925e+11,4.0580824758e+19,1.2859287385e+12,1.2957557270e-18,1.3208519134e-19,-1.7509279872e+01,2025-11-22T13:30:24.738845,1.6180339887e+00
Star_0380,5.2017136090e-01,1.0346208368e+30,1.6661220322e+19,1.6661220322e+16,1.1137179359e+08,1.7610422071e+03,5.3994945463e+02,1.5366520304e+03,1.5366520304e+00,1.0842545997e+16,1.0842545997e+16,2.3049780456e+03,4.6099560912e+03,False,False,1.0000000000e+00,0,1.0000000000e+00,2.0000000000e+00,3.3322440643e+19,3.3322440643e+16,2.0358232434e+00,2.8790888414e+00,2.8790888414e+00,4.0716464868e+00,2.0358232434e-03,2.8790888414e-03,2.8790888414e-03,4.0716464868e-03,6.7907753816e-09,9.6036066437e-09,0,2.2204460493e-16,inf,5.1421720950e+19,1.6294560090e+12,1.0284344190e+20,3.2589120180e+12,2.4875586531e-19,2.5357376688e-20,-4.1445762783e+00,2025-11-22T13:30:24.738845,1.6180339887e+00
Star_0381,3.1212579800e-01,6.2081821222e+29,2.7131480517e+19,2.7131480517e+16,1.8136016389e+08,2.8677180549e+03,8.7926501336e+02,9.2205910839e+02,9.2205910839e-01,2.9424882061e+16,2.9424882061e+16,1.3830886626e+03,2.7661773252e+03,False,False,1.0000000000e+00,0,1.0000000000e+00,2.0000000000e+00,5.4262961035e+19,5.4262961035e+16,1.2358004235e+00,1.7476857192e+00,1.7476857192e+00,2.4716008469e+00,1.2358004235e-03,1.7476857192e-03,1.7476857192e-03,2.4716008469e-03,4.1221865010e-09,5.8296520563e-09,0,0.0000000000e+00,inf,1.3794470087e+20,4.3712037946e+12,2.7588940174e+20,8.7424075892e+12,5.6288955026e-20,5.7379159048e-21,-1.5272026866e+00,2025-11-22T13:30:24.738845,1.6180339887e+00
Star_0382,1.4590233043e+01,2.9019973522e+31,9.7898284814e+18,9.7898284814e+15,6.5440029956e+07,1.0347562077e+03,3.1726442886e+02,4.3101394876e+04,4.3101394876e+01,2.2713484122e+14,2.2713484122e+14,6.4652092314e+04,1.2930418463e+05,False,False,1.0000000000e+00,0,1.0000000000e+00,2.0000000000e+00,1.9579656963e+19,1.9579656963e+16,1.4065780189e+01,1.9892017109e+01,1.9892017109e+01,2.8131560378e+01,1.4065780189e-02,1.9892017109e-02,1.9892017109e-02,2.8131560378e-02,4.6918392420e-08,6.6352626885e-08,0,2.2204460493e-15,inf,4.3731172852e+18,1.3857572455e+11,8.7462345704e+18,2.7715144911e+11,2.0209360430e-17,2.0600775158e-18,-1.9784617233e+02,2025-11-22T13:30:24.738845,1.6180339887e+00
Star_0383,4.7732212270e-01,9.4939370205e+29,1.9990923504e+19,1.9990923504e+16,1.3362916781e+08,2.1129820848e+03,6.4785700179e+02,1.4100699580e+03,1.4100699580e+00,1.4177256519e+16,1.4177256519e+16,2.1151049370e+03,4.2302098740e+03,False,False,1.0000000000e+00,0,1.0000000000e+00,2.0000000000e+00,3.9981847009e+19,3.9981847009e+16,1.7803672893e+00,2.5178195665e+00,2.5178195665e+00,3.5607345785e+00,1.7803672893e-03,2.5178195665e-03,2.5178195665e-03,3.5607345785e-03,5.9386660397e-09,8.3985420557e-09,0,2.2204460493e-16,inf,7.0550991133e+19,2.2356260024e+12,1.4110198227e+20,4.4712520048e+12,1.5855734149e-19,1.6162827878e-20,-3.1697076847e+00,2025-11-22T13:30:24.739849,1.6180339887e+00
Star_0384,1.0352162227e+00,2.0590450670e+30,3.8977237797e+19,3.8977237797e+16,2.6054303340e+08,4.1197799172e+03,1.2631570728e+03,3.0581597337e+03,3.0581597337e+00,1.2745324375e+16,1.2745324375e+16,4.5872396006e+03,9.1744792011e+03,False,False,1.0000000000e+00,0,1.0000000000e+00,2.0000000000e+00,7.7954475594e+19,7.7954475594e+16,1.8777175206e+00,2.6554935840e+00,2.6554935840e+00,3.7554350413e+00,1.8777175206e-03,2.6554935840e-03,2.6554935840e-03,3.7554350413e-03,6.2633914581e-09,8.8577731465e-09,0,2.2204460493e-16,inf,1.3042494686e+20,4.1329171691e+12,2.6084989371e+20,8.2658343382e+12,9.0458515959e-20,9.2210515759e-21,-3.5258230873e+00,2025-11-22T13:30:24.739849,1.6180339887e+00
Star_0385,2.9191835460e-01,5.8062560730e+29,3.0857000000e+19,3.0857000000e+16,2.0626336898e+08,3.2614945566e+03,1.0000000000e+03,8.6236376323e+02,8.6236376323e-01,3.5781883836e+16,3.5781883836e+16,1.2935456448e+03,2.5870912897e+03,False,False,1.0000000000e+00,0,1.0000000000e+00,2.0000000000e+00,6.1714000000e+19,6.1714000000e+16,1.1206606026e+00,1.5848534231e+00,1.5848534231e+00,2.2413212053e+00,1.1206606026e-03,1.5848534231e-03,1.5848534231e-03,2.2413212053e-03,3.7381213994e-09,5.2865019808e-09,0,0.0000000000e+00,inf,1.7300532255e+20,5.4822078532e+12,3.4601064510e+20,1.0964415706e+13,4.0700009278e-20,4.1488286725e-21,-1.2558801863e+00,2025-11-22T13:30:24.739849,1.6180339887e+00
Star_0386,1.3735351380e-01,2.7319613895e+29,5.2997593764e+19,5.2997593764e+16,3.5426199040e+08,5.6016904940e+03,1.7175225642e+03,4.0575966255e+02,4.0575966255e-01,1.3061326360e+17,1.3061326360e+17,6.0863949382e+02,1.2172789876e+03,False,False,1.0000000000e+00,0,1.0000000000e+00,2.0000000000e+00,1.0599518753e+20,1.0599518753e+17,5.8655948841e-01,8.2952038364e-01,8.2952038364e-01,1.1731189768e+00,5.8655948841e-04,8.2952038364e-04,8.2952038364e-04,1.1731189768e-03,1.9565518503e-09,2.7669821622e-09,0,0.0000000000e+00,inf,5.6770661635e+20,1.7989537112e+13,1.1354132327e+21,3.5979074223e+13,6.4918425349e-21,6.6175764881e-22,-3.4405203344e-01,2025-11-22T13:30:24.739849,1.6180339887e+00
Star_0387,3.5779997280e-01,7.1166414590e+29,7.0143625313e+19,7.0143625313e+16,4.6887450076e+08,7.4139758284e+03,2.2731835665e+03,1.0569864010e+03,1.0569864010e+00,6.6361899494e+16,6.6361899494e+16,1.5854796016e+03,3.1709592031e+03,False,False,1.0000000000e+00,0,1.0000000000e+00,2.0000000000e+00,1.4028725063e+20,1.4028725063e+17,8.2289855720e-01,1.1637543000e+00,1.1637543000e+00,1.6457971144e+00,8.2289855720e-04,1.1637543000e-03,1.1637543000e-03,1.6457971144e-03,2.7448941267e-09,3.8818665013e-09,0,0.0000000000e+00,inf,5.3557682427e+20,1.6971405439e+13,1.0711536485e+21,3.3942810877e+13,9.6539355132e-21,9.8409128575e-22,-6.7716203544e-01,2025-11-22T13:30:24.739849,1.6180339887e+00
Star_0388,2.1039345070e-01,4.1847257344e+29,1.0971786035e+20,1.0971786035e+17,7.3340815740e+08,1.1596856606e+04,3.5556878616e+03,6.2152887972e+02,6.2152887972e-01,1.7652898188e+17,1.7652898188e+17,9.3229331958e+02,1.8645866392e+03,False,False,1.0000000000e+00,0,1.0000000000e+00,2.0000000000e+00,2.1943572069e+20,2.1943572069e+17,5.0454243271e-01,7.1353075113e-01,7.1353075113e-01,1.0090848654e+00,5.0454243271e-04,7.1353075113e-04,7.1353075113e-04,1.0090848654e-03,1.6829724006e-09,2.3800823940e-09,0,0.0000000000e+00,inf,1.3663422606e+21,4.3296773537e+13,2.7326845211e+21,8.6593547074e+13,2.3201606885e-21,2.3650975418e-22,-2.5456306641e-01,2025-11-22T13:30:24.739849,1.6180339887e+00
Star_0389,1.4427221843e+00,2.8695744246e+30,1.5975623404e+19,1.5975623404e+16,1.0678892650e+08,1.6885766203e+03,5.1773093315e+02,4.2619839162e+03,4.2619839162e+00,3.7484006787e+15,3.7484006787e+15,6.3929758743e+03,1.2785951749e+04,False,False,1.0000000000e+00,0,1.0000000000e+00,2.0000000000e+00,3.1951246808e+19,3.1951246808e+16,3.4624435466e+00,4.8966346225e+00,4.8966346225e+00,6.9248870931e+00,3.4624435466e-03,4.8966346225e-03,4.8966346225e-03,6.9248870931e-03,1.1549468488e-08,1.6333414974e-08,0,2.2204460493e-16,inf,2.8990451655e+19,9.1865197782e+11,5.7980903311e+19,1.8373039556e+12,7.5042550828e-19,7.6495974340e-20,-1.1988515313e+01,2025-11-22T13:30:24.740354,1.6180339887e+00
Star_0390,9.3324506500e-01,1.8562244343e+30,9.5009746301e+19,9.5009746301e+16,6.3509188704e+08,1.0042252014e+04,3.0790338108e+03,2.7569240289e+03,2.7569240289e+00,3.4462228667e+16,3.4462228667e+16,4.1353860433e+03,8.2707720867e+03,False,False,1.0000000000e+00,0,1.0000000000e+00,2.0000000000e+00,1.9001949260e+20,1.9001949260e+17,1.1419156505e+00,1.6149126000e+00,1.6149126000e+00,2.2838313010e+00,1.1419156505e-03,1.6149126000e-03,1.6149126000e-03,2.2838313010e-03,3.8090206075e-09,5.3867686025e-09,0,0.0000000000e+00,inf,5.2277402603e+20,1.6565709244e+13,1.0455480521e+21,3.3131418488e+13,1.3724606197e-20,1.3990424258e-21,-1.3039713528e+00,2025-11-22T13:30:24.740354,1.6180339887e+00
Star_0391,1.5199508310e-01,3.0231822029e+29,1.5761930367e+20,1.5761930367e+17,1.0536049711e+09,1.6659898919e+04,5.1080566379e+03,4.4901271122e+02,4.4901271122e-01,3.5103528193e+17,3.5103528193e+17,6.7351906684e+02,1.3470381337e+03,False,False,1.0000000000e+00,0,1.0000000000e+00,2.0000000000e+00,3.1523860735e+20,3.1523860735e+17,3.5779174864e-01,5.0599394343e-01,5.0599394343e-01,7.1558349727e-01,3.5779174864e-04,5.0599394343e-04,5.0599394343e-04,7.1558349727e-04,1.1934648090e-09,1.6878141191e-09,0,0.0000000000e+00,inf,2.7679545343e+21,8.7711186349e+13,5.5359090686e+21,1.7542237270e+14,8.1217802901e-22,8.2790828645e-23,-1.2801493539e-01,2025-11-22T13:30:24.740354,1.6180339887e+00
Star_0392,7.8061414470e-01,1.5526415338e+30,8.2660052117e+18,8.2660052117e+15,5.5254045533e+07,8.7369254959e+02,2.6788103872e+02,2.3060329741e+03,2.3060329741e+00,3.5845130163e+15,3.5845130163e+15,3.4590494612e+03,6.9180989223e+03,False,False,1.0000000000e+00,0,1.0000000000e+00,2.0000000000e+00,1.6532010423e+19,1.6532010423e+16,3.5407121740e+00,5.0073231770e+00,5.0073231770e+00,7.0814243481e+00,3.5407121740e-03,5.0073231770e-03,5.0073231770e-03,7.0814243481e-03,1.1810544527e-08,1.6702632249e-08,0,2.2204460493e-16,inf,1.4668473443e+19,4.6481587457e+11,2.9336946887e+19,9.2963174914e+11,1.5166507132e-18,1.5460251918e-19,-1.2536642699e+01,2025-11-22T13:30:24.740354,1.6180339887e+00
Star_0393,1.8893088685e+00,3.7578353394e+30,3.1755108489e+19,3.1755108489e+16,2.1226676797e+08,3.3564219944e+03,1.0291055024e+03,5.5812574991e+03,5.5812574991e+00,5.6895974596e+15,5.6895974596e+15,8.3718862487e+03,1.6743772497e+04,False,False,1.0000000000e+00,0,1.0000000000e+00,2.0000000000e+00,6.3510216977e+19,6.3510216977e+16,2.8103792780e+00,3.9744764903e+00,3.9744764903e+00,5.6207585560e+00,2.8103792780e-03,3.9744764903e-03,3.9744764903e-03,5.6207585560e-03,9.3744162102e-09,1.3257426544e-08,0,2.2204460493e-16,inf,7.0995126048e+19,2.2496997886e+12,1.4199025210e+20,4.4993995772e+12,2.4872318383e-19,2.5354045242e-20,-7.8982316861e+00,2025-11-22T13:30:24.740354,1.6180339887e+00
Star_0394,4.3426888230e-01,8.6376080689e+29,5.2754405484e+19,5.2754405484e+16,3.5263640029e+08,5.5759862048e+03,1.7096414261e+03,1.2828852372e+03,1.2828852372e+00,4.1121687235e+16,4.1121687235e+16,1.9243278559e+03,3.8486557117e+03,False,False,1.0000000000e+00,0,1.0000000000e+00,2.0000000000e+00,1.0550881097e+20,1.0550881097e+17,1.0453705048e+00,1.4783771457e+00,1.4783771457e+00,2.0907410097e+00,1.0453705048e-03,1.4783771457e-03,1.4783771457e-03,2.0907410097e-03,3.4869806660e-09,4.9313353495e-09,0,0.0000000000e+00,inf,3.1707964199e+20,1.0047647539e+13,6.3415928398e+20,2.0095295079e+13,2.0714848028e-20,2.1116053036e-21,-1.0927994924e+00,2025-11-22T13:30:24.740354,1.6180339887e+00
Star_0395,2.4808645180e-01,4.9344395263e+29,1.5569914341e+20,1.5569914341e+17,1.0407696752e+09,1.6456943601e+04,5.0458289338e+03,7.3287877521e+02,7.3287877521e-01,2.1244870049e+17,2.1244870049e+17,1.0993181628e+03,2.1986363256e+03,False,False,1.0000000000e+00,0,1.0000000000e+00,2.0000000000e+00,3.1139828682e+20,3.1139828682e+17,4.5991615582e-01,6.5041966512e-01,6.5041966512e-01,9.1983231164e-01,4.5991615582e-04,6.5041966512e-04,6.5041966512e-04,9.1983231164e-04,1.5341151638e-09,2.1695664709e-09,0,0.0000000000e+00,inf,2.1270976412e+21,6.7403656844e+13,4.2541952824e+21,1.3480731369e+14,1.3585358645e-21,1.3848479760e-22,-2.1152287039e-01,2025-11-22T13:30:24.740354,1.6180339887e+00
Star_0396,1.8547864263e+00,3.6891702019e+30,1.7476464131e+19,1.7476464131e+16,1.1682128430e+08,1.8472110909e+03,5.6636951522e+02,5.4792738359e+03,5.4792738359e+00,3.1895584442e+15,3.1895584442e+15,8.2189107538e+03,1.6437821508e+04,False,False,1.0000000000e+00,0,1.0000000000e+00,2.0000000000e+00,3.4952928262e+19,3.4952928262e+16,3.7535345945e+00,5.3082995303e+00,5.3082995303e+00,7.5070691890e+00,3.7535345945e-03,5.3082995303e-03,5.3082995303e-03,7.5070691890e-03,1.2520443708e-08,1.7706581299e-08,0,2.2204460493e-16,inf,2.9254522607e+19,9.2701988133e+11,5.8509045214e+19,1.8540397627e+12,8.0617119380e-19,8.2178511090e-20,-1.4089021952e+01,2025-11-22T13:30:24.740354,1.6180339887e+00
Star_0397,1.7040963060e-01,3.3894475526e+29,3.8966674309e+19,3.8966674309e+16,2.6047242185e+08,4.1186633875e+03,1.2628147360e+03,5.0341161499e+02,5.0341161499e-01,7.7405195169e+16,7.7405195169e+16,7.5511742249e+02,1.5102348450e+03,False,False,1.0000000000e+00,0,1.0000000000e+00,2.0000000000e+00,7.7933348618e+19,7.7933348618e+16,7.6193978336e-01,1.0775455753e+00,1.0775455753e+00,1.5238795667e+00,7.6193978336e-04,1.0775455753e-03,1.0775455753e-03,1.5238795667e-03,2.5415575443e-09,3.5943051487e-09,0,0.0000000000e+00,inf,3.2133095139e+20,1.0182363405e+13,6.4266190278e+20,2.0364726810e+13,1.4898685704e-20,1.5187243327e-21,-5.8055223346e-01,2025-11-22T13:30:24.740354,1.6180339887e+00
Star_0398,2.9621022655e+01,5.8916214062e+31,6.0415486619e+19,6.0415486619e+16,4.0384683569e+08,6.3857400507e+03,1.9579183530e+03,8.7504249615e+04,8.7504249615e+01,6.9042917213e+14,6.9042917213e+14,1.3125637442e+05,2.6251274884e+05,False,False,1.0000000000e+00,0,1.0000000000e+00,2.0000000000e+00,1.2083097324e+20,1.2083097324e+17,8.0676330902e+00,1.1409356132e+01,1.1409356132e+01,1.6135266180e+01,8.0676330902e-03,1.1409356132e-02,1.1409356132e-02,1.6135266180e-02,2.6910727321e-08,3.8057515551e-08,0,8.8817841970e-16,inf,4.7052424622e+19,1.4910013633e+12,9.4104849244e+19,2.9820027266e+12,1.0773182063e-18,1.0981836965e-19,-6.5086703678e+01,2025-11-22T13:30:24.740354,1.6180339887e+00
Star_0399,1.2866121672e+00,2.5590716006e+30,1.1699670779e+20,1.1699670779e+17,7.8206355474e+08,1.2366209469e+04,3.7915775283e+03,3.8008151692e+03,3.8008151692e+00,3.0782004013e+16,3.0782004013e+16,5.7012227538e+03,1.1402445508e+04,False,False,1.0000000000e+00,0,1.0000000000e+00,2.0000000000e+00,2.3399341558e+20,2.3399341558e+17,1.2082512688e+00,1.7087253311e+00,1.7087253311e+00,2.4165025376e+00,1.2082512688e-03,1.7087253311e-03,1.7087253311e-03,2.4165025376e-03,4.0302924125e-09,5.6996941900e-09,0,0.0000000000e+00,inf,6.0840986834e+20,1.9279345335e+13,1.2168197367e+21,3.8558690670e+13,1.2477882123e-20,1.2719553642e-21,-1.4598711285e+00,2025-11-22T13:30:24.740354,1.6180339887e+00
Star_0400,1.1163972590e-01,2.2205141482e+29,1.5531900111e+20,1.5531900111e+17,1.0382286171e+09,1.6416763673e+04,5.0335094505e+03,3.2979787888e+02,3.2979787888e-01,4.7095209236e+17,4.7095209236e+17,4.9469681832e+02,9.8939363664e+02,False,False,1.0000000000e+00,0,1.0000000000e+00,2.0000000000e+00,3.1063800223e+20,3.1063800223e+17,3.0889959559e-01,4.3684999750e-01,4.3684999750e-01,6.1779919119e-01,3.0889959559e-04,4.3684999750e-04,4.3684999750e-04,6.1779919119e-04,1.0303781411e-09,1.4571747415e-09,0,0.0000000000e+00,inf,3.1592727205e+21,1.0011131140e+14,6.3185454410e+21,2.0022262279e+14,6.1434183501e-22,6.2624040267e-23,-9.5418960157e-02,2025-11-22T13:30:24.740354,1.6180339887e+00
Star_0401,1.0825233100e-01,2.1531388636e+29,1.2518159792e+19,1.2518159792e+16,8.3677538718e+07,1.3231328393e+03,4.0568298254e+02,3.1979108565e+02,3.1979108565e-01,3.9144805324e+16,3.9144805324e+16,4.7968662848e+02,9.5937325696e+02,False,False,1.0000000000e+00,0,1.0000000000e+00,2.0000000000e+00,2.5036319584e+19,2.5036319584e+16,1.0714419255e+00,1.5152477024e+00,1.5152477024e+00,2.1428838511e+00,1.0714419255e-03,1.5152477024e-03,1.5152477024e-03,2.1428838511e-03,3.5739455645e-09,5.0543222885e-09,0,0.0000000000e+00,inf,7.3409408205e+19,2.3262037736e+12,1.4681881641e+20,4.6524075471e+12,9.1705795329e-20,9.3481952425e-21,-1.1479877998e+00,2025-11-22T13:30:24.741358,1.6180339887e+00
Star_0402,1.3146859197e+00,2.6149102943e+30,1.1998922393e+19,1.1998922393e+16,8.0206700487e+07,1.2682509664e+03,3.8885576669e+02,3.8837485869e+03,3.8837485869e+00,3.0895208905e+15,3.0895208905e+15,5.8256228804e+03,1.1651245761e+04,False,False,1.0000000000e+00,0,1.0000000000e+00,2.0000000000e+00,2.3997844786e+19,2.3997844786e+16,3.8138195181e+00,5.3935552870e+00,5.3935552870e+00,7.6276390363e+00,3.8138195181e-03,5.3935552870e-03,5.3935552870e-03,7.6276390363e-03,1.2721532568e-08,1.7990963892e-08,0,2.2204460493e-16,inf,1.9767965559e+19,6.2640902852e+11,3.9535931117e+19,1.2528180570e+12,1.2122104670e-18,1.2356885494e-19,-1.4545219317e+01,2025-11-22T13:30:24.741358,1.6180339887e+00
Star_0403,4.3286492650e-01,8.6096833881e+29,1.0794938782e+20,1.0794938782e+17,7.2158681698e+08,1.1409934237e+04,3.4983759866e+03,1.2787377741e+03,1.2787377741e+00,8.4418705699e+16,8.4418705699e+16,1.9181066612e+03,3.8362133224e+03,False,False,1.0000000000e+00,0,1.0000000000e+00,2.0000000000e+00,2.1589877564e+20,2.1589877564e+17,7.2960257897e-01,1.0318138623e+00,1.0318138623e+00,1.4592051579e+00,7.2960257897e-04,1.0318138623e-03,1.0318138623e-03,1.4592051579e-03,2.4336922411e-09,3.4417605740e-09,0,0.0000000000e+00,inf,9.2963762331e+20,2.9458438643e+13,1.8592752466e+21,5.8916877285e+13,4.9311990923e-21,5.0267065161e-22,-5.3231992323e-01,2025-11-22T13:30:24.741358,1.6180339887e+00
Star_0404,4.1330411770e-01,8.2206189011e+29,1.3528401615e+20,1.3528401615e+17,9.0430492078e+08,1.4299124421e+04,4.3842245244e+03,1.2209526694e+03,1.2209526694e+00,1.1080201513e+17,1.1080201513e+17,1.8314290041e+03,3.6628580082e+03,False,False,1.0000000000e+00,0,1.0000000000e+00,2.0000000000e+00,2.7056803230e+20,2.7056803230e+17,6.3684226113e-01,9.0063096279e-01,9.0063096279e-01,1.2736845223e+00,6.3684226113e-04,9.0063096279e-04,9.0063096279e-04,1.2736845223e-03,2.1242771262e-09,3.0041815221e-09,0,0.0000000000e+00,inf,1.3347332525e+21,4.2295144515e+13,2.6694665051e+21,8.4590289029e+13,2.9979008394e-21,3.0559641584e-22,-4.0556806557e-01,2025-11-22T13:30:24.741358,1.6180339887e+00
Star_0405,1.3586877799e+00,2.7024299942e+30,1.3946116352e+19,1.3946116352e+16,9.3222702886e+07,1.4740636668e+03,4.5195956677e+02,4.0137356506e+03,4.0137356506e+00,3.4745976232e+15,3.4745976232e+15,6.0206034759e+03,1.2041206952e+04,False,False,1.0000000000e+00,0,1.0000000000e+00,2.0000000000e+00,2.7892232704e+19,2.7892232704e+16,3.5962795711e+00,5.0859073435e+00,5.0859073435e+00,7.1925591421e+00,3.5962795711e-03,5.0859073435e-03,5.0859073435e-03,7.1925591421e-03,1.1995897412e-08,1.6964760813e-08,0,2.2204460493e-16,inf,2.4365745661e+19,7.7210388815e+11,4.8731491322e+19,1.5442077763e+12,9.2737120694e-19,9.4533252491e-20,-1.2933226753e+01,2025-11-22T13:30:24.741358,1.6180339887e+00
Star_0406,3.6678420310e-01,7.2953377997e+29,3.5330842327e+19,3.5330842327e+16,2.3616873213e+08,3.7343665920e+03,1.1449863022e+03,1.0835269544e+03,1.0835269544e+00,3.2607257425e+16,3.2607257425e+16,1.6252904315e+03,3.2505808631e+03,False,False,1.0000000000e+00,0,1.0000000000e+00,2.0000000000e+00,7.0661684654e+19,7.0661684654e+16,1.1739472128e+00,1.6602120698e+00,1.6602120698e+00,2.3478944255e+00,1.1739472128e-03,1.6602120698e-03,1.6602120698e-03,2.3478944255e-03,3.9158663983e-09,5.5378713690e-09,0,0.0000000000e+00,inf,1.8909728392e+20,5.9921313383e+12,3.7819456784e+20,1.1984262677e+13,3.9007053542e-20,3.9762541837e-21,-1.3781520583e+00,2025-11-22T13:30:24.741358,1.6180339887e+00
Star_0407,1.9834753350e-01,3.9451324413e+29,1.5442140788e+20,1.5442140788e+17,1.0322286623e+09,1.6321890697e+04,5.0044206463e+03,5.8594371584e+02,5.8594371584e-01,2.6354307369e+17,2.6354307369e+17,8.7891557376e+02,1.7578311475e+03,False,False,1.0000000000e+00,0,1.0000000000e+00,2.0000000000e+00,3.0884281576e+20,3.0884281576e+17,4.1293329505e-01,5.8397586622e-01,5.8397586622e-01,8.2586659010e-01,4.1293329505e-04,5.8397586622e-04,5.8397586622e-04,8.2586659010e-04,1.3773972094e-09,1.9479338143e-09,0,0.0000000000e+00,inf,2.3496732590e+21,7.4456652565e+13,4.6993465179e+21,1.4891330513e+14,1.1042115760e-21,1.1255979368e-22,-1.7051390616e-01,2025-11-22T13:30:24.741863,1.6180339887e+00
Star_0408,3.9678525170e-01,7.8920586563e+29,6.3591176669e+19,6.3591176669e+16,4.2507471035e+08,6.7214011911e+03,2.0608347107e+03,1.1721538487e+03,1.1721538487e+00,5.4251561550e+16,5.4251561550e+16,1.7582307731e+03,3.5164615461e+03,False,False,1.0000000000e+00,0,1.0000000000e+00,2.0000000000e+00,1.2718235334e+20,1.2718235334e+17,9.1012193917e-01,1.2871067898e+00,1.2871067898e+00,1.8202438783e+00,9.1012193917e-04,1.2871067898e-03,1.2871067898e-03,1.8202438783e-03,3.0358400116e-09,4.2933261176e-09,0,0.0000000000e+00,inf,4.3901276270e+20,1.3911474976e+13,8.7802552541e+20,2.7822949952e+13,1.3025737021e-20,1.3278019390e-21,-8.2832194416e-01,2025-11-22T13:30:24.741863,1.6180339887e+00
Star_0409,1.8998952190e-01,3.7788915906e+29,3.5387063136e+18,3.5387063136e+15,2.3654453968e+07,3.7403089670e+02,1.1468082813e+02,5.6125309183e+02,5.6125309183e-01,6.3050099236e+15,6.3050099236e+15,8.4187963774e+02,1.6837592755e+03,False,False,1.0000000000e+00,0,1.0000000000e+00,2.0000000000e+00,7.0774126273e+18,7.0774126273e+15,2.6697021907e+00,3.7755290456e+00,3.7755290456e+00,5.3394043814e+00,2.6697021907e-03,3.7755290456e-03,3.7755290456e-03,5.3394043814e-03,8.9051679570e-09,1.2593809300e-08,0,2.2204460493e-16,inf,8.3283999217e+18,2.6391106807e+11,1.6656799843e+19,5.2782213614e+11,2.0141003959e-18,2.0531094759e-19,-7.1273097872e+00,2025-11-22T13:30:24.741863,1.6180339887e+00
Star_0410,3.9748064310e-01,7.9058899913e+29,5.6591275902e+19,5.6591275902e+16,3.7828392983e+08,5.9815321744e+03,1.8339850245e+03,1.1742081229e+03,1.1742081229e+00,4.8195268622e+16,4.8195268622e+16,1.7613121844e+03,3.5226243687e+03,False,False,1.0000000000e+00,0,1.0000000000e+00,2.0000000000e+00,1.1318255180e+20,1.1318255180e+17,9.6561388598e-01,1.3655842536e+00,1.3655842536e+00,1.9312277720e+00,9.6561388598e-04,1.3655842536e-03,1.3655842536e-03,1.9312277720e-03,3.2209412219e-09,4.5550987596e-09,0,0.0000000000e+00,inf,3.6823566689e+20,1.1668684149e+13,7.3647133378e+20,2.3337368297e+13,1.6476217614e-20,1.6795328862e-21,-9.3241017679e-01,2025-11-22T13:30:24.741863,1.6180339887e+00
Star_0411,1.2310958680e-01,2.4486496815e+29,1.1837721703e+20,1.1837721703e+17,7.9129155769e+08,1.2512125254e+04,3.8363164608e+03,3.6368129955e+02,3.6368129955e-01,3.2549712393e+17,3.2549712393e+17,5.4552194932e+02,1.0910438986e+03,False,False,1.0000000000e+00,0,1.0000000000e+00,2.0000000000e+00,2.3675443406e+20,2.3675443406e+17,3.7156271477e-01,5.2546903051e-01,5.2546903051e-01,7.4312542955e-01,3.7156271477e-04,5.2546903051e-04,5.2546903051e-04,7.4312542955e-04,1.2393998076e-09,1.7527760172e-09,0,0.0000000000e+00,inf,2.0017777919e+21,6.3432510455e+13,4.0035555839e+21,1.2686502091e+14,1.1662620095e-21,1.1888501626e-22,-1.3805885101e-01,2025-11-22T13:30:24.741863,1.6180339887e+00
Star_0412,3.9507974760e-01,7.8581361798e+29,1.4514980933e+20,1.4514980933e+17,9.7025273615e+08,1.5341909875e+04,4.7039507835e+03,1.1671155737e+03,1.1671155737e+00,1.2436626894e+17,1.2436626894e+17,1.7506733606e+03,3.5013467212e+03,False,False,1.0000000000e+00,0,1.0000000000e+00,2.0000000000e+00,2.9029961866e+20,2.9029961866e+17,6.0111062212e-01,8.5009879429e-01,8.5009879429e-01,1.2022212442e+00,6.0111062212e-04,8.5009879429e-04,8.5009879429e-04,1.2022212442e-03,2.0050892078e-09,2.8356243515e-09,0,0.0000000000e+00,inf,1.5171968615e+21,4.8077067379e+13,3.0343937230e+21,9.6154134758e+13,2.4893865290e-21,2.5376009470e-22,-3.6133398003e-01,2025-11-22T13:30:24.741863,1.6180339887e+00
Star_0413,1.0897534550e-01,2.1675196220e+29,1.5428638420e+20,1.5428638420e+17,1.0313260976e+09,1.6307619089e+04,5.0000448585e+03,3.2192696199e+02,3.2192696199e-01,4.7925896994e+17,4.7925896994e+17,4.8289044298e+02,9.6578088596e+02,False,False,1.0000000000e+00,0,1.0000000000e+00,2.0000000000e+00,3.0857276840e+20,3.0857276840e+17,3.0621085357e-01,4.3304754206e-01,4.3304754206e-01,6.1242170714e-01,3.0621085357e-04,4.3304754206e-04,4.3304754206e-04,6.1242170714e-04,1.0214094631e-09,1.4444911155e-09,0,0.0000000000e+00,inf,3.1658248916e+21,1.0031893717e+14,6.3316497831e+21,2.0063787433e+14,6.0773403519e-22,6.1950462303e-23,-9.3765086843e-02,2025-11-22T13:30:24.742363,1.6180339887e+00
Star_0414,3.5676711880e-01,7.0960979929e+29,8.9257593933e+19,8.9257593933e+16,5.9664167067e+08,9.4342663495e+03,2.8926206025e+03,1.0539352196e+03,1.0539352196e+00,8.4689829385e+16,8.4689829385e+16,1.5809028294e+03,3.1618056589e+03,False,False,1.0000000000e+00,0,1.0000000000e+00,2.0000000000e+00,1.7851518787e+20,1.7851518787e+17,7.2843377797e-01,1.0301609281e+00,1.0301609281e+00,1.4568675559e+00,7.2843377797e-04,1.0301609281e-03,1.0301609281e-03,1.4568675559e-03,2.4297935406e-09,3.4362469789e-09,0,0.0000000000e+00,inf,7.6990114916e+20,2.4396695223e+13,1.5398022983e+21,4.8793390446e+13,5.9447689044e-21,6.0599071401e-22,-5.3061576889e-01,2025-11-22T13:30:24.742363,1.6180339887e+00
Star_0415,3.8534953050e-01,7.6646021616e+29,5.1634704172e+19,5.1634704172e+16,3.4515176585e+08,5.4576370544e+03,1.6733546415e+03,1.1383712810e+03,1.1383712810e+00,4.5358403741e+16,4.5358403741e+16,1.7075569215e+03,3.4151138431e+03,False,False,1.0000000000e+00,0,1.0000000000e+00,2.0000000000e+00,1.0326940834e+20,1.0326940834e+17,9.9535229900e-01,1.4076407206e+00,1.4076407206e+00,1.9907045980e+00,9.9535229900e-04,1.4076407206e-03,1.4076407206e-03,1.9907045980e-03,3.3201378902e-09,4.6953840333e-09,0,0.0000000000e+00,inf,3.2594531094e+20,1.0328583636e+13,6.5189062188e+20,2.0657167271e+13,1.9187215556e-20,1.9558833391e-21,-9.9072619913e-01,2025-11-22T13:30:24.742363,1.6180339887e+00
Star_0416,2.5465252610e-01,5.0650387441e+29,1.0268518823e+19,1.0268518823e+16,6.8639831707e+07,1.0853523754e+03,3.3277761361e+02,7.5227578966e+02,7.5227578966e-01,1.3649939244e+16,1.3649939244e+16,1.1284136845e+03,2.2568273690e+03,False,False,1.0000000000e+00,0,1.0000000000e+00,2.0000000000e+00,2.0537037647e+19,2.0537037647e+16,1.8144305347e+00,2.5659922702e+00,2.5659922702e+00,3.6288610694e+00,1.8144305347e-03,2.5659922702e-03,2.5659922702e-03,3.6288610694e-03,6.0522887961e-09,8.5592288989e-09,0,2.2204460493e-16,inf,3.5558818793e+19,1.1267909725e+12,7.1117637587e+19,2.2535819450e+12,3.2060691731e-19,3.2681642947e-20,-3.2921581653e+00,2025-11-22T13:30:24.742363,1.6180339887e+00
Star_0417,1.0749650707e+00,2.1381055256e+30,2.9495563997e+19,2.9495563997e+16,1.9716286094e+08,3.1175947571e+03,9.5587918453e+02,3.1755828611e+03,3.1755828611e+00,9.2882362977e+15,9.2882362977e+15,4.7633742917e+03,9.5267485833e+03,False,False,1.0000000000e+00,0,1.0000000000e+00,2.0000000000e+00,5.8991127994e+19,5.8991127994e+16,2.1995765316e+00,3.1106709624e+00,3.1106709624e+00,4.3991530631e+00,2.1995765316e-03,3.1106709624e-03,3.1106709624e-03,4.3991530631e-03,7.3369975557e-09,1.0376081450e-08,0,2.2204460493e-16,inf,8.4255351734e+19,2.6698909846e+12,1.6851070347e+20,5.3397819691e+12,1.6402930687e-19,1.6720622515e-20,-4.8381369182e+00,2025-11-22T13:30:24.742363,1.6180339887e+00
Star_0418,1.6836125690e+00,3.3487053997e+30,1.5444816794e+20,1.5444816794e+17,1.0324075397e+09,1.6324719157e+04,5.0052878744e+03,4.9736045985e+03,4.9736045985e+00,3.1053567866e+16,3.1053567866e+16,7.4604068978e+03,1.4920813796e+04,False,False,1.0000000000e+00,0,1.0000000000e+00,2.0000000000e+00,3.0889633588e+20,3.0889633588e+17,1.2029565813e+00,1.7012375123e+00,1.7012375123e+00,2.4059131627e+00,1.2029565813e-03,1.7012375123e-03,1.7012375123e-03,2.4059131627e-03,4.0126312362e-09,5.6747175150e-09,0,0.0000000000e+00,inf,8.0670115162e+20,2.5562816932e+13,1.6134023032e+21,5.1125633865e+13,9.3695157145e-21,9.5509844185e-22,-1.4471045366e+00,2025-11-22T13:30:24.742363,1.6180339887e+00
Star_0419,1.3953755346e+00,2.7754019383e+30,1.4926752165e+19,1.4926752165e+16,9.9777755112e+07,1.5777140011e+03,4.8373957821e+02,4.1221159210e+03,4.1221159210e+00,3.6211383791e+15,3.6211383791e+15,6.1831738816e+03,1.2366347763e+04,False,False,1.0000000000e+00,0,1.0000000000e+00,2.0000000000e+00,2.9853504330e+19,2.9853504330e+16,3.5227607139e+00,4.9819359785e+00,4.9819359785e+00,7.0455214277e+00,3.5227607139e-03,4.9819359785e-03,4.9819359785e-03,7.0455214277e-03,1.1750664901e-08,1.6617949670e-08,0,2.2204460493e-16,inf,2.6623309814e+19,8.4364177929e+11,5.3246619628e+19,1.6872835586e+12,8.3138266852e-19,8.4748488127e-20,-1.2409843047e+01,2025-11-22T13:30:24.742864,1.6180339887e+00
Star_0420,3.1486646330e-01,6.2626939550e+29,7.4245562513e+18,7.4245562513e+15,4.9629386707e+07,7.8475385808e+02,2.4061173320e+02,9.3015538053e+02,9.3015538053e-01,7.9820602092e+15,7.9820602092e+15,1.3952330708e+03,2.7904661416e+03,False,False,1.0000000000e+00,0,1.0000000000e+00,2.0000000000e+00,1.4849112503e+19,1.4849112503e+16,2.3727293665e+00,3.3555460499e+00,3.3555460499e+00,4.7454587329e+00,2.3727293665e-03,3.3555460499e-03,3.3555460499e-03,4.7454587329e-03,7.9145732427e-09,1.1192896820e-08,0,2.2204460493e-16,inf,1.9660844347e+19,6.2301456215e+11,3.9321688693e+19,1.2460291243e+12,7.5827355277e-19,7.7295978876e-20,-5.6298446465e+00,2025-11-22T13:30:24.742864,1.6180339887e+00
Star_0421,1.1806643224e+00,2.3483413373e+30,1.5487958700e+20,1.5487958700e+17,1.0352913570e+09,1.6370318888e+04,5.0192691125e+03,3.4878318274e+03,3.4878318274e+00,4.4405692323e+16,4.4405692323e+16,5.2317477411e+03,1.0463495482e+04,False,False,1.0000000000e+00,0,1.0000000000e+00,2.0000000000e+00,3.0975917401e+20,3.0975917401e+17,1.0059731339e+00,1.4226608493e+00,1.4226608493e+00,2.0119462678e+00,1.0059731339e-03,1.4226608493e-03,1.4226608493e-03,2.0119462678e-03,3.3555651820e-09,4.7454857899e-09,0,0.0000000000e+00,inf,9.6735898072e+20,3.0653756329e+13,1.9347179614e+21,6.1307512657e+13,6.5339917656e-21,6.6605420648e-22,-1.0119819461e+00,2025-11-22T13:30:24.742864,1.6180339887e+00
Star_0422,1.8870207000e-01,3.7532841723e+29,1.4102802947e+20,1.4102802947e+17,9.4270073176e+08,1.4906249812e+04,4.5703739661e+03,5.5744979598e+02,5.5744979598e-01,2.5298785736e+17,2.5298785736e+17,8.3617469397e+02,1.6723493879e+03,False,False,1.0000000000e+00,0,1.0000000000e+00,2.0000000000e+00,2.8205605894e+20,2.8205605894e+17,4.2145951850e-01,5.9603376706e-01,5.9603376706e-01,8.4291903701e-01,4.2145951850e-04,5.9603376706e-04,5.9603376706e-04,8.4291903701e-04,1.4058376295e-09,1.9881546422e-09,0,0.0000000000e+00,inf,2.1024682176e+21,6.6623197507e+13,4.2049364353e+21,1.3324639501e+14,1.2595235600e-21,1.2839180020e-22,-1.7762812574e-01,2025-11-22T13:30:24.742864,1.6180339887e+00
Star_0423,2.3124523630e-01,4.5994677500e+29,6.9408229665e+18,6.9408229665e+15,4.6395875444e+07,7.3362466615e+02,2.2493511898e+02,6.8312769328e+02,6.8312769328e-01,1.0160359527e+16,1.0160359527e+16,1.0246915399e+03,2.0493830799e+03,False,False,1.0000000000e+00,0,1.0000000000e+00,2.0000000000e+00,1.3881645933e+19,1.3881645933e+16,2.1030575979e+00,2.9741725774e+00,2.9741725774e+00,4.2061151958e+00,2.1030575979e-03,2.9741725774e-03,2.9741725774e-03,4.2061151958e-03,7.0150450480e-09,9.9207718475e-09,0,2.2204460493e-16,inf,2.0736701137e+19,6.5710640661e+11,4.1473402275e+19,1.3142128132e+12,6.3722288863e-19,6.4956461634e-20,-4.4228512602e+00,2025-11-22T13:30:24.742864,1.6180339887e+00
Star_0424,1.1949928510e-01,2.3768407806e+29,3.5849510247e+19,3.5849510247e+16,2.3963576368e+08,3.7891882725e+03,1.1617950626e+03,3.5301601142e+02,3.5301601142e-01,1.0155208004e+17,1.0155208004e+17,5.2952401714e+02,1.0590480343e+03,False,False,1.0000000000e+00,0,1.0000000000e+00,2.0000000000e+00,7.1699020493e+19,7.1699020493e+16,6.6521386632e-01,9.4075447163e-01,9.4075447163e-01,1.3304277326e+00,6.6521386632e-04,9.4075447163e-04,9.4075447163e-04,1.3304277326e-03,2.2189146143e-09,3.1380191413e-09,0,0.0000000000e+00,inf,3.3861157660e+20,1.0729953374e+13,6.7722315320e+20,2.1459906748e+13,1.2343529518e-20,1.2582598897e-21,-4.4250948794e-01,2025-11-22T13:30:24.742864,1.6180339887e+00
Star_0425,2.4639420584e+01,4.9007807542e+31,2.7772801919e+19,2.7772801919e+16,1.8564707165e+08,2.9355038494e+03,9.0004867352e+02,7.2787966649e+04,7.2787966649e+01,3.8155760076e+14,3.8155760076e+14,1.0918194997e+05,2.1836389995e+05,False,False,1.0000000000e+00,0,1.0000000000e+00,2.0000000000e+00,5.5545603838e+19,5.5545603838e+16,1.0852396446e+01,1.5347606238e+01,1.5347606238e+01,2.1704792891e+01,1.0852396446e-02,1.5347606238e-02,1.5347606238e-02,2.1704792891e-02,3.6199698011e-08,5.1194103881e-08,0,1.3322676296e-15,inf,1.6079550893e+19,5.0953022070e+11,3.2159101786e+19,1.0190604414e+12,4.2406419401e-18,4.3227746586e-19,-1.1777450861e+02,2025-11-22T13:30:24.743371,1.6180339887e+00
Star_0426,1.7823389620e-01,3.5450721954e+29,8.6627047611e+19,8.6627047611e+16,5.7905780489e+08,9.1562253051e+03,2.8073710215e+03,5.2652548578e+02,5.2652548578e-01,1.6452583959e+17,1.6452583959e+17,7.8978822866e+02,1.5795764573e+03,False,False,1.0000000000e+00,0,1.0000000000e+00,2.0000000000e+00,1.7325409522e+20,1.7325409522e+17,5.2262315482e-01,7.3910075356e-01,7.3910075356e-01,1.0452463096e+00,5.2262315482e-04,7.3910075356e-04,7.3910075356e-04,1.0452463096e-03,1.7432831977e-09,2.4653747412e-09,0,0.0000000000e+00,inf,1.0414651317e+21,3.3002038548e+13,2.0829302633e+21,6.6004077095e+13,3.1529986245e-21,3.2140658761e-22,-2.7313496196e-01,2025-11-22T13:30:24.743371,1.6180339887e+00
Star_0427,4.3669659090e-01,8.6858951930e+29,8.3214316852e+19,8.3214316852e+16,5.5624543350e+08,8.7955096557e+03,2.6967727534e+03,1.2900569957e+03,1.2900569957e+00,6.4504372389e+16,6.4504372389e+16,1.9350854935e+03,3.8701709870e+03,False,False,1.0000000000e+00,0,1.0000000000e+00,2.0000000000e+00,1.6642863370e+20,1.6642863370e+17,8.3466293488e-01,1.1803916425e+00,1.1803916425e+00,1.6693258698e+00,8.3466293488e-04,1.1803916425e-03,1.1803916425e-03,1.6693258698e-03,2.7841358667e-09,3.9373627022e-09,0,0.0000000000e+00,inf,6.2642169808e+20,1.9850105777e+13,1.2528433962e+21,3.9700211555e+13,8.3719033120e-21,8.5340502671e-22,-6.9666221486e-01,2025-11-22T13:30:24.743371,1.6180339887e+00
Star_0428,3.3803134100e-01,6.7234433725e+29,1.4633749570e+19,1.4633749570e+16,9.7819181616e+07,1.5467444847e+03,4.7424407978e+02,9.9858736089e+02,9.9858736089e-01,1.4654451020e+16,1.4654451020e+16,1.4978810413e+03,2.9957620827e+03,False,False,1.0000000000e+00,0,1.0000000000e+00,2.0000000000e+00,2.9267499139e+19,2.9267499139e+16,1.7511402413e+00,2.4764862788e+00,2.4764862788e+00,3.5022804825e+00,1.7511402413e-03,2.4764862788e-03,2.4764862788e-03,3.5022804825e-03,5.8411751014e-09,8.2606690486e-09,0,2.2204460493e-16,inf,5.2506680002e+19,1.6638362867e+12,1.0501336000e+20,3.3276725734e+12,2.0954931133e-19,2.1360786069e-20,-3.0664921446e+00,2025-11-22T13:30:24.743371,1.6180339887e+00
Star_0429,3.3508915640e-01,6.6649233208e+29,2.0926339093e+19,2.0926339093e+16,1.3988194581e+08,2.2118527738e+03,6.7817153621e+02,9.8989577523e+02,9.8989577523e-01,2.1139941817e+16,2.1139941817e+16,1.4848436628e+03,2.9696873257e+03,False,False,1.0000000000e+00,0,1.0000000000e+00,2.0000000000e+00,4.1852678186e+19,4.1852678186e+16,1.4579875358e+00,2.0619057469e+00,2.0619057469e+00,2.9159750717e+00,1.4579875358e-03,2.0619057469e-03,2.0619057469e-03,2.9159750717e-03,4.8633229320e-09,6.8777772486e-09,0,0.0000000000e+00,inf,9.0181886396e+19,2.8576915353e+12,1.8036377279e+20,5.7153830707e+12,1.0158143979e-19,1.0354886829e-20,-2.1257276546e+00,2025-11-22T13:30:24.743371,1.6180339887e+00
Star_0430,2.2984978090e-01,4.5717121421e+29,1.5210863800e+20,1.5210863800e+17,1.0167689706e+09,1.6077437691e+04,4.9294694234e+03,6.7900534143e+02,6.7900534143e-01,2.2401685041e+17,2.2401685041e+17,1.0185080121e+03,2.0370160243e+03,False,False,1.0000000000e+00,0,1.0000000000e+00,2.0000000000e+00,3.0421727599e+20,3.0421727599e+17,4.4788380761e-01,6.3340335509e-01,6.3340335509e-01,8.9576761522e-01,4.4788380761e-04,6.3340335509e-04,6.3340335509e-04,8.9576761522e-04,1.4939795704e-09,2.1128061704e-09,0,0.0000000000e+00,inf,2.1338720961e+21,6.7618326365e+13,4.2677441922e+21,1.3523665273e+14,1.3187936449e-21,1.3443360294e-22,-2.0059990512e-01,2025-11-22T13:30:24.743371,1.6180339887e+00
Star_0431,1.1392930390e-01,2.2660538546e+29,5.7927800484e+18,5.7927800484e+15,3.8721791767e+07,6.1227989096e+02,1.8772985217e+02,3.3656158205e+02,3.3656158205e-01,1.7211649687e+16,1.7211649687e+16,5.0484237307e+02,1.0096847461e+03,False,False,1.0000000000e+00,0,1.0000000000e+00,2.0000000000e+00,1.1585560097e+19,1.1585560097e+16,1.6158254939e+00,2.2851223279e+00,2.2851223279e+00,3.2316509879e+00,1.6158254939e-03,2.2851223279e-03,2.2851223279e-03,3.2316509879e-03,5.3898136888e-09,7.6223476174e-09,0,2.2204460493e-16,inf,2.2525396848e+19,7.1378675337e+11,4.5050793696e+19,1.4275735067e+12,4.5071485625e-19,4.5944429791e-20,-2.6108920268e+00,2025-11-22T13:30:24.743371,1.6180339887e+00
Star_0432,1.7034995060e-01,3.3882605174e+29,5.2521060125e+19,5.2521060125e+16,3.5107660512e+08,5.5513222836e+03,1.7020792729e+03,5.0323531272e+02,5.0323531272e-01,1.0436680177e+17,1.0436680177e+17,7.5485296908e+02,1.5097059382e+03,False,False,1.0000000000e+00,0,1.0000000000e+00,2.0000000000e+00,1.0504212025e+20,1.0504212025e+17,6.5618230921e-01,9.2798192108e-01,9.2798192108e-01,1.3123646184e+00,6.5618230921e-04,9.2798192108e-04,9.2798192108e-04,1.3123646184e-03,2.1887885826e-09,3.0954144986e-09,0,0.0000000000e+00,inf,5.0290833609e+20,1.5936203516e+13,1.0058166722e+21,3.1872407033e+13,8.1981441710e-21,8.3569257605e-22,-4.3057522292e-01,2025-11-22T13:30:24.743880,1.6180339887e+00
Star_0433,4.6296163180e-01,9.2083068565e+29,2.2917015764e+19,2.2917015764e+16,1.5318860805e+08,2.4222614696e+03,7.4268450477e+02,1.3676472505e+03,1.3676472505e+00,1.6756525307e+16,1.6756525307e+16,2.0514708757e+03,4.1029417514e+03,False,False,1.0000000000e+00,0,1.0000000000e+00,2.0000000000e+00,4.5834031528e+19,4.5834031528e+16,1.6376222174e+00,2.3159475499e+00,2.3159475499e+00,3.2752444348e+00,1.6376222174e-03,2.3159475499e-03,2.3159475499e-03,3.2752444348e-03,5.4625197322e-09,7.7251694900e-09,0,2.2204460493e-16,inf,8.7927395710e+19,2.7862510365e+12,1.7585479142e+20,5.5725020730e+12,1.1702250217e-19,1.1928899304e-20,-2.6818065269e+00,2025-11-22T13:30:24.743880,1.6180339887e+00
Star_0434,3.8536225820e-01,7.6648553156e+29,2.8110305266e+19,2.8110305266e+16,1.8790311007e+08,2.9711769650e+03,9.1098633263e+02,1.1384088803e+03,1.1384088803e+00,2.4692626484e+16,2.4692626484e+16,1.7076133204e+03,3.4152266408e+03,False,False,1.0000000000e+00,0,1.0000000000e+00,2.0000000000e+00,5.6220610532e+19,5.6220610532e+16,1.3490314098e+00,1.9078185159e+00,1.9078185159e+00,2.6980628197e+00,1.3490314098e-03,1.9078185159e-03,1.9078185159e-03,2.6980628197e-03,4.4998844161e-09,6.3637975704e-09,0,0.0000000000e+00,inf,1.3092523698e+20,4.1487704065e+12,2.6185047396e+20,8.2975408131e+12,6.4740874476e-20,6.5994775205e-21,-1.8198857447e+00,2025-11-22T13:30:24.743880,1.6180339887e+00
Star_0435,4.0149693770e-01,7.9857740909e+29,4.1019977729e+19,4.1019977729e+16,2.7419771209e+08,4.3356915473e+03,1.3293572845e+03,1.1860727654e+03,1.1860727654e+00,3.4584705866e+16,3.4584705866e+16,1.7791091481e+03,3.5582182963e+03,False,False,1.0000000000e+00,0,1.0000000000e+00,2.0000000000e+00,8.2039955457e+19,8.2039955457e+16,1.1398918849e+00,1.6120505633e+00,1.6120505633e+00,2.2797837699e+00,1.1398918849e-03,1.6120505633e-03,1.6120505633e-03,2.2797837699e-03,3.8022700522e-09,5.3772218756e-09,0,0.0000000000e+00,inf,2.2610576036e+20,7.1648591894e+12,4.5221152071e+20,1.4329718379e+13,3.1676114452e-20,3.2289617178e-21,-1.2993535093e+00,2025-11-22T13:30:24.743880,1.6180339887e+00
Star_0436,3.0514788920e-01,6.0693915162e+29,2.9131673134e+19,2.9131673134e+16,1.9473043539e+08,3.0791325583e+03,9.4408637048e+02,9.0144548270e+02,9.0144548270e-01,3.2316622239e+16,3.2316622239e+16,1.3521682241e+03,2.7043364481e+03,False,False,1.0000000000e+00,0,1.0000000000e+00,2.0000000000e+00,5.8263346268e+19,5.8263346268e+16,1.1792142651e+00,1.6676608067e+00,1.6676608067e+00,2.3584285303e+00,1.1792142651e-03,1.6676608067e-03,1.6676608067e-03,2.3584285303e-03,3.9334353939e-09,5.5627176808e-09,0,0.0000000000e+00,inf,1.5522174894e+20,4.9186804111e+12,3.1044349788e+20,9.8373608222e+12,4.7733141749e-20,4.8657636849e-21,-1.3905462831e+00,2025-11-22T13:30:24.743880,1.6180339887e+00
Star_0437,4.1821588390e-01,8.3183139308e+29,7.5904000780e+19,7.5904000780e+16,5.0737968436e+08,8.0228306501e+03,2.4598632654e+03,1.2354626484e+03,1.2354626484e+00,6.1437713945e+16,6.1437713945e+16,1.8531939726e+03,3.7063879451e+03,False,False,1.0000000000e+00,0,1.0000000000e+00,2.0000000000e+00,1.5180800156e+20,1.5180800156e+17,8.5524034755e-01,1.2094924986e+00,1.2094924986e+00,1.7104806951e+00,8.5524034755e-04,1.2094924986e-03,1.2094924986e-03,1.7104806951e-03,2.8527747271e-09,4.0344327094e-09,0,0.0000000000e+00,inf,5.5764312783e+20,1.7670644404e+13,1.1152862557e+21,3.5341288807e+13,9.6363306883e-21,9.8229670625e-22,-7.3143605209e-01,2025-11-22T13:30:24.744387,1.6180339887e+00
Star_0438,1.2352823929e+00,2.4569766795e+30,1.3068609060e+19,1.3068609060e+16,8.7357012431e+07,1.3813137152e+03,4.2352169879e+02,3.6491805199e+03,3.6491805199e+00,3.5812448819e+15,3.5812448819e+15,5.4737707798e+03,1.0947541560e+04,False,False,1.0000000000e+00,0,1.0000000000e+00,2.0000000000e+00,2.6137218119e+19,2.6137218119e+16,3.5423273784e+00,5.0096074209e+00,5.0096074209e+00,7.0846547568e+00,3.5423273784e-03,5.0096074209e-03,5.0096074209e-03,7.0846547568e-03,1.1815932269e-08,1.6710251667e-08,0,2.2204460493e-16,inf,2.3180379354e+19,7.3454189655e+11,4.6360758709e+19,1.4690837931e+12,9.6016976240e-19,9.7876632253e-20,-1.2548083256e+01,2025-11-22T13:30:24.744387,1.6180339887e+00
Star_0439,3.3911280120e-01,6.7449536159e+29,9.8304144581e+18,9.8304144581e+15,6.5711326591e+07,1.0390460266e+03,3.1857972123e+02,1.0017821312e+03,1.0017821312e+00,9.8129265357e+15,9.8129265357e+15,1.5026731968e+03,3.0053463936e+03,False,False,1.0000000000e+00,0,1.0000000000e+00,2.0000000000e+00,1.9660828916e+19,1.9660828916e+16,2.1399638223e+00,3.0263658605e+00,3.0263658605e+00,4.2799276446e+00,2.1399638223e-03,3.0263658605e-03,3.0263658605e-03,4.2799276446e-03,7.1381509614e-09,1.0094869900e-08,0,2.2204460493e-16,inf,2.8863252286e+19,9.1462127304e+11,5.7726504572e+19,1.8292425461e+12,4.6584456640e-19,4.7486704017e-20,-4.5794451608e+00,2025-11-22T13:30:24.744387,1.6180339887e+00
Star_0440,1.4396982504e+00,2.8635598200e+30,7.8033434141e+19,7.8033434141e+16,5.2161386458e+08,8.2479055217e+03,2.5288729994e+03,4.2530508328e+03,4.2530508328e+00,1.8347637310e+16,1.8347637310e+16,6.3795762492e+03,1.2759152498e+04,False,False,1.0000000000e+00,0,1.0000000000e+00,2.0000000000e+00,1.5606686828e+20,1.5606686828e+17,1.5650046483e+00,2.2132507989e+00,2.2132507989e+00,3.1300092967e+00,1.5650046483e-03,2.2132507989e-03,2.2132507989e-03,3.1300092967e-03,5.2202935951e-09,7.3826100017e-09,0,0.0000000000e+00,inf,3.1328886300e+20,9.9275250018e+12,6.2657772599e+20,1.9855050004e+13,3.1387053207e-20,3.1994957398e-21,-2.4492395493e+00,2025-11-22T13:30:24.744387,1.6180339887e+00
Star_0441,2.0077054400e-01,3.9933261202e+29,9.2777947027e+19,9.2777947027e+16,6.2017344269e+08,9.8063573646e+03,3.0067066477e+03,5.9310159550e+02,5.9310159550e-01,1.5642842260e+17,1.5642842260e+17,8.8965239325e+02,1.7793047865e+03,False,False,1.0000000000e+00,0,1.0000000000e+00,2.0000000000e+00,1.8555589405e+20,1.8555589405e+17,5.3597912097e-01,7.5798894202e-01,7.5798894202e-01,1.0719582419e+00,5.3597912097e-04,7.5798894202e-04,7.5798894202e-04,1.0719582419e-03,1.7878339053e-09,2.5283789562e-09,0,0.0000000000e+00,inf,1.0876189217e+21,3.4464563898e+13,2.1752378433e+21,6.8929127796e+13,3.0963567024e-21,3.1563269138e-22,-2.8727361812e-01,2025-11-22T13:30:24.744888,1.6180339887e+00
Star_0442,2.8750825950e-01,5.7185392815e+29,1.0173058273e+20,1.0173058273e+17,6.8001726424e+08,1.0752624747e+04,3.2968397035e+03,8.4933578419e+02,8.4933578419e-01,1.1977663561e+17,1.1977663561e+17,1.2740036763e+03,2.5480073526e+03,False,False,1.0000000000e+00,0,1.0000000000e+00,2.0000000000e+00,2.0346116546e+20,2.0346116546e+17,6.1251912022e-01,8.6623284703e-01,8.6623284703e-01,1.2250382404e+00,6.1251912022e-04,8.6623284703e-04,8.6623284703e-04,1.2250382404e-03,2.0431438613e-09,2.8894417585e-09,0,0.0000000000e+00,inf,1.0435463671e+21,3.3067988919e+13,2.0870927342e+21,6.6135977838e+13,3.6879732974e-21,3.7594019342e-22,-3.7517967264e-01,2025-11-22T13:30:24.744888,1.6180339887e+00
Star_0443,3.7705909530e-01,7.4997054055e+29,3.1568540387e+19,3.1568540387e+16,2.1101965499e+08,3.3367022923e+03,1.0230592860e+03,1.1138802863e+03,1.1138802863e+00,2.8341053143e+16,2.8341053143e+16,1.6708204294e+03,3.3416408588e+03,False,False,1.0000000000e+00,0,1.0000000000e+00,2.0000000000e+00,6.3137080774e+19,6.3137080774e+16,1.2592086921e+00,1.7807900102e+00,1.7807900102e+00,2.5184173842e+00,1.2592086921e-03,1.7807900102e-03,1.7807900102e-03,2.5184173842e-03,4.2002680804e-09,5.9400760849e-09,0,0.0000000000e+00,inf,1.5752034621e+20,4.9915185632e+12,3.1504069242e+20,9.9830371265e+12,5.0227426127e-20,5.1200230507e-21,-1.5856065302e+00,2025-11-22T13:30:24.744888,1.6180339887e+00
Star_0444,3.2144490230e-01,6.3935391067e+29,9.8803306237e+19,9.8803306237e+16,6.6044990800e+08,1.0443220192e+04,3.2019738224e+03,9.4958892187e+02,9.4958892187e-01,1.0404850347e+17,1.0404850347e+17,1.4243833828e+03,2.8487667656e+03,False,False,1.0000000000e+00,0,1.0000000000e+00,2.0000000000e+00,1.9760661247e+20,1.9760661247e+17,6.5718521753e-01,9.2940024762e-01,9.2940024762e-01,1.3143704351e+00,6.5718521753e-04,9.2940024762e-04,9.2940024762e-04,1.3143704351e-03,2.1921339246e-09,3.1001455267e-09,0,0.0000000000e+00,inf,9.4463397150e+20,2.9933644241e+13,1.8892679430e+21,5.9867288482e+13,4.3712343907e-21,4.4558964228e-22,-4.3189241014e-01,2025-11-22T13:30:24.745387,1.6180339887e+00
Star_0445,3.8734064147e+01,7.7042053589e+31,2.2558219145e+19,2.2558219145e+16,1.5079023493e+08,2.3843377175e+03,7.3105678274e+02,1.1442532748e+05,1.1442532748e+02,1.9714358387e+14,1.9714358387e+14,1.7163799122e+05,3.4327598245e+05,False,False,1.0000000000e+00,0,1.0000000000e+00,2.0000000000e+00,4.5116438290e+19,4.5116438290e+16,1.5097824802e+01,2.1351548598e+01,2.1351548598e+01,3.0195649604e+01,1.5097824802e-02,2.1351548598e-02,2.1351548598e-02,3.0195649604e-02,5.0360922696e-08,7.1221099891e-08,0,2.6645352591e-15,inf,9.3879398487e+18,2.9748586232e+11,1.8775879697e+19,5.9497172463e+11,1.0104712269e-17,1.0300420254e-18,-2.2794431376e+02,2025-11-22T13:30:24.745387,1.6180339887e+00
Star_0446,2.5569190200e-01,5.0857119308e+29,3.0857000000e+19,3.0857000000e+16,2.0626336898e+08,3.2614945566e+03,1.0000000000e+03,7.5534623761e+02,7.5534623761e-01,4.0851464485e+16,4.0851464485e+16,1.1330193564e+03,2.2660387128e+03,False,False,1.0000000000e+00,0,1.0000000000e+00,2.0000000000e+00,6.1714000000e+19,6.1714000000e+16,1.0488222451e+00,1.4832586436e+00,1.4832586436e+00,2.0976444903e+00,1.0488222451e-03,1.4832586436e-03,1.4832586436e-03,2.0976444903e-03,3.4984944322e-09,4.9476182739e-09,0,0.0000000000e+00,inf,1.8485520299e+20,5.8577079052e+12,3.6971040598e+20,1.1715415810e+13,3.5649223900e-20,3.6339677778e-21,-1.1000281019e+00,2025-11-22T13:30:24.745387,1.6180339887e+00
Star_0447,3.6426423770e-01,7.2452156879e+29,3.8243891439e+19,3.8243891439e+16,2.5564098556e+08,4.0422673543e+03,1.2393911086e+03,1.0760826576e+03,1.0760826576e+00,3.5539919882e+16,3.5539919882e+16,1.6141239865e+03,3.2282479729e+03,False,False,1.0000000000e+00,0,1.0000000000e+00,2.0000000000e+00,7.6487782879e+19,7.6487782879e+16,1.1244689892e+00,1.5902392950e+00,1.5902392950e+00,2.2489379783e+00,1.1244689892e-03,1.5902392950e-03,1.5902392950e-03,2.2489379783e-03,3.7508248095e-09,5.3044673157e-09,0,0.0000000000e+00,inf,2.1369504993e+20,6.7715875075e+12,4.2739009985e+20,1.3543175015e+13,3.3062286813e-20,3.3702636914e-21,-1.2644305076e+00,2025-11-22T13:30:24.745387,1.6180339887e+00
Star_0448,2.2530120550e-01,4.4812409774e+29,2.0735484343e+19,2.0735484343e+16,1.3860617876e+08,2.1916799855e+03,6.7198639994e+02,6.6556827405e+02,6.6556827405e-01,3.1154556416e+16,3.1154556416e+16,9.9835241108e+02,1.9967048222e+03,False,False,1.0000000000e+00,0,1.0000000000e+00,2.0000000000e+00,4.1470968686e+19,4.1470968686e+16,1.2010052865e+00,1.6984779647e+00,1.6984779647e+00,2.4020105730e+00,1.2010052865e-03,1.6984779647e-03,1.6984779647e-03,2.4020105730e-03,4.0061224172e-09,5.6655126550e-09,0,0.0000000000e+00,inf,1.0847986435e+20,3.4375194675e+12,2.1695972869e+20,6.8750389350e+12,6.9562575649e-20,7.0909863047e-21,-1.4424136982e+00,2025-11-22T13:30:24.745891,1.6180339887e+00
Star_0449,3.7659193779e+01,7.4904136427e+31,1.3013280886e+20,1.3013280886e+17,8.6987171701e+08,1.3754656893e+04,4.2172864784e+03,1.1125002439e+05,1.1125002439e+02,1.1697328570e+15,1.1697328570e+15,1.6687503658e+05,3.3375007316e+05,False,False,1.0000000000e+00,0,1.0000000000e+00,2.0000000000e+00,2.6026561773e+20,2.6026561773e+17,6.1981539711e+00,8.7655134076e+00,8.7655134076e+00,1.2396307942e+01,6.1981539711e-03,8.7655134076e-03,8.7655134076e-03,1.2396307942e-02,2.0674816213e-08,2.9238605488e-08,0,4.4408920985e-16,inf,1.3191807697e+20,4.1802316073e+12,2.6383615394e+20,8.3604632146e+12,2.9521465789e-19,3.0093237298e-20,-3.8417112650e+01,2025-11-22T13:30:24.745891,1.6180339887e+00
Star_0450,3.1624962850e-01,6.2902051109e+29,3.4701959257e+19,3.4701959257e+16,2.3196496830e+08,3.6678954928e+03,1.1246057380e+03,9.3424142558e+02,9.3424142558e-01,3.7144530640e+16,3.7144530640e+16,1.4013621384e+03,2.8027242767e+03,False,False,1.0000000000e+00,0,1.0000000000e+00,2.0000000000e+00,6.9403918514e+19,6.9403918514e+16,1.0999128292e+00,1.5555116405e+00,1.5555116405e+00,2.1998256584e+00,1.0999128292e-03,1.5555116405e-03,1.5555116405e-03,2.1998256584e-03,3.6689142767e-09,5.1886283294e-09,0,0.0000000000e+00,inf,1.9823283695e+20,6.2816195449e+12,3.9646567390e+20,1.2563239090e+13,3.4862822093e-20,3.5538044947e-21,-1.2098082319e+00,2025-11-22T13:30:24.745891,1.6180339887e+00
Star_0451,2.3978820810e-01,4.7693874591e+29,4.3077840100e+19,4.3077840100e+16,2.8795347660e+08,4.5532015748e+03,1.3960475775e+03,7.0836471314e+02,7.0836471314e-01,6.0813080184e+16,6.0813080184e+16,1.0625470697e+03,2.1250941394e+03,False,False,1.0000000000e+00,0,1.0000000000e+00,2.0000000000e+00,8.6155680199e+19,8.6155680199e+16,8.5962137233e-01,1.2156882033e+00,1.2156882033e+00,1.7192427447e+00,8.5962137233e-04,1.2156882033e-03,1.2156882033e-03,1.7192427447e-03,2.8673882527e-09,4.0550993556e-09,0,0.0000000000e+00,inf,3.1486659207e+20,9.9775202193e+12,6.2973318415e+20,1.9955040439e+13,1.7153805810e-20,1.7486040581e-21,-7.3894890377e-01,2025-11-22T13:30:24.746390,1.6180339887e+00
Star_0452,1.9505452420e-01,3.8796344863e+29,1.4691619220e+19,1.4691619220e+16,9.8206010829e+07,1.5528611373e+03,4.7611949379e+02,5.7621574962e+02,5.7621574962e-01,2.5496733176e+16,2.5496733176e+16,8.6432362443e+02,1.7286472489e+03,False,False,1.0000000000e+00,0,1.0000000000e+00,2.0000000000e+00,2.9383238440e+19,2.9383238440e+16,1.3275883588e+00,1.8774934622e+00,1.8774934622e+00,2.6551767175e+00,1.3275883588e-03,1.8774934622e-03,1.8774934622e-03,2.6551767175e-03,4.4283580969e-09,6.2626440797e-09,0,0.0000000000e+00,inf,6.9532220143e+19,2.2033430978e+12,1.3906444029e+20,4.4066861956e+12,1.1996573175e-19,1.2228922707e-20,-1.7624908504e+00,2025-11-22T13:30:24.746390,1.6180339887e+00
Star_0453,4.3111974710e-01,8.5749717698e+29,3.9722743276e+19,3.9722743276e+16,2.6552635879e+08,4.1985776636e+03,1.2873170845e+03,1.2735822933e+03,1.2735822933e+00,3.1189773511e+16,3.1189773511e+16,1.9103734400e+03,3.8207468800e+03,False,False,1.0000000000e+00,0,1.0000000000e+00,2.0000000000e+00,7.9445486551e+19,7.9445486551e+16,1.2003270536e+00,1.6975187985e+00,1.6975187985e+00,2.4006541072e+00,1.2003270536e-03,1.6975187985e-03,1.6975187985e-03,2.4006541072e-03,4.0038600757e-09,5.6623132209e-09,0,0.0000000000e+00,inf,2.0793112691e+20,6.5889398087e+12,4.1586225382e+20,1.3177879617e+13,3.6271035602e-20,3.6973532724e-21,-1.4407850356e+00,2025-11-22T13:30:24.746390,1.6180339887e+00
Star_0454,3.6668678810e-01,7.2934002153e+29,9.2018799359e+19,9.2018799359e+16,6.1509892620e+08,9.7261176788e+03,2.9821045260e+03,1.0832391781e+03,1.0832391781e+00,8.4947813205e+16,8.4947813205e+16,1.6248587672e+03,3.2497175343e+03,False,False,1.0000000000e+00,0,1.0000000000e+00,2.0000000000e+00,1.8403759872e+20,1.8403759872e+17,7.2732682172e-01,1.0285954556e+00,1.0285954556e+00,1.4546536434e+00,7.2732682172e-04,1.0285954556e-03,1.0285954556e-03,1.4546536434e-03,2.4261011320e-09,3.4310251246e-09,0,0.0000000000e+00,inf,7.9492622965e+20,2.5189692171e+13,1.5898524593e+21,5.0379384342e+13,5.7488720705e-21,5.8602161779e-22,-5.2900430560e-01,2025-11-22T13:30:24.746390,1.6180339887e+00
Star_0455,1.6878700012e+00,3.3571734324e+30,9.9487129038e+19,9.9487129038e+16,6.6502091603e+08,1.0515498260e+04,3.2241348491e+03,4.9861815920e+03,4.9861815920e+00,1.9952568353e+16,1.9952568353e+16,7.4792723880e+03,1.4958544776e+04,False,False,1.0000000000e+00,0,1.0000000000e+00,2.0000000000e+00,1.9897425808e+20,1.9897425808e+17,1.5007429140e+00,2.1223709827e+00,2.1223709827e+00,3.0014858281e+00,1.5007429140e-03,2.1223709827e-03,2.1223709827e-03,3.0014858281e-03,5.0059395225e-09,7.0794675651e-09,0,0.0000000000e+00,inf,4.1652441706e+20,1.3198862304e+13,8.3304883412e+20,2.6397724609e+13,2.2638398714e-20,2.3076859035e-21,-2.2522292940e+00,2025-11-22T13:30:24.746886,1.6180339887e+00
Star_0456,3.7394413810e-01,7.4377489068e+29,6.8749091461e+18,6.8749091461e+15,4.5955275041e+07,7.2665776832e+02,2.2279901306e+02,1.1046783085e+03,1.1046783085e+00,6.2234490289e+15,6.2234490289e+15,1.6570174627e+03,3.3140349254e+03,False,False,1.0000000000e+00,0,1.0000000000e+00,2.0000000000e+00,1.3749818292e+19,1.3749818292e+16,2.6871390277e+00,3.8001884569e+00,3.8001884569e+00,5.3742780553e+00,2.6871390277e-03,3.8001884569e-03,3.8001884569e-03,5.3742780553e-03,8.9633309844e-09,1.2676064242e-08,0,2.2204460493e-16,inf,1.6075211476e+19,5.0939271288e+11,3.2150422952e+19,1.0187854258e+12,1.0502998659e-18,1.0706420651e-19,-7.2207161540e+00,2025-11-22T13:30:24.746886,1.6180339887e+00
Star_0457,5.7797372450e-01,1.1495897380e+30,1.3157873393e+19,1.3157873393e+16,8.7953699149e+07,1.3907486939e+03,4.2641453780e+02,1.7074075277e+03,1.7074075277e+00,7.7063461297e+15,7.7063461297e+15,2.5611112915e+03,5.1222225830e+03,False,False,1.0000000000e+00,0,1.0000000000e+00,2.0000000000e+00,2.6315746786e+19,2.6315746786e+16,2.4148015692e+00,3.4150451296e+00,3.4150451296e+00,4.8296031383e+00,2.4148015692e-03,3.4150451296e-03,3.4150451296e-03,4.8296031383e-03,8.0549110050e-09,1.1391364387e-08,0,2.2204460493e-16,inf,3.4236087068e+19,1.0848761334e+12,6.8472174137e+19,2.1697522669e+12,4.4317698190e-19,4.5176043008e-20,-5.8312666185e+00,2025-11-22T13:30:24.746886,1.6180339887e+00
Star_0458,1.8856139400e-01,3.7504861267e+29,4.7397499989e+19,4.7397499989e+16,3.1682820849e+08,5.0097769781e+03,1.5360372035e+03,5.5703422127e+02,5.5703422127e-01,8.5089027172e+16,8.5089027172e+16,8.3555133191e+02,1.6711026638e+03,False,False,1.0000000000e+00,0,1.0000000000e+00,2.0000000000e+00,9.4794999979e+19,9.4794999979e+16,7.2672303439e-01,1.0277415713e+00,1.0277415713e+00,1.4534460688e+00,7.2672303439e-04,1.0277415713e-03,1.0277415713e-03,1.4534460688e-03,2.4240871142e-09,3.4281768733e-09,0,0.0000000000e+00,inf,4.0979473808e+20,1.2985611646e+13,8.1958947615e+20,2.5971223292e+13,1.1142494200e-20,1.1358301936e-21,-5.2812636871e-01,2025-11-22T13:30:24.746886,1.6180339887e+00
Star_0459,3.0572357830e-01,6.0808419724e+29,1.8584083238e+19,1.8584083238e+16,1.2422515534e+08,1.9642831877e+03,6.0226474506e+02,9.0314614116e+02,9.0314614116e-01,2.0577049927e+16,2.0577049927e+16,1.3547192117e+03,2.7094384235e+03,False,False,1.0000000000e+00,0,1.0000000000e+00,2.0000000000e+00,3.7168166477e+19,3.7168166477e+16,1.4777948523e+00,2.0899175226e+00,2.0899175226e+00,2.9555897047e+00,1.4777948523e-03,2.0899175226e-03,2.0899175226e-03,2.9555897047e-03,4.9293930281e-09,6.9712144746e-09,0,0.0000000000e+00,inf,7.9014511768e+19,2.5038187875e+12,1.5802902354e+20,5.0076375750e+12,1.1751333642e-19,1.1978933376e-20,-2.1838776256e+00,2025-11-22T13:30:24.747384,1.6180339887e+00
Star_0460,4.6640252120e-01,9.2767461467e+29,2.4655084243e+19,2.4655084243e+16,1.6480671286e+08,2.6059702191e+03,7.9901105886e+02,1.3778120732e+03,1.3778120732e+00,1.7894373785e+16,1.7894373785e+16,2.0667181098e+03,4.1334362197e+03,False,False,1.0000000000e+00,0,1.0000000000e+00,2.0000000000e+00,4.9310168487e+19,4.9310168487e+16,1.5847014405e+00,2.2411062694e+00,2.2411062694e+00,3.1694028809e+00,1.5847014405e-03,2.2411062694e-03,2.2411062694e-03,3.1694028809e-03,5.2859950214e-09,7.4755258500e-09,0,2.2204460493e-16,inf,9.7754983438e+19,3.0976684994e+12,1.9550996688e+20,6.1953369989e+12,1.0185642160e-19,1.0382917595e-20,-2.5112786554e+00,2025-11-22T13:30:24.747384,1.6180339887e+00
Star_0461,1.4322464002e+00,2.8487380900e+30,7.1542773790e+19,7.1542773790e+16,4.7822709753e+08,7.5618617261e+03,2.3185265512e+03,4.2310371242e+03,4.2310371242e+00,1.6909039484e+16,1.6909039484e+16,6.3465556863e+03,1.2693111373e+04,False,False,1.0000000000e+00,0,1.0000000000e+00,2.0000000000e+00,1.4308554758e+20,1.4308554758e+17,1.6302200717e+00,2.3054793350e+00,2.3054793350e+00,3.2604401433e+00,1.6302200717e-03,2.3054793350e-03,2.3054793350e-03,3.2604401433e-03,5.4378288318e-09,7.6902512838e-09,0,2.2204460493e-16,inf,2.7573976847e+20,8.7376659970e+12,5.5147953694e+20,1.7475331994e+13,3.7147252493e-20,3.7866720177e-21,-2.6576174821e+00,2025-11-22T13:30:24.747384,1.6180339887e+00
Star_0462,1.8856368192e+00,3.7505316334e+30,1.6361135377e+19,1.6361135377e+16,1.0936587819e+08,1.7293241070e+03,5.3022443454e+02,5.5704098008e+03,5.5704098008e+00,2.9371511184e+15,2.9371511184e+15,8.3556147012e+03,1.6711229402e+04,False,False,1.0000000000e+00,0,1.0000000000e+00,2.0000000000e+00,3.2722270753e+19,3.2722270753e+16,3.9114930162e+00,5.5316864727e+00,5.5316864727e+00,7.8229860325e+00,3.9114930162e-03,5.5316864727e-03,5.5316864727e-03,7.8229860325e-03,1.3047336288e-08,1.8451719932e-08,0,2.2204460493e-16,inf,2.6281536227e+19,8.3281162784e+11,5.2563072453e+19,1.6656232557e+12,9.3512933326e-19,9.5324091056e-20,-1.5299777616e+01,2025-11-22T13:30:24.747886,1.6180339887e+00
Star_0463,3.1942717970e-01,6.3534066042e+29,5.5850742656e+19,5.5850742656e+16,3.7333384128e+08,5.9032599784e+03,1.8099861508e+03,9.4362831396e+02,9.4362831396e-01,5.9187226400e+16,5.9187226400e+16,1.4154424709e+03,2.8308849419e+03,False,False,1.0000000000e+00,0,1.0000000000e+00,2.0000000000e+00,1.1170148531e+20,1.1170148531e+17,8.7134814447e-01,1.2322723635e+00,1.2322723635e+00,1.7426962889e+00,8.7134814447e-04,1.2322723635e-03,1.2322723635e-03,1.7426962889e-03,2.9065045541e-09,4.1104181596e-09,0,0.0000000000e+00,inf,4.0273290059e+20,1.2761835520e+13,8.0546580119e+20,2.5523671039e+13,1.3594225480e-20,1.3857518328e-21,-7.5924758888e-01,2025-11-22T13:30:24.747886,1.6180339887e+00
Star_0464,3.7704977030e-01,7.4995199313e+29,1.0525902605e+20,1.0525902605e+17,7.0360311528e+08,1.1125570875e+04,3.4111879329e+03,1.1138527390e+03,1.1138527390e+00,9.4499948116e+16,9.4499948116e+16,1.6707791085e+03,3.3415582171e+03,False,False,1.0000000000e+00,0,1.0000000000e+00,2.0000000000e+00,2.1051805209e+20,2.1051805209e+17,6.8958835669e-01,9.7522520649e-01,9.7522520649e-01,1.3791767134e+00,6.8958835669e-04,9.7522520649e-04,9.7522520649e-04,1.3791767134e-03,2.3002191626e-09,3.2530011362e-09,0,0.0000000000e+00,inf,9.5906776773e+20,3.0391023643e+13,1.9181355355e+21,6.0782047287e+13,4.5177322986e-21,4.6052317009e-22,-4.7553210169e-01,2025-11-22T13:30:24.747886,1.6180339887e+00
Star_0465,8.3272083220e-01,1.6562817352e+30,6.1649278330e+19,6.1649278330e+16,4.1209410649e+08,6.5161482222e+03,1.9979025288e+03,2.4599627233e+03,2.4599627233e+00,2.5061062001e+16,2.5061062001e+16,3.6899440850e+03,7.3798881700e+03,False,False,1.0000000000e+00,0,1.0000000000e+00,2.0000000000e+00,1.2329855666e+20,1.2329855666e+17,1.3390782918e+00,1.8937426814e+00,1.8937426814e+00,2.6781565836e+00,1.3390782918e-03,1.8937426814e-03,1.8937426814e-03,2.6781565836e-03,4.4666843881e-09,6.3168456404e-09,0,0.0000000000e+00,inf,2.8926900105e+20,9.1663815073e+12,5.7853800211e+20,1.8332763015e+13,2.9085996141e-20,2.9649333477e-21,-1.7931306716e+00,2025-11-22T13:30:24.747886,1.6180339887e+00
Star_0466,1.2861400478e+00,2.5581325551e+30,1.2634117171e+19,1.2634117171e+16,8.4452654888e+07,1.3353891947e+03,4.0944087796e+02,3.7994204687e+03,3.7994204687e+00,3.3252748084e+15,3.3252748084e+15,5.6991307031e+03,1.1398261406e+04,False,False,1.0000000000e+00,0,1.0000000000e+00,2.0000000000e+00,2.5268234343e+19,2.5268234343e+16,3.6761390819e+00,5.1988457467e+00,5.1988457467e+00,7.3522781637e+00,3.6761390819e-03,5.1988457467e-03,5.1988457467e-03,7.3522781637e-03,1.2262280067e-08,1.7341482776e-08,0,2.2204460493e-16,inf,2.1593986955e+19,6.8427215490e+11,4.3187973911e+19,1.3685443098e+12,1.0696432814e-18,1.0903601238e-19,-1.3513998549e+01,2025-11-22T13:30:24.747886,1.6180339887e+00
Star_0467,3.8245084910e-01,7.6069473886e+29,5.5151217850e+19,5.5151217850e+16,3.6865787333e+08,5.8293222546e+03,1.7873162605e+03,1.1298082093e+03,1.1298082093e+00,4.8814672610e+16,4.8814672610e+16,1.6947123140e+03,3.3894246280e+03,False,False,1.0000000000e+00,0,1.0000000000e+00,2.0000000000e+00,1.1030243570e+20,1.1030243570e+17,9.5946804380e-01,1.3568927202e+00,1.3568927202e+00,1.9189360876e+00,9.5946804380e-04,1.3568927202e-03,1.3568927202e-03,1.9189360876e-03,3.2004408990e-09,4.5261069250e-09,0,0.0000000000e+00,inf,3.6116400532e+20,1.1444596716e+13,7.2232801063e+20,2.2889193431e+13,1.6691905690e-20,1.7015194384e-21,-9.2057892708e-01,2025-11-22T13:30:24.747886,1.6180339887e+00
Star_0468,1.3478185114e+00,2.6808110192e+30,3.9884438649e+19,3.9884438649e+16,2.6660721022e+08,4.2156683912e+03,1.2925572366e+03,3.9816264559e+03,3.9816264559e+00,1.0017122171e+16,1.0017122171e+16,5.9724396839e+03,1.1944879368e+04,False,False,1.0000000000e+00,0,1.0000000000e+00,2.0000000000e+00,7.9768877299e+19,7.9768877299e+16,2.1180403031e+00,2.9953613223e+00,2.9953613223e+00,4.2360806062e+00,2.1180403031e-03,2.9953613223e-03,2.9953613223e-03,4.2360806062e-03,7.0650219729e-09,9.9914498925e-09,0,2.2204460493e-16,inf,1.1831754030e+20,3.7492566068e+12,2.3663508059e+20,7.4985132136e+12,1.1247731891e-19,1.1465577870e-20,-4.4860947255e+00,2025-11-22T13:30:24.747886,1.6180339887e+00
Star_0469,1.8859360800e-01,3.7511268631e+29,2.7691797659e+19,2.7691797659e+16,1.8510559933e+08,2.9269419363e+03,8.9742352332e+02,5.5712938551e+02,5.5712938551e-01,4.9704428414e+16,4.9704428414e+16,8.3569407826e+02,1.6713881565e+03,False,False,1.0000000000e+00,0,1.0000000000e+00,2.0000000000e+00,5.5383595318e+19,5.5383595318e+16,9.5084157587e-01,1.3446930523e+00,1.3446930523e+00,1.9016831517e+00,9.5084157587e-04,1.3446930523e-03,1.3446930523e-03,1.9016831517e-03,3.1716660993e-09,4.4854132130e-09,0,0.0000000000e+00,inf,1.8298810296e+20,5.7985430754e+12,3.6597620591e+20,1.1597086151e+13,3.2648646127e-20,3.3280984839e-21,-9.0409970240e-01,2025-11-22T13:30:24.747886,1.6180339887e+00
Star_0470,3.4005670140e-01,6.7637277908e+29,8.5140898821e+19,8.5140898821e+16,5.6912365522e+08,8.9991437291e+03,2.7592085692e+03,1.0045705318e+03,1.0045705318e+00,8.4753530114e+16,8.4753530114e+16,1.5068557977e+03,3.0137115955e+03,False,False,1.0000000000e+00,0,1.0000000000e+00,2.0000000000e+00,1.7028179764e+20,1.7028179764e+17,7.2815998121e-01,1.0297737210e+00,1.0297737210e+00,1.4563199624e+00,7.2815998121e-04,1.0297737210e-03,1.0297737210e-03,1.4563199624e-03,2.4288802529e-09,3.4349553951e-09,0,0.0000000000e+00,inf,7.3466828488e+20,2.3280233125e+13,1.4693365698e+21,4.6560466251e+13,6.2275236176e-21,6.3481382443e-22,-5.3021695824e-01,2025-11-22T13:30:24.747886,1.6180339887e+00
Star_0471,8.0823704340e-01,1.6075834793e+30,4.3192514910e+19,4.3192514910e+16,2.8872001945e+08,4.5653223666e+03,1.3997639080e+03,2.3876345127e+03,2.3876345127e+00,1.8090086519e+16,1.8090086519e+16,3.5814517690e+03,7.1629035381e+03,False,False,1.0000000000e+00,0,1.0000000000e+00,2.0000000000e+00,8.6385029821e+19,8.6385029821e+16,1.5761058577e+00,2.2289502797e+00,2.2289502797e+00,3.1522117154e+00,1.5761058577e-03,2.2289502797e-03,2.2289502797e-03,3.1522117154e-03,5.2573232435e-09,7.4349778328e-09,0,0.0000000000e+00,inf,1.7218803784e+20,5.4563096636e+12,3.4437607568e+20,1.0912619327e+13,5.7512503724e-20,5.8626405427e-21,-2.4841096746e+00,2025-11-22T13:30:24.747886,1.6180339887e+00
Star_0472,1.0592493568e+00,2.1068469707e+30,7.8241744397e+19,7.8241744397e+16,5.2300631282e+08,8.2699233059e+03,2.5356238259e+03,3.1291566533e+03,3.1291566533e+00,2.5004099527e+16,2.5004099527e+16,4.6937349800e+03,9.3874699600e+03,False,False,1.0000000000e+00,0,1.0000000000e+00,2.0000000000e+00,1.5648348879e+20,1.5648348879e+17,1.3406027182e+00,1.8958985459e+00,1.8958985459e+00,2.6812054364e+00,1.3406027182e-03,1.8958985459e-03,1.8958985459e-03,2.6812054364e-03,4.4717693272e-09,6.3240368303e-09,0,0.0000000000e+00,inf,3.6670623752e+20,1.1620219456e+13,7.3341247504e+20,2.3240438913e+13,2.2970035522e-20,2.3414918982e-21,-1.7972156481e+00,2025-11-22T13:30:24.748951,1.6180339887e+00
Star_0473,4.0873501440e-01,8.1297394364e+29,6.1340422806e+19,6.1340422806e+16,4.1002956421e+08,6.4835030976e+03,1.9878932756e+03,1.2074549600e+03,1.2074549600e+00,5.0801416895e+16,5.0801416895e+16,1.8111824400e+03,3.6223648801e+03,False,False,1.0000000000e+00,0,1.0000000000e+00,2.0000000000e+00,1.2268084561e+20,1.2268084561e+17,9.4051947432e-01,1.3300953963e+00,1.3300953963e+00,1.8810389486e+00,9.4051947432e-04,1.3300953963e-03,1.3300953963e-03,1.8810389486e-03,3.1372352747e-09,4.4367206738e-09,0,0.0000000000e+00,inf,4.0978762677e+20,1.2985386302e+13,8.1957525354e+20,2.5970772605e+13,1.4420782269e-20,1.4700083862e-21,-8.8457688157e-01,2025-11-22T13:30:24.748951,1.6180339887e+00
Star_0474,1.3219641819e+01,2.6293867579e+31,3.7975183357e+19,3.7975183357e+16,2.5384480854e+08,4.0138656968e+03,1.2306829360e+03,3.9052494947e+04,3.9052494947e+01,9.7241375766e+14,9.7241375766e+14,5.8578742420e+04,1.1715748484e+05,False,False,1.0000000000e+00,0,1.0000000000e+00,2.0000000000e+00,7.5950366714e+19,7.5950366714e+16,6.7979843087e+00,9.6138016062e+00,9.6138016062e+00,1.3595968617e+01,6.7979843087e-03,9.6138016062e-03,9.6138016062e-03,1.3595968617e-02,2.2675634851e-08,3.2068190342e-08,0,6.6613381478e-16,inf,3.5099391712e+19,1.1122326068e+12,7.0198783425e+19,2.2244652136e+12,1.2169155374e-18,1.2404847476e-19,-4.6212590662e+01,2025-11-22T13:30:24.748951,1.6180339887e+00
Star_0475,1.9023793563e+00,3.7838325397e+30,3.5691775034e+19,3.5691775034e+16,2.3858138391e+08,3.7725161224e+03,1.1566832496e+03,5.6198693742e+03,5.6198693742e+00,6.3509972665e+15,6.3509972665e+15,8.4298040614e+03,1.6859608123e+04,False,False,1.0000000000e+00,0,1.0000000000e+00,2.0000000000e+00,7.1383550067e+19,7.1383550067e+16,2.6600190212e+00,3.7618349760e+00,3.7618349760e+00,5.3200380425e+00,2.6600190212e-03,3.7618349760e-03,3.7618349760e-03,5.3200380425e-03,8.8728683803e-09,1.2548130801e-08,0,2.2204460493e-16,inf,8.4306929646e+19,2.6715253899e+12,1.6861385929e+20,5.3430507799e+12,1.9824458679e-19,2.0208418633e-20,-7.0757011933e+00,2025-11-22T13:30:24.748951,1.6180339887e+00
Star_0476,1.2157169287e+00,2.4180609712e+30,3.5468530960e+19,3.5468530960e+16,2.3708911070e+08,3.7489198774e+03,1.1494484545e+03,3.5913816625e+03,3.5913816625e+00,9.8760127142e+15,9.8760127142e+15,5.3870724938e+03,1.0774144988e+04,False,False,1.0000000000e+00,0,1.0000000000e+00,2.0000000000e+00,7.0937061921e+19,7.0937061921e+16,2.1331180219e+00,3.0166844367e+00,3.0166844367e+00,4.2662360438e+00,2.1331180219e-03,3.0166844367e-03,3.0166844367e-03,4.2662360438e-03,7.1153158293e-09,1.0062576146e-08,0,2.2204460493e-16,inf,1.0447399080e+20,3.3105809947e+12,2.0894798160e+20,6.6211619895e+12,1.2828815776e-19,1.3077284176e-20,-4.5501924954e+00,2025-11-22T13:30:24.748951,1.6180339887e+00
Star_0477,1.8726925062e+01,3.7247853948e+31,1.4830962674e+19,1.4830962674e+16,9.9137451032e+07,1.5675893325e+03,4.8063527480e+02,5.5321706620e+04,5.5321706620e+01,2.6808577646e+14,2.6808577646e+14,8.2982559929e+04,1.6596511986e+05,False,False,1.0000000000e+00,0,1.0000000000e+00,2.0000000000e+00,2.9661925349e+19,2.9661925349e+16,1.2946990184e+01,1.8309809111e+01,1.8309809111e+01,2.5893980369e+01,1.2946990184e-02,1.8309809111e-02,1.8309809111e-02,2.5893980369e-02,4.3186510664e-08,6.1074949092e-08,0,1.9984014443e-15,inf,7.1974787530e+18,2.2807433877e+11,1.4394957506e+19,4.5614867753e+11,1.1302338123e-17,1.1521241715e-18,-1.6762455483e+02,2025-11-22T13:30:24.749456,1.6180339887e+00
Star_0478,2.7107810320e-01,5.3917434726e+29,3.8502821703e+18,3.8502821703e+15,2.5737180283e+07,4.0696355251e+02,1.2477824060e+02,8.0079902316e+02,8.0079902316e-01,4.8080505332e+15,4.8080505332e+15,1.2011985347e+03,2.4023970695e+03,False,False,1.0000000000e+00,0,1.0000000000e+00,2.0000000000e+00,7.7005643406e+18,7.7005643406e+15,3.0571812922e+00,4.3235072460e+00,4.3235072460e+00,6.1143625844e+00,3.0571812922e-03,4.3235072460e-03,4.3235072460e-03,6.1143625844e-03,1.0197659116e-08,1.4421667826e-08,0,2.2204460493e-16,inf,7.9131834356e+18,2.5075365160e+11,1.5826366871e+19,5.0150730319e+11,2.4274474025e-18,2.4744621840e-19,-9.3463574533e+00,2025-11-22T13:30:24.749456,1.6180339887e+00
Star_0479,3.0596930200e-01,6.0857294168e+29,1.4506436661e+20,1.4506436661e+17,9.6968159500e+08,1.5332878830e+04,4.7011817938e+03,9.0387204007e+02,9.0387204007e-01,1.6049214953e+17,1.6049214953e+17,1.3558080601e+03,2.7116161202e+03,False,False,1.0000000000e+00,0,1.0000000000e+00,2.0000000000e+00,2.9012873323e+20,2.9012873323e+17,5.2915000945e-01,7.4833111989e-01,7.4833111989e-01,1.0583000189e+00,5.2915000945e-04,7.4833111989e-04,7.4833111989e-04,1.0583000189e-03,1.7650544413e-09,2.4961639291e-09,0,0.0000000000e+00,inf,1.7225102157e+21,5.4583054975e+13,3.4450204313e+21,1.0916610995e+14,1.9301758181e-21,1.9675594476e-22,-2.7999973250e-01,2025-11-22T13:30:24.749456,1.6180339887e+00
Star_0480,2.2544491380e-01,4.4840993355e+29,1.1552151610e+19,1.1552151610e+16,7.7220264776e+07,1.2210286027e+03,3.7437701690e+02,6.6599280656e+02,6.6599280656e-01,1.7345760340e+16,1.7345760340e+16,9.9898920984e+02,1.9979784197e+03,False,False,1.0000000000e+00,0,1.0000000000e+00,2.0000000000e+00,2.3104303221e+19,2.3104303221e+16,1.6095669070e+00,2.2762713495e+00,2.2762713495e+00,3.2191338140e+00,1.6095669070e-03,2.2762713495e-03,2.2762713495e-03,3.2191338140e-03,5.3689372900e-09,7.5928239311e-09,0,2.2204460493e-16,inf,4.5095552691e+19,1.4289918337e+12,9.0191105382e+19,2.8579836674e+12,2.2426174063e-19,2.2860524019e-20,-2.5907056282e+00,2025-11-22T13:30:24.749456,1.6180339887e+00
Star_0481,1.4866555629e+00,2.9569579146e+30,1.0690633821e+20,1.0690633821e+17,7.1461456023e+08,1.1299686947e+04,3.4645732965e+03,4.3917686766e+03,4.3917686766e+00,2.4342433785e+16,2.4342433785e+16,6.5876530149e+03,1.3175306030e+04,False,False,1.0000000000e+00,0,1.0000000000e+00,2.0000000000e+00,2.1381267642e+20,2.1381267642e+17,1.3587004099e+00,1.9214925469e+00,1.9214925469e+00,2.7174008198e+00,1.3587004099e-03,1.9214925469e-03,1.9214925469e-03,2.7174008198e-03,4.5321367288e-09,6.4094092283e-09,0,0.0000000000e+00,inf,4.9437854628e+20,1.5665910788e+13,9.8875709257e+20,3.1331821576e+13,1.7268076288e-20,1.7602524249e-21,-1.8460668039e+00,2025-11-22T13:30:24.749456,1.6180339887e+00
Star_0482,2.4791661100e-01,4.9310613928e+29,2.3352602650e+19,2.3352602650e+16,1.5610028509e+08,2.4683017281e+03,7.5680081181e+02,7.3237704399e+02,7.3237704399e-01,3.1886038539e+16,3.1886038539e+16,1.0985655660e+03,2.1971311320e+03,False,False,1.0000000000e+00,0,1.0000000000e+00,2.0000000000e+00,4.6705205300e+19,4.6705205300e+16,1.1871495214e+00,1.6788829537e+00,1.6788829537e+00,2.3742990428e+00,1.1871495214e-03,1.6788829537e-03,1.6788829537e-03,2.3742990428e-03,3.9599045597e-09,5.6001507340e-09,0,0.0000000000e+00,inf,1.2359751422e+20,3.9165688843e+12,2.4719502844e+20,7.8331377685e+12,6.0349760893e-20,6.1518614570e-21,-1.4093239862e+00,2025-11-22T13:30:24.749456,1.6180339887e+00
Star_0483,1.2260962429e+00,2.4387054271e+30,1.1008166130e+20,1.1008166130e+17,7.3583998196e+08,1.1635309301e+04,3.5674777620e+03,3.6220434702e+03,3.6220434702e+00,3.0392142504e+16,3.0392142504e+16,5.4330652053e+03,1.0866130411e+04,False,False,1.0000000000e+00,0,1.0000000000e+00,2.0000000000e+00,2.2016332260e+20,2.2016332260e+17,1.2159761215e+00,1.7196499226e+00,1.7196499226e+00,2.4319522430e+00,1.2159761215e-03,1.7196499226e-03,1.7196499226e-03,2.4319522430e-03,4.0560597476e-09,5.7361347048e-09,0,0.0000000000e+00,inf,5.6881337112e+20,1.8024608054e+13,1.1376267422e+21,3.6049216108e+13,1.3431827887e-20,1.3691975420e-21,-1.4785979281e+00,2025-11-22T13:30:24.749456,1.6180339887e+00
Star_0484,5.6223108200e-01,1.1182776221e+30,5.1278060349e+19,5.1278060349e+16,3.4276778308e+08,5.4199408465e+03,1.6617966863e+03,1.6609017694e+03,1.6609017694e+00,3.0873626179e+16,3.0873626179e+16,2.4913526541e+03,4.9827053082e+03,False,False,1.0000000000e+00,0,1.0000000000e+00,2.0000000000e+00,1.0255612070e+20,1.0255612070e+17,1.2064571023e+00,1.7061879965e+00,1.7061879965e+00,2.4129142046e+00,1.2064571023e-03,1.7061879965e-03,1.7061879965e-03,2.4129142046e-03,4.0243077172e-09,5.6912305528e-09,0,0.0000000000e+00,inf,2.6705429870e+20,8.4624400685e+12,5.3410859741e+20,1.6924880137e+13,2.8385214451e-20,2.8934979053e-21,-1.4555387396e+00,2025-11-22T13:30:24.749456,1.6180339887e+00
Star_0485,3.8114279460e-01,7.5809301846e+29,9.4740444828e+18,9.4740444828e+15,6.3329174350e+07,1.0013787636e+03,3.0703064079e+02,1.1259440508e+03,1.1259440508e+00,8.4143119510e+15,8.4143119510e+15,1.6889160762e+03,3.3778321524e+03,False,False,1.0000000000e+00,0,1.0000000000e+00,2.0000000000e+00,1.8948088966e+19,1.8948088966e+16,2.3109811369e+00,3.2682208662e+00,3.2682208662e+00,4.6219622738e+00,2.3109811369e-03,3.2682208662e-03,3.2682208662e-03,4.6219622738e-03,7.7086033195e-09,1.0901611361e-08,0,2.2204460493e-16,inf,2.5758400249e+19,8.1623444905e+11,5.1516800499e+19,1.6324688981e+12,5.6371213212e-19,5.7463010410e-20,-5.3406338152e+00,2025-11-22T13:30:24.749456,1.6180339887e+00
Star_0486,2.5044559350e-01,4.9813628547e+29,1.4393235203e+19,1.4393235203e+16,9.6211465264e+07,1.5213228204e+03,4.6644959664e+02,7.3984797835e+02,7.3984797835e-01,1.9454314433e+16,1.9454314433e+16,1.1097719675e+03,2.2195439351e+03,False,False,1.0000000000e+00,0,1.0000000000e+00,2.0000000000e+00,2.8786470407e+19,2.8786470407e+16,1.5198395426e+00,2.1493776938e+00,2.1493776938e+00,3.0396790852e+00,1.5198395426e-03,2.1493776938e-03,2.1493776938e-03,3.0396790852e-03,5.0696390187e-09,7.1695522566e-09,0,0.0000000000e+00,inf,5.9503231373e+19,1.8855436210e+12,1.1900646275e+20,3.7710872419e+12,1.6048596459e-19,1.6359425545e-20,-2.3099122352e+00,2025-11-22T13:30:24.749456,1.6180339887e+00
Star_0487,6.0417333370e-01,1.2017007607e+30,9.3185328109e+19,9.3185328109e+16,6.2289657827e+08,9.8494163522e+03,3.0199088735e+03,1.7848044889e+03,1.7848044889e+00,5.2210384211e+16,5.2210384211e+16,2.6772067334e+03,5.3544134668e+03,False,False,1.0000000000e+00,0,1.0000000000e+00,2.0000000000e+00,1.8637065622e+20,1.8637065622e+17,9.2774209067e-01,1.3120254470e+00,1.3120254470e+00,1.8554841813e+00,9.2774209067e-04,1.3120254470e-03,1.3120254470e-03,1.8554841813e-03,3.0946145105e-09,4.3764458111e-09,0,0.0000000000e+00,inf,6.3110285747e+20,1.9998442767e+13,1.2622057149e+21,3.9996885534e+13,9.2364903817e-21,9.4153826521e-22,-8.6070538680e-01,2025-11-22T13:30:24.749456,1.6180339887e+00
Star_0488,6.7269021630e-01,1.3379808402e+30,3.9708155194e+19,3.9708155194e+16,2.6542884488e+08,4.1970357462e+03,1.2868443204e+03,1.9872120313e+03,1.9872120313e+00,1.9981841177e+16,1.9981841177e+16,2.9808180469e+03,5.9616360939e+03,False,False,1.0000000000e+00,0,1.0000000000e+00,2.0000000000e+00,7.9416310389e+19,7.9416310389e+16,1.4996432385e+00,2.1208158066e+00,2.1208158066e+00,2.9992864770e+00,1.4996432385e-03,2.1208158066e-03,2.1208158066e-03,2.9992864770e-03,5.0022713997e-09,7.0742800561e-09,0,0.0000000000e+00,inf,1.6636870083e+20,5.2719060013e+12,3.3273740165e+20,1.0543812003e+13,5.6636472578e-20,5.7733407317e-21,-2.2489298428e+00,2025-11-22T13:30:24.750462,1.6180339887e+00
Star_0489,2.1923462580e-01,4.3605767072e+29,1.1641894835e+19,1.1641894835e+16,7.7820152638e+07,1.2305141988e+03,3.7728537559e+02,6.4764682986e+02,6.4764682986e-01,1.7975684120e+16,1.7975684120e+16,9.7147024480e+02,1.9429404896e+03,False,False,1.0000000000e+00,0,1.0000000000e+00,2.0000000000e+00,2.3283789669e+19,2.3283789669e+16,1.5811132976e+00,2.2360318690e+00,2.2360318690e+00,3.1622265951e+00,1.5811132976e-03,2.2360318690e-03,2.2360318690e-03,3.1622265951e-03,5.2740262650e-09,7.4585994723e-09,0,2.2204460493e-16,inf,4.6263719802e+19,1.4660088157e+12,9.2527439604e+19,2.9320176314e+12,2.1473473994e-19,2.1889372063e-20,-2.4999192597e+00,2025-11-22T13:30:24.750462,1.6180339887e+00
Star_0490,1.2722251160e-01,2.5304557557e+29,1.5614674509e+20,1.5614674509e+17,1.0437616650e+09,1.6504253788e+04,5.0603346108e+03,3.7583139992e+02,3.7583139992e-01,4.1547019520e+17,4.1547019520e+17,5.6374709988e+02,1.1274941998e+03,False,False,1.0000000000e+00,0,1.0000000000e+00,2.0000000000e+00,3.1229349017e+20,3.1229349017e+17,3.2887871590e-01,4.6510474040e-01,4.6510474040e-01,6.5775743180e-01,3.2887871590e-04,4.6510474040e-04,4.6510474040e-04,6.5775743180e-04,1.0970213130e-09,1.5514224190e-09,0,0.0000000000e+00,inf,2.9831633580e+21,9.4530742451e+13,5.9663267159e+21,1.8906148490e+14,6.9268949355e-22,7.0610549801e-23,-1.0816120977e-01,2025-11-22T13:30:24.750462,1.6180339887e+00
Star_0491,4.8205559520e-01,9.5880857885e+29,1.2717730500e+19,1.2717730500e+16,8.5011567512e+07,1.3442268787e+03,4.1215058171e+02,1.4240532348e+03,1.4240532348e+00,8.9306566560e+15,8.9306566560e+15,2.1360798522e+03,4.2721597044e+03,False,False,1.0000000000e+00,0,1.0000000000e+00,2.0000000000e+00,2.5435461000e+19,2.5435461000e+16,2.2431794030e+00,3.1723347346e+00,3.1723347346e+00,4.4863588061e+00,2.2431794030e-03,3.1723347346e-03,3.1723347346e-03,4.4863588061e-03,7.4824410794e-09,1.0581769654e-08,0,2.2204460493e-16,inf,3.5622588772e+19,1.1288117212e+12,7.1245177544e+19,2.2576234423e+12,3.9565658624e-19,4.0331965978e-20,-5.0318538343e+00,2025-11-22T13:30:24.750462,1.6180339887e+00
Star_0492,1.4200193740e-01,2.8244185349e+29,5.9393419168e+19,5.9393419168e+16,3.9701483401e+08,6.2777105135e+03,1.9247956434e+03,4.1949169414e+02,4.1949169414e-01,1.4158425541e+17,1.4158425541e+17,6.2923754121e+02,1.2584750824e+03,False,False,1.0000000000e+00,0,1.0000000000e+00,2.0000000000e+00,1.1878683834e+20,1.1878683834e+17,5.6337584761e-01,7.9673376441e-01,7.9673376441e-01,1.1267516952e+00,5.6337584761e-04,7.9673376441e-04,7.9673376441e-04,1.1267516952e-03,1.8792195487e-09,2.6576177724e-09,0,0.0000000000e+00,inf,6.6239946252e+20,2.0990172336e+13,1.3247989250e+21,4.1980344673e+13,5.3438975247e-21,5.4473980884e-22,-3.1739234568e-01,2025-11-22T13:30:24.750462,1.6180339887e+00
Star_0493,7.4360696610e-01,1.4790342556e+30,1.5515199305e+20,1.5515199305e+17,1.0371122530e+09,1.6399111410e+04,5.0280971269e+03,2.1967090851e+03,2.1967090851e+00,7.0629285461e+16,7.0629285461e+16,3.2950636276e+03,6.5901272552e+03,False,False,1.0000000000e+00,0,1.0000000000e+00,2.0000000000e+00,3.1030398609e+20,3.1030398609e+17,7.9765170672e-01,1.1280498617e+00,1.1280498617e+00,1.5953034134e+00,7.9765170672e-04,1.1280498617e-03,1.1280498617e-03,1.5953034134e-03,2.6606796984e-09,3.7627693145e-09,0,0.0000000000e+00,inf,1.2221483573e+21,3.8727544469e+13,2.4442967147e+21,7.7455088937e+13,4.1008061369e-21,4.1802305167e-22,-6.3624824523e-01,2025-11-22T13:30:24.750462,1.6180339887e+00
Star_0494,1.4097943182e+00,2.8040808989e+30,3.1602463633e+19,3.1602463633e+16,2.1124641466e+08,3.3402878801e+03,1.0241586555e+03,4.1647108326e+03,4.1647108326e+00,7.5881531525e+15,7.5881531525e+15,6.2470662488e+03,1.2494132498e+04,False,False,1.0000000000e+00,0,1.0000000000e+00,2.0000000000e+00,6.3204927266e+19,6.3204927266e+16,2.4335353610e+00,3.4415387121e+00,3.4415387121e+00,4.8670707221e+00,2.4335353610e-03,3.4415387121e-03,3.4415387121e-03,4.8670707221e-03,8.1174002083e-09,1.1479737466e-08,0,2.2204460493e-16,inf,8.1594924960e+19,2.5855871473e+12,1.6318984992e+20,5.1711742946e+12,1.8739343939e-19,1.9102287399e-20,-5.9220943534e+00,2025-11-22T13:30:24.750968,1.6180339887e+00
Star_0495,4.7027689300e-01,9.3538074018e+29,6.2945271690e+18,6.2945271690e+15,4.2075716371e+07,6.6531309260e+02,2.0399025080e+02,1.3892574578e+03,1.3892574578e+00,4.5308572097e+15,4.5308572097e+15,2.0838861868e+03,4.1677723735e+03,False,False,1.0000000000e+00,0,1.0000000000e+00,2.0000000000e+00,1.2589054338e+19,1.2589054338e+16,3.1493107622e+00,4.4537979921e+00,4.4537979921e+00,6.2986215244e+00,3.1493107622e-03,4.4537979921e-03,4.4537979921e-03,6.2986215244e-03,1.0504969949e-08,1.4856270974e-08,0,2.2204460493e-16,inf,1.2558201972e+19,3.9794540687e+11,2.5116403944e+19,7.9589081374e+11,1.5756796358e-18,1.6061973861e-19,-9.9181582770e+00,2025-11-22T13:30:24.750968,1.6180339887e+00
Star_0496,7.8700552660e-01,1.5653539924e+30,1.4264011729e+19,1.4264011729e+16,9.5347671986e+07,1.5076642775e+03,4.6226177947e+02,2.3249139251e+03,2.3249139251e+00,6.1352859454e+15,6.1352859454e+15,3.4873708877e+03,6.9747417753e+03,False,False,1.0000000000e+00,0,1.0000000000e+00,2.0000000000e+00,2.8528023458e+19,2.8528023458e+16,2.7063770427e+00,3.8273951186e+00,3.8273951186e+00,5.4127540853e+00,2.7063770427e-03,3.8273951186e-03,3.8273951186e-03,5.4127540853e-03,9.0275020950e-09,1.2766815897e-08,0,2.2204460493e-16,inf,3.3115647785e+19,1.0493715550e+12,6.6231295570e+19,2.0987431100e+12,5.1349345725e-19,5.2343879434e-20,-7.3244766970e+00,2025-11-22T13:30:24.750968,1.6180339887e+00
Star_0497,9.5372507690e-01,1.8969591780e+30,2.1480011551e+19,2.1480011551e+16,1.4358296492e+08,2.2703743316e+03,6.9611470822e+02,2.8174245759e+03,2.8174245759e+00,7.6239881398e+15,7.6239881398e+15,4.2261368638e+03,8.4522737277e+03,False,False,1.0000000000e+00,0,1.0000000000e+00,2.0000000000e+00,4.2960023103e+19,4.2960023103e+16,2.4278094587e+00,3.4334410633e+00,3.4334410633e+00,4.8556189173e+00,2.4278094587e-03,3.4334410633e-03,3.4334410633e-03,4.8556189173e-03,8.0983006539e-09,1.1452726617e-08,0,2.2204460493e-16,inf,5.5590397548e+19,1.7615533991e+12,1.1118079510e+20,3.5231067983e+12,2.7440668518e-19,2.7972139162e-20,-5.8942587675e+00,2025-11-22T13:30:24.750968,1.6180339887e+00
Star_0498,2.4350296490e-01,4.8432739719e+29,7.1210810645e+19,7.1210810645e+16,4.7600809255e+08,7.5267741936e+03,2.3077684365e+03,7.1933857485e+02,7.1933857485e-01,9.8994844897e+16,9.8994844897e+16,1.0790078623e+03,2.1580157245e+03,False,False,1.0000000000e+00,0,1.0000000000e+00,2.0000000000e+00,1.4242162129e+20,1.4242162129e+17,6.7375098843e-01,9.5282778550e-01,9.5282778550e-01,1.3475019769e+00,6.7375098843e-04,9.5282778550e-04,9.5282778550e-04,1.3475019769e-03,2.2473913884e-09,3.1782913815e-09,0,0.0000000000e+00,inf,6.6408914695e+20,2.1043715205e+13,1.3281782939e+21,4.2087430410e+13,6.3745994504e-21,6.4980626406e-22,-4.5394039441e-01,2025-11-22T13:30:24.750968,1.6180339887e+00
Star_0499,1.1299960040e-01,2.2475620520e+29,4.3013760256e+18,4.3013760256e+15,2.8752513540e+07,4.5464285230e+02,1.3939709063e+02,3.3381512025e+02,3.3381512025e-01,1.2885503875e+16,1.2885503875e+16,5.0072268038e+02,1.0014453608e+03,False,False,1.0000000000e+00,0,1.0000000000e+00,2.0000000000e+00,8.6027520513e+18,8.6027520513e+15,1.8674758839e+00,2.6410097224e+00,2.6410097224e+00,3.7349517677e+00,1.8674758839e-03,2.6410097224e-03,2.6410097224e-03,3.7349517677e-03,6.2292290351e-09,8.8094601846e-09,0,2.2204460493e-16,inf,1.4472124046e+19,4.5859393764e+11,2.8944248093e+19,9.1718787527e+11,8.1077919160e-19,8.2648235637e-20,-3.4874661769e+00,2025-11-22T13:30:24.751475,1.6180339887e+00
Star_0500,8.8293212030e-01,1.7561519873e+30,6.6183513357e+19,6.6183513357e+16,4.4240316415e+08,6.9954035891e+03,2.1448460108e+03,2.6082932229e+03,2.6082932229e+00,2.5374261136e+16,2.5374261136e+16,3.9124398343e+03,7.8248796687e+03,False,False,1.0000000000e+00,0,1.0000000000e+00,2.0000000000e+00,1.3236702671e+20,1.3236702671e+17,1.3307883876e+00,1.8820189864e+00,1.8820189864e+00,2.6615767752e+00,1.3307883876e-03,1.8820189864e-03,1.8820189864e-03,2.6615767752e-03,4.4390322441e-09,6.2777396034e-09,0,0.0000000000e+00,inf,3.1247889039e+20,9.9018585188e+12,6.2495778078e+20,1.9803717038e+13,2.6758895724e-20,2.7277161798e-21,-1.7709977325e+00,2025-11-22T13:30:24.751475,1.6180339887e+00
Star_0501,3.0806880740e-01,6.1274885792e+29,4.1098054524e+19,4.1098054524e+16,2.7471961581e+08,4.3439440360e+03,1.3318875628e+03,9.1007424472e+02,9.1007424472e-01,4.5159012864e+16,4.5159012864e+16,1.3651113671e+03,2.7302227342e+03,False,False,1.0000000000e+00,0,1.0000000000e+00,2.0000000000e+00,8.2196109049e+19,8.2196109049e+16,9.9754727148e-01,1.4107448804e+00,1.4107448804e+00,1.9950945430e+00,9.9754727148e-04,1.4107448804e-03,1.4107448804e-03,1.9950945430e-03,3.3274595303e-09,4.7057383960e-09,0,0.0000000000e+00,inf,2.5886160960e+20,8.2028294165e+12,5.1772321919e+20,1.6405658833e+13,2.4212838548e-20,2.4681792607e-21,-9.9510055883e-01,2025-11-22T13:30:24.751475,1.6180339887e+00
Star_0502,9.6229499700e-01,1.9140047490e+30,6.1626964410e+19,6.1626964410e+16,4.1194494926e+08,6.5137897062e+03,1.9971793891e+03,2.8427412044e+03,2.8427412044e+00,2.1678710786e+16,2.1678710786e+16,4.2641118067e+03,8.5282236133e+03,False,False,1.0000000000e+00,0,1.0000000000e+00,2.0000000000e+00,1.2325392882e+20,1.2325392882e+17,1.4397562727e+00,2.0361228474e+00,2.0361228474e+00,2.8795125454e+00,1.4397562727e-03,2.0361228474e-03,2.0361228474e-03,2.8795125454e-03,4.8025099842e-09,6.7917747530e-09,0,0.0000000000e+00,inf,2.6894387935e+20,8.5223172660e+12,5.3788775870e+20,1.7044634532e+13,3.3636219870e-20,3.4287685902e-21,-2.0728981248e+00,2025-11-22T13:30:24.751475,1.6180339887e+00
Star_0503,1.1098543370e+00,2.2075002763e+30,5.7487022468e+19,5.7487022468e+16,3.8427154056e+08,6.0762099638e+03,1.8630139828e+03,3.2786501692e+03,3.2786501692e+00,1.7533746970e+16,1.7533746970e+16,4.9179752538e+03,9.8359505075e+03,False,False,1.0000000000e+00,0,1.0000000000e+00,2.0000000000e+00,1.1497404494e+20,1.1497404494e+17,1.6009152352e+00,2.2640360378e+00,2.2640360378e+00,3.2018304704e+00,1.6009152352e-03,2.2640360378e-03,2.2640360378e-03,3.2018304704e-03,5.3400784192e-09,7.5520113245e-09,0,2.2204460493e-16,inf,2.2562194861e+20,7.1495281203e+12,4.5124389722e+20,1.4299056241e+13,4.4582750685e-20,4.5446229036e-21,-2.5629295903e+00,2025-11-22T13:30:24.751475,1.6180339887e+00
Star_0504,2.7823126480e-01,5.5340198569e+29,1.5453342960e+20,1.5453342960e+17,1.0329774706e+09,1.6333731064e+04,5.0080509964e+03,8.2193036779e+02,8.2193036779e-01,1.8801279969e+17,1.8801279969e+17,1.2328955517e+03,2.4657911034e+03,False,False,1.0000000000e+00,0,1.0000000000e+00,2.0000000000e+00,3.0906685919e+20,3.0906685919e+17,4.8889094870e-01,6.9139621018e-01,6.9139621018e-01,9.7778189741e-01,4.8889094870e-04,6.9139621018e-04,6.9139621018e-04,9.7778189741e-04,1.6307646695e-09,2.3062495127e-09,0,0.0000000000e+00,inf,1.9860506252e+21,6.2934146613e+13,3.9721012503e+21,1.2586829323e+14,1.5466838492e-21,1.5766400094e-22,-2.3901435972e-01,2025-11-22T13:30:24.751475,1.6180339887e+00
Star_0505,1.1501065659e+00,2.2875619596e+30,5.8679833118e+19,5.8679833118e+16,3.9224487379e+08,6.2022865573e+03,1.9016700625e+03,3.3975603475e+03,3.3975603475e+00,1.7271167284e+16,1.7271167284e+16,5.0963405212e+03,1.0192681042e+04,False,False,1.0000000000e+00,0,1.0000000000e+00,2.0000000000e+00,1.1735966624e+20,1.1735966624e+17,1.6130389699e+00,2.2811815879e+00,2.2811815879e+00,3.2260779398e+00,1.6130389699e-03,2.2811815879e-03,2.2811815879e-03,3.2260779398e-03,5.3805188451e-09,7.6092027234e-09,0,2.2204460493e-16,inf,2.2857244751e+20,7.2430237885e+12,4.5714489502e+20,1.4486047577e+13,4.4340526892e-20,4.5199313855e-21,-2.6018947184e+00,2025-11-22T13:30:24.751475,1.6180339887e+00
Star_0506,8.9194311820e-01,1.7740748621e+30,3.0857000000e+19,3.0857000000e+16,2.0626336898e+08,3.2614945566e+03,1.0000000000e+03,2.6349128511e+03,2.6349128511e+00,1.1710823752e+16,1.1710823752e+16,3.9523692766e+03,7.9047385532e+03,False,False,1.0000000000e+00,0,1.0000000000e+00,2.0000000000e+00,6.1714000000e+19,6.1714000000e+16,1.9588987209e+00,2.7703011384e+00,2.7703011384e+00,3.9177974418e+00,1.9588987209e-03,2.7703011384e-03,2.7703011384e-03,3.9177974418e-03,6.5341827942e-09,9.2407299266e-09,0,2.2204460493e-16,inf,9.8974105682e+19,3.1363001522e+12,1.9794821136e+20,6.2726003044e+12,1.2435700809e-19,1.2676555361e-20,-3.8372841988e+00,2025-11-22T13:30:24.751475,1.6180339887e+00
Star_0507,2.2865416950e-01,4.5479314314e+29,4.4692218871e+19,4.4692218871e+16,2.9874477855e+08,4.7238366844e+03,1.4483656503e+03,6.7547335404e+02,6.7547335404e-01,6.6164295902e+16,6.6164295902e+16,1.0132100311e+03,2.0264200621e+03,False,False,1.0000000000e+00,0,1.0000000000e+00,2.0000000000e+00,8.9384437742e+19,8.9384437742e+16,8.2412645874e-01,1.1654908151e+00,1.1654908151e+00,1.6482529175e+00,8.2412645874e-04,1.1654908151e-03,1.1654908151e-03,1.6482529175e-03,2.7489899654e-09,3.8876588919e-09,0,0.0000000000e+00,inf,3.4073592709e+20,1.0797269979e+13,6.8147185417e+20,2.1594539958e+13,1.5196927724e-20,1.5491261696e-21,-6.7918442000e-01,2025-11-22T13:30:24.751475,1.6180339887e+00
Star_0508,1.0546192680e-01,2.0976377241e+29,5.8533150205e+19,5.8533150205e+16,3.9126437303e+08,6.1867826028e+03,1.8969164275e+03,3.1154787851e+02,3.1154787851e-01,1.8787850678e+17,1.8787850678e+17,4.6732181776e+02,9.3464363552e+02,False,False,1.0000000000e+00,0,1.0000000000e+00,2.0000000000e+00,1.1706630041e+20,1.1706630041e+17,4.8906564367e-01,6.9164326616e-01,6.9164326616e-01,9.7813128733e-01,4.8906564367e-04,6.9164326616e-04,6.9164326616e-04,9.7813128733e-04,1.6313473892e-09,2.3070736028e-09,0,0.0000000000e+00,inf,7.5199440834e+20,2.3829264847e+13,1.5039888167e+21,4.7658529694e+13,4.0863203668e-21,4.1654641864e-22,-2.3918520382e-01,2025-11-22T13:30:24.751475,1.6180339887e+00
Star_0509,3.3400648670e-01,6.6433890205e+29,7.9844000558e+18,7.9844000558e+15,5.3371658127e+07,8.4392770910e+02,2.5875490345e+02,9.8669743192e+02,9.8669743192e-01,8.0920450358e+15,8.0920450358e+15,1.4800461479e+03,2.9600922958e+03,False,False,1.0000000000e+00,0,1.0000000000e+00,2.0000000000e+00,1.5968800112e+19,1.5968800112e+16,2.3565494612e+00,3.3326642084e+00,3.3326642084e+00,4.7130989224e+00,2.3565494612e-03,3.3326642084e-03,3.3326642084e-03,4.7130989224e-03,7.8606028882e-09,1.1116571213e-08,0,2.2204460493e-16,inf,2.1288526273e+19,6.7459268996e+11,4.2577052545e+19,1.3491853799e+12,6.9552193330e-19,7.0899279644e-20,-5.5533253631e+00,2025-11-22T13:30:24.751475,1.6180339887e+00
Star_0510,3.1989132910e-01,6.3626385358e+29,4.5384761835e+19,4.5384761835e+16,3.0337407644e+08,4.7970364481e+03,1.4708092762e+03,9.4499947003e+02,9.4499947003e-01,4.8026229934e+16,4.8026229934e+16,1.4174992050e+03,2.8349984101e+03,False,False,1.0000000000e+00,0,1.0000000000e+00,2.0000000000e+00,9.0769523671e+19,9.0769523671e+16,9.6731173661e-01,1.3679853770e+00,1.3679853770e+00,1.9346234732e+00,9.6731173661e-04,1.3679853770e-03,1.3679853770e-03,1.9346234732e-03,3.2266046420e-09,4.5631080451e-09,0,0.0000000000e+00,inf,2.9479727987e+20,9.3415620917e+12,5.8959455973e+20,1.8683124183e+13,2.0616875752e-20,2.1016183233e-21,-9.3569199578e-01,2025-11-22T13:30:24.751475,1.6180339887e+00
Star_0511,3.4579474570e-01,6.8778574920e+29,3.8504816301e+18,3.8504816301e+15,2.5738513570e+07,4.0698463482e+02,1.2478470461e+02,1.0215214409e+03,1.0215214409e+00,3.7693595807e+15,3.7693595807e+15,1.5322821613e+03,3.0645643226e+03,False,False,1.0000000000e+00,0,1.0000000000e+00,2.0000000000e+00,7.7009632601e+18,7.7009632601e+15,3.4528039550e+00,4.8830021814e+00,4.8830021814e+00,6.9056079101e+00,3.4528039550e-03,4.8830021814e-03,4.8830021814e-03,6.9056079101e-03,1.1517314272e-08,1.6287942045e-08,0,2.2204460493e-16,inf,7.0068529574e+18,2.2203377181e+11,1.4013705915e+19,4.4406754363e+11,3.0961984233e-18,3.1561655691e-19,-1.1921855152e+01,2025-11-22T13:30:24.752494,1.6180339887e+00
Star_0512,4.3538654100e-01,8.6598383005e+29,3.8604542366e+19,3.8604542366e+16,2.5805175379e+08,4.0803871014e+03,1.2510789243e+03,1.2861869425e+03,1.2861869425e+00,3.0014721104e+16,3.0014721104e+16,1.9292804137e+03,3.8585608274e+03,False,False,1.0000000000e+00,0,1.0000000000e+00,2.0000000000e+00,7.7209084733e+19,7.7209084733e+16,1.2235974098e+00,1.7304280518e+00,1.7304280518e+00,2.4471948196e+00,1.2235974098e-03,1.7304280518e-03,1.7304280518e-03,2.4471948196e-03,4.0814816289e-09,5.7720866741e-09,0,0.0000000000e+00,inf,1.9823472283e+20,6.2816793048e+12,3.9646944566e+20,1.2563358610e+13,3.8782757921e-20,3.9533902061e-21,-1.4971906213e+00,2025-11-22T13:30:24.752494,1.6180339887e+00
Star_0513,3.9317553290e-01,7.8202613494e+29,8.5565417108e+19,8.5565417108e+16,5.7196134431e+08,9.0440140691e+03,2.7729661700e+03,1.1614902825e+03,1.1614902825e+00,7.3668646561e+16,7.3668646561e+16,1.7422354238e+03,3.4844708476e+03,False,False,1.0000000000e+00,0,1.0000000000e+00,2.0000000000e+00,1.7113083422e+20,1.7113083422e+17,7.8102396419e-01,1.1045346827e+00,1.1045346827e+00,1.5620479284e+00,7.8102396419e-04,1.1045346827e-03,1.1045346827e-03,1.5620479284e-03,2.6052155194e-09,3.6843311205e-09,0,0.0000000000e+00,inf,6.8835707510e+20,2.1812719443e+13,1.3767141502e+21,4.3625438887e+13,7.1290300831e-21,7.2671050796e-22,-6.0999843264e-01,2025-11-22T13:30:24.752494,1.6180339887e+00
Star_0514,1.5376351340e-01,3.0583562815e+29,3.4044150423e+19,3.4044150423e+16,2.2756785042e+08,3.5983670249e+03,1.1032877604e+03,4.5423687813e+02,4.5423687813e-01,7.4948010744e+16,7.4948010744e+16,6.8135531720e+02,1.3627106344e+03,False,False,1.0000000000e+00,0,1.0000000000e+00,2.0000000000e+00,6.8088300846e+19,6.8088300846e+16,7.7432922329e-01,1.0950668893e+00,1.0950668893e+00,1.5486584466e+00,7.7432922329e-04,1.0950668893e-03,1.0950668893e-03,1.5486584466e-03,2.5828842675e-09,3.6527499612e-09,0,0.0000000000e+00,inf,2.7624645861e+20,8.7537220387e+12,5.5249291722e+20,1.7507444077e+13,1.7612004958e-20,1.7953114127e-21,-5.9958574605e-01,2025-11-22T13:30:24.752494,1.6180339887e+00
Star_0515,7.6537639500e-01,1.5223336497e+30,3.7384449395e+19,3.7384449395e+16,2.4989605210e+08,3.9514268465e+03,1.2115386912e+03,2.2610187331e+03,2.2610187331e+00,1.6534338636e+16,1.6534338636e+16,3.3915280996e+03,6.7830561992e+03,False,False,1.0000000000e+00,0,1.0000000000e+00,2.0000000000e+00,7.4768898789e+19,7.4768898789e+16,1.6485885950e+00,2.3314563499e+00,2.3314563499e+00,3.2971771901e+00,1.6485885950e-03,2.3314563499e-03,2.3314563499e-03,3.2971771901e-03,5.4990996306e-09,7.7769012785e-09,0,2.2204460493e-16,inf,1.4248152866e+20,4.5149671920e+12,2.8496305732e+20,9.0299343841e+12,7.2699863171e-20,7.4107913528e-21,-2.7178443557e+00,2025-11-22T13:30:24.752494,1.6180339887e+00
Star_0516,4.7928038210e-01,9.5328868000e+29,4.9982381704e+19,4.9982381704e+16,3.3410682957e+08,5.2829914073e+03,1.6198069062e+03,1.4158549041e+03,1.4158549041e+00,3.5301909511e+16,3.5301909511e+16,2.1237823561e+03,4.2475647122e+03,False,False,1.0000000000e+00,0,1.0000000000e+00,2.0000000000e+00,9.9964763409e+19,9.9964763409e+16,1.1282532843e+00,1.5955910964e+00,1.5955910964e+00,2.2565065686e+00,1.1282532843e-03,1.5955910964e-03,1.5955910964e-03,2.2565065686e-03,3.7634478593e-09,5.3223190039e-09,0,0.0000000000e+00,inf,2.7834934825e+20,8.8203585903e+12,5.5669869650e+20,1.7640717181e+13,2.5468083555e-20,2.5961349189e-21,-1.2729554735e+00,2025-11-22T13:30:24.752494,1.6180339887e+00
Star_0517,3.5652219690e-01,7.0912264963e+29,3.1524122434e+19,3.1524122434e+16,2.1072274354e+08,3.3320074447e+03,1.0216198086e+03,1.0532116893e+03,1.0532116893e+00,2.9931420961e+16,2.9931420961e+16,1.5798175340e+03,3.1596350680e+03,False,False,1.0000000000e+00,0,1.0000000000e+00,2.0000000000e+00,6.3048244868e+19,6.3048244868e+16,1.2252988830e+00,1.7328342983e+00,1.7328342983e+00,2.4505977660e+00,1.2252988830e-03,1.7328342983e-03,1.7328342983e-03,2.4505977660e-03,4.0871571326e-09,5.7801130485e-09,0,0.0000000000e+00,inf,1.6165190848e+20,5.1224398712e+12,3.2330381696e+20,1.0244879742e+13,4.7625666848e-20,4.8548080375e-21,-1.5013573527e+00,2025-11-22T13:30:24.753000,1.6180339887e+00
Star_0518,1.2577172200e-01,2.5015995506e+29,2.7346950997e+19,2.7346950997e+16,1.8280047458e+08,2.8904926538e+03,8.8624788532e+02,3.7154558384e+02,3.7154558384e-01,7.3603219059e+16,7.3603219059e+16,5.5731837575e+02,1.1146367515e+03,False,False,1.0000000000e+00,0,1.0000000000e+00,2.0000000000e+00,5.4693901995e+19,5.4693901995e+16,7.8137102168e-01,1.1050254961e+00,1.1050254961e+00,1.5627420434e+00,7.8137102168e-04,1.1050254961e-03,1.1050254961e-03,1.5627420434e-03,2.6063731786e-09,3.6859682978e-09,0,0.0000000000e+00,inf,2.1990316500e+20,6.9683108030e+12,4.3980632999e+20,1.3936621606e+13,2.2325731069e-20,2.2758135646e-21,-6.1054067351e-01,2025-11-22T13:30:24.753000,1.6180339887e+00
Star_0519,1.2503525951e+00,2.4869513117e+30,2.0957176243e+19,2.0957176243e+16,1.4008807649e+08,2.2151121703e+03,6.7917089293e+02,3.6936998044e+03,3.6936998044e+00,5.6737627184e+15,5.6737627184e+15,5.5405497066e+03,1.1081099413e+04,False,False,1.0000000000e+00,0,1.0000000000e+00,2.0000000000e+00,4.1914352486e+19,4.1914352486e+16,2.8142982489e+00,3.9800187522e+00,3.9800187522e+00,5.6285964978e+00,2.8142982489e-03,3.9800187522e-03,3.9800187522e-03,5.6285964978e-03,9.3874884901e-09,1.3275913539e-08,0,2.2204460493e-16,inf,4.6788865360e+19,1.4826496742e+12,9.3577730720e+19,2.9652993485e+12,3.7792661291e-19,3.8524629247e-20,-7.9202746338e+00,2025-11-22T13:30:24.753000,1.6180339887e+00
Star_0520,2.6733628900e-01,5.3173187882e+29,1.8750974185e+19,1.8750974185e+16,1.2534073653e+08,1.9819230721e+03,6.0767327300e+02,7.8974523046e+02,7.8974523046e-01,2.3743067336e+16,2.3743067336e+16,1.1846178457e+03,2.3692356914e+03,False,False,1.0000000000e+00,0,1.0000000000e+00,2.0000000000e+00,3.7501948370e+19,3.7501948370e+16,1.3757429407e+00,1.9455943251e+00,1.9455943251e+00,2.7514858814e+00,1.3757429407e-03,1.9455943251e-03,1.9455943251e-03,2.7514858814e-03,4.5889844924e-09,6.4898041067e-09,0,0.0000000000e+00,inf,8.5637979312e+19,2.7137038087e+12,1.7127595862e+20,5.4274076173e+12,1.0093708307e-19,1.0289203167e-20,-1.8926686389e+00,2025-11-22T13:30:24.753000,1.6180339887e+00
Star_0521,4.1027946800e-01,8.1604586185e+29,1.3182259647e+20,1.3182259647e+17,8.8116708873e+08,1.3933262496e+04,4.2720483675e+03,1.2120174714e+03,1.2120174714e+00,1.0876295069e+17,1.0876295069e+17,1.8180262071e+03,3.6360524142e+03,False,False,1.0000000000e+00,0,1.0000000000e+00,2.0000000000e+00,2.6364519295e+20,2.6364519295e+17,6.4278423173e-01,9.0903417820e-01,9.0903417820e-01,1.2855684635e+00,6.4278423173e-04,9.0903417820e-04,9.0903417820e-04,1.2855684635e-03,2.1440974067e-09,3.0322116315e-09,0,0.0000000000e+00,inf,1.2885596137e+21,4.0831990192e+13,2.5771192274e+21,8.1663980384e+13,3.1343000336e-21,3.1950051311e-22,-4.1317156856e-01,2025-11-22T13:30:24.753000,1.6180339887e+00
Star_0522,1.6981804626e+00,3.3776809401e+30,1.5439176750e+20,1.5439176750e+17,1.0320305314e+09,1.6318757796e+04,5.0034600740e+03,5.0166399998e+03,5.0166399998e+00,3.0775931203e+16,3.0775931203e+16,7.5249599998e+03,1.5049920000e+04,False,False,1.0000000000e+00,0,1.0000000000e+00,2.0000000000e+00,3.0878353501e+20,3.0878353501e+17,1.2083704710e+00,1.7088939085e+00,1.7088939085e+00,2.4167409420e+00,1.2083704710e-03,1.7088939085e-03,1.7088939085e-03,2.4167409420e-03,4.0306900283e-09,5.7002565037e-09,0,0.0000000000e+00,inf,8.0279360378e+20,2.5438994213e+13,1.6055872076e+21,5.0877988426e+13,9.4574938731e-21,9.6406665373e-22,-1.4601591952e+00,2025-11-22T13:30:24.753000,1.6180339887e+00
Star_0523,1.2172191370e-01,2.4210488635e+29,5.8295037847e+18,5.8295037847e+15,3.8967271288e+07,6.1616148237e+02,1.8891997876e+02,3.5958193759e+02,3.5958193759e-01,1.6211892688e+16,1.6211892688e+16,5.3937290639e+02,1.0787458128e+03,False,False,1.0000000000e+00,0,1.0000000000e+00,2.0000000000e+00,1.1659007569e+19,1.1659007569e+16,1.6649026514e+00,2.3545279096e+00,2.3545279096e+00,3.3298053028e+00,1.6649026514e-03,2.3545279096e-03,2.3545279096e-03,3.3298053028e-03,5.5535174650e-09,7.8538597179e-09,0,2.2204460493e-16,inf,2.1999996515e+19,6.9713782147e+11,4.3999993030e+19,1.3942756429e+12,4.7549516065e-19,4.8470454704e-20,-2.7719008386e+00,2025-11-22T13:30:24.753000,1.6180339887e+00
Star_0524,8.0896984550e-01,1.6090410227e+30,3.5397908601e+19,3.5397908601e+16,2.3661703610e+08,3.7414553008e+03,1.1471597563e+03,2.3897993028e+03,2.3897993028e+00,1.4812084244e+16,1.4812084244e+16,3.5846989542e+03,7.1693979085e+03,False,False,1.0000000000e+00,0,1.0000000000e+00,2.0000000000e+00,7.0795817201e+19,7.0795817201e+16,1.7417973215e+00,2.4632733950e+00,2.4632733950e+00,3.4835946430e+00,1.7417973215e-03,2.4632733950e-03,2.4632733950e-03,3.4835946430e-03,5.8100104757e-09,8.2165956123e-09,0,2.2204460493e-16,inf,1.2769087223e+20,4.0462795721e+12,2.5538174445e+20,8.0925591443e+12,8.5707264332e-20,8.7367241929e-21,-3.0338579092e+00,2025-11-22T13:30:24.753000,1.6180339887e+00
Star_0525,4.1916999250e-01,8.3372911508e+29,8.0198722231e+19,8.0198722231e+16,5.3608771545e+08,8.4767701332e+03,2.5990446975e+03,1.2382812059e+03,1.2382812059e+00,6.4766162845e+16,6.4766162845e+16,1.8574218089e+03,3.7148436178e+03,False,False,1.0000000000e+00,0,1.0000000000e+00,2.0000000000e+00,1.6039744446e+20,1.6039744446e+17,8.3297433675e-01,1.1780036041e+00,1.1780036041e+00,1.6659486735e+00,8.3297433675e-04,1.1780036041e-03,1.1780036041e-03,1.6659486735e-03,2.7785033096e-09,3.9293970635e-09,0,0.0000000000e+00,inf,6.0494472752e+20,1.9169541648e+13,1.2098894550e+21,3.8339083297e+13,8.6515872869e-21,8.8191511590e-22,-6.9384624568e-01,2025-11-22T13:30:24.753000,1.6180339887e+00
Star_0526,4.6993507670e-01,9.3470086756e+29,4.8507725141e+19,4.8507725141e+16,3.2424949960e+08,5.1271245260e+03,1.5720168889e+03,1.3882476892e+03,1.3882476892e+00,3.4941693415e+16,3.4941693415e+16,2.0823715338e+03,4.1647430677e+03,False,False,1.0000000000e+00,0,1.0000000000e+00,2.0000000000e+00,9.7015450281e+19,9.7015450281e+16,1.1340539894e+00,1.6037945323e+00,1.6037945323e+00,2.2681079788e+00,1.1340539894e-03,1.6037945323e-03,1.6037945323e-03,2.2681079788e-03,3.7827969288e-09,5.3496827204e-09,0,0.0000000000e+00,inf,2.6875530507e+20,8.5163417076e+12,5.3751061015e+20,1.7032683415e+13,2.6512858460e-20,2.7026359286e-21,-1.2860784509e+00,2025-11-22T13:30:24.753000,1.6180339887e+00
Star_0527,2.6119744880e-01,5.1952172566e+29,7.2792142342e+19,7.2792142342e+16,4.8657849159e+08,7.6939163241e+03,2.3590155343e+03,7.7161031961e+02,7.7161031961e-01,9.4337958542e+16,9.4337958542e+16,1.1574154794e+03,2.3148309588e+03,False,False,1.0000000000e+00,0,1.0000000000e+00,2.0000000000e+00,1.4558428468e+20,1.4558428468e+17,6.9018015566e-01,9.7606213661e-01,9.7606213661e-01,1.3803603113e+00,6.9018015566e-04,9.7606213661e-04,9.7606213661e-04,1.3803603113e-03,2.3021931915e-09,3.2557928346e-09,0,0.0000000000e+00,inf,6.6267700613e+20,2.0998967163e+13,1.3253540123e+21,4.1997934325e+13,6.5439569703e-21,6.6707002755e-22,-4.7634864726e-01,2025-11-22T13:30:24.753000,1.6180339887e+00
Star_0528,2.1470488810e-01,4.2704802243e+29,2.0003765938e+19,2.0003765938e+16,1.3371501295e+08,2.1143394924e+03,6.4827319370e+02,6.3426541144e+02,6.3426541144e-01,3.1538478336e+16,3.1538478336e+16,9.5139811715e+02,1.9027962343e+03,False,False,1.0000000000e+00,0,1.0000000000e+00,2.0000000000e+00,4.0007531876e+19,4.0007531876e+16,1.1936729084e+00,1.6881084161e+00,1.6881084161e+00,2.3873458168e+00,1.1936729084e-03,1.6881084161e-03,1.6881084161e-03,2.3873458168e-03,3.9816642366e-09,5.6309235642e-09,0,0.0000000000e+00,inf,1.0529464759e+20,3.3365860392e+12,2.1058929518e+20,6.6731720784e+12,7.1229338350e-20,7.2608907594e-21,-1.4248550123e+00,2025-11-22T13:30:24.753000,1.6180339887e+00
Star_0529,2.8273996160e-01,5.6236978362e+29,4.4916070522e+19,4.4916070522e+16,3.0024111312e+08,4.7474971485e+03,1.4556201355e+03,8.3524962874e+02,8.3524962874e-01,5.3775624648e+16,5.3775624648e+16,1.2528744431e+03,2.5057488862e+03,False,False,1.0000000000e+00,0,1.0000000000e+00,2.0000000000e+00,8.9832141044e+19,8.9832141044e+16,9.1414054819e-01,1.2927899612e+00,1.2927899612e+00,1.8282810964e+00,9.1414054819e-04,1.2927899612e-03,1.2927899612e-03,1.8282810964e-03,3.0492446484e-09,4.3122831368e-09,0,0.0000000000e+00,inf,3.0872276142e+20,9.7828339739e+12,6.1744552283e+20,1.9565667948e+13,1.8604765113e-20,1.8965102052e-21,-8.3565294185e-01,2025-11-22T13:30:24.754070,1.6180339887e+00
Star_0530,4.6239541110e-01,9.1970447268e+29,2.6119147359e+19,2.6119147359e+16,1.7459323101e+08,2.7607174040e+03,8.4645776839e+02,1.3659745629e+03,1.3659745629e+00,1.9121254575e+16,1.9121254575e+16,2.0489618443e+03,4.0979236886e+03,False,False,1.0000000000e+00,0,1.0000000000e+00,2.0000000000e+00,5.2238294718e+19,5.2238294718e+16,1.5330189147e+00,2.1680161405e+00,2.1680161405e+00,3.0660378294e+00,1.5330189147e-03,2.1680161405e-03,2.1680161405e-03,3.0660378294e-03,5.1136006720e-09,7.2317234229e-09,0,0.0000000000e+00,inf,1.0705115335e+20,3.3922463479e+12,2.1410230670e+20,6.7844926958e+12,8.9977936893e-20,9.1720628841e-21,-2.3501469928e+00,2025-11-22T13:30:24.754070,1.6180339887e+00
Star_0531,3.6467762890e-01,7.2534380388e+29,4.3090788269e+19,4.3090788269e+16,2.8804002853e+08,4.5545701584e+03,1.3964671961e+03,1.0773038676e+03,1.0773038676e+00,3.9998731617e+16,3.9998731617e+16,1.6159558014e+03,3.2319116027e+03,False,False,1.0000000000e+00,0,1.0000000000e+00,2.0000000000e+00,8.6181576537e+19,8.6181576537e+16,1.0599432053e+00,1.4989860563e+00,1.4989860563e+00,2.1198864106e+00,1.0599432053e-03,1.4989860563e-03,1.4989860563e-03,2.1198864106e-03,3.5355899624e-09,5.0000792758e-09,0,0.0000000000e+00,inf,2.5543576898e+20,8.0942710783e+12,5.1087153796e+20,1.6188542157e+13,2.6072384462e-20,2.6577354191e-21,-1.1234795985e+00,2025-11-22T13:30:24.754070,1.6180339887e+00
Star_0532,4.3601535690e-01,8.6723454487e+29,8.0494789883e+18,8.0494789883e+15,5.3806677729e+07,8.5080636173e+02,2.6086395269e+02,1.2880445442e+03,1.2880445442e+00,6.2493793591e+15,6.2493793591e+15,1.9320668163e+03,3.8641336327e+03,False,False,1.0000000000e+00,0,1.0000000000e+00,2.0000000000e+00,1.6098957977e+19,1.6098957977e+16,2.6815584070e+00,3.7922962675e+00,3.7922962675e+00,5.3631168140e+00,2.6815584070e-03,3.7922962675e-03,3.7922962675e-03,5.3631168140e-03,8.9447160376e-09,1.2649738732e-08,0,2.2204460493e-16,inf,1.8860811675e+19,5.9766305660e+11,3.7721623350e+19,1.1953261132e+12,8.9331936895e-19,9.1062117121e-20,-7.1907554902e+00,2025-11-22T13:30:24.754070,1.6180339887e+00
Star_0533,1.7057048551e+00,3.3926469568e+30,1.6023604998e+19,1.6023604998e+16,1.0710965908e+08,1.6936481343e+03,5.1928589942e+02,5.0388680075e+03,5.0388680075e+00,3.1800009396e+15,3.1800009396e+15,7.5583020113e+03,1.5116604023e+04,False,False,1.0000000000e+00,0,1.0000000000e+00,2.0000000000e+00,3.2047209997e+19,3.2047209997e+16,3.7591709937e+00,5.3162706025e+00,5.3162706025e+00,7.5183419873e+00,3.7591709937e-03,5.3162706025e-03,5.3162706025e-03,7.5183419873e-03,1.2539244712e-08,1.7733169934e-08,0,2.2204460493e-16,inf,2.6782309095e+19,8.4868016247e+11,5.3564618190e+19,1.6973603249e+12,8.8190931823e-19,8.9899013071e-20,-1.4131366560e+01,2025-11-22T13:30:24.754070,1.6180339887e+00
Star_0534,2.0424192890e-01,4.0623719658e+29,9.5567203979e+19,9.5567203979e+16,6.3881820841e+08,1.0101173658e+04,3.0970996525e+03,6.0335650582e+02,6.0335650582e-01,1.5839259717e+17,1.5839259717e+17,9.0503475873e+02,1.8100695175e+03,False,False,1.0000000000e+00,0,1.0000000000e+00,2.0000000000e+00,1.9113440796e+20,1.9113440796e+17,5.3264550344e-01,7.5327449490e-01,7.5327449490e-01,1.0652910069e+00,5.3264550344e-04,7.5327449490e-04,7.5327449490e-04,1.0652910069e-03,1.7767141542e-09,2.5126532533e-09,0,0.0000000000e+00,inf,1.1273284915e+21,3.5722884233e+13,2.2546569830e+21,7.1445768467e+13,2.9687091442e-21,3.0262070787e-22,-2.8371123233e-01,2025-11-22T13:30:24.754070,1.6180339887e+00
Star_0535,3.0860991850e-01,6.1382512790e+29,1.2017040427e+19,1.2017040427e+16,8.0327810340e+07,1.2701659895e+03,3.8944292792e+02,9.1167275539e+02,9.1167275539e-01,1.3181309144e+16,1.3181309144e+16,1.3675091331e+03,2.7350182662e+03,False,False,1.0000000000e+00,0,1.0000000000e+00,2.0000000000e+00,2.4034080854e+19,2.4034080854e+16,1.8464027241e+00,2.6112077741e+00,2.6112077741e+00,3.6928054483e+00,1.8464027241e-03,2.6112077741e-03,2.6112077741e-03,3.6928054483e-03,6.1589365405e-09,8.7100515853e-09,0,2.2204460493e-16,inf,4.0893186984e+19,1.2958269001e+12,8.1786373968e+19,2.5916538003e+12,2.8369739125e-19,2.8919204001e-20,-3.4092030197e+00,2025-11-22T13:30:24.754576,1.6180339887e+00
Star_0536,3.2597922870e-01,6.4837268588e+29,3.3810869053e+19,3.3810869053e+16,2.2600848298e+08,3.5737098671e+03,1.0957276810e+03,9.6298389590e+02,9.6298389590e-01,3.5110523859e+16,3.5110523859e+16,1.4444758438e+03,2.8889516877e+03,False,False,1.0000000000e+00,0,1.0000000000e+00,2.0000000000e+00,6.7621738106e+19,6.7621738106e+16,1.1313241304e+00,1.5999339286e+00,1.5999339286e+00,2.2626482608e+00,1.1313241304e-03,1.5999339286e-03,1.5999339286e-03,2.2626482608e-03,3.7736910993e-09,5.3368051329e-09,0,0.0000000000e+00,inf,1.8777992085e+20,5.9503866215e+12,3.7555984169e+20,1.1900773243e+13,3.7854522048e-20,3.8587688122e-21,-1.2798942880e+00,2025-11-22T13:30:24.754576,1.6180339887e+00
Star_0537,2.5333638520e-01,5.0388607016e+29,9.0413434256e+19,9.0413434256e+16,6.0436787604e+08,9.5564352876e+03,2.9300785642e+03,7.4838774288e+02,7.4838774288e-01,1.2081095009e+17,1.2081095009e+17,1.1225816143e+03,2.2451632286e+03,False,False,1.0000000000e+00,0,1.0000000000e+00,2.0000000000e+00,1.8082686851e+20,1.8082686851e+17,6.0989146424e-01,8.6251678030e-01,8.6251678030e-01,1.2197829285e+00,6.0989146424e-04,8.6251678030e-04,8.6251678030e-04,1.2197829285e-03,2.0343789444e-09,2.8770462941e-09,0,0.0000000000e+00,inf,9.3145156966e+20,2.9515919134e+13,1.8629031393e+21,5.9031838268e+13,4.1140744317e-21,4.1937557917e-22,-3.7196759815e-01,2025-11-22T13:30:24.754576,1.6180339887e+00
Star_0538,7.5372357060e-01,1.4991561819e+30,8.0530153107e+19,8.0530153107e+16,5.3830316248e+08,8.5118014065e+03,2.6097855627e+03,2.2265948151e+03,2.2265948151e+00,3.6167403500e+16,3.6167403500e+16,3.3398922226e+03,6.6797844452e+03,False,False,1.0000000000e+00,0,1.0000000000e+00,2.0000000000e+00,1.6106030621e+20,1.6106030621e+17,1.1146718650e+00,1.5763840691e+00,1.5763840691e+00,2.2293437300e+00,1.1146718650e-03,1.5763840691e-03,1.5763840691e-03,2.2293437300e-03,3.7181451209e-09,5.2582512569e-09,0,0.0000000000e+00,inf,4.5393257933e+20,1.4384255435e+13,9.0786515865e+20,2.8768510871e+13,1.5428920953e-20,1.5727748168e-21,-1.2424933666e+00,2025-11-22T13:30:24.754576,1.6180339887e+00
Star_0539,2.1611379740e-01,4.2985034303e+29,3.3718988399e+19,3.3718988399e+16,2.2539430748e+08,3.5639983510e+03,1.0927500534e+03,6.3842750781e+02,6.3842750781e-01,5.2815688525e+16,5.2815688525e+16,9.5764126172e+02,1.9152825234e+03,False,False,1.0000000000e+00,0,1.0000000000e+00,2.0000000000e+00,6.7437976797e+19,6.7437976797e+16,9.2241048772e-01,1.3044854218e+00,1.3044854218e+00,1.8448209754e+00,9.2241048772e-04,1.3044854218e-03,1.3044854218e-03,1.8448209754e-03,3.0768301974e-09,4.3512949942e-09,0,0.0000000000e+00,inf,2.2968369864e+20,7.2782372118e+12,4.5936739727e+20,1.4556474424e+13,2.5233292820e-20,2.5722011029e-21,-8.5084110785e-01,2025-11-22T13:30:24.754576,1.6180339887e+00
Star_0540,4.0640897320e-01,8.0834744769e+29,4.8053901136e+19,4.8053901136e+16,3.2121591668e+08,5.0791566574e+03,1.5573095614e+03,1.2005835399e+03,1.2005835399e+00,4.0025453904e+16,4.0025453904e+16,1.8008753099e+03,3.6017506198e+03,False,False,1.0000000000e+00,0,1.0000000000e+00,2.0000000000e+00,9.6107802272e+19,9.6107802272e+16,1.0595893201e+00,1.4984855870e+00,1.4984855870e+00,2.1191786401e+00,1.0595893201e-03,1.4984855870e-03,1.4984855870e-03,2.1191786401e-03,3.5344095283e-09,4.9984098899e-09,0,0.0000000000e+00,inf,2.8495149947e+20,9.0295681379e+12,5.6990299893e+20,1.8059136276e+13,2.3363962148e-20,2.3816475176e-21,-1.1227295272e+00,2025-11-22T13:30:24.754576,1.6180339887e+00
Star_0541,3.2072052820e-01,6.3791313059e+29,6.2608695712e+19,6.2608695712e+16,4.1850732428e+08,6.6175558305e+03,2.0289949027e+03,9.4744902911e+02,9.4744902911e-01,6.6081333970e+16,6.6081333970e+16,1.4211735437e+03,2.8423470873e+03,False,False,1.0000000000e+00,0,1.0000000000e+00,2.0000000000e+00,1.2521739142e+20,1.2521739142e+17,8.2464362201e-01,1.1662221944e+00,1.1662221944e+00,1.6492872440e+00,8.2464362201e-04,1.1662221944e-03,1.1662221944e-03,1.6492872440e-03,2.7507150364e-09,3.8900985107e-09,0,0.0000000000e+00,inf,4.7703277695e+20,1.5116256526e+13,9.5406555389e+20,3.0232513052e+13,1.0861703723e-20,1.1072073112e-21,-6.8003710333e-01,2025-11-22T13:30:24.754576,1.6180339887e+00
Star_0542,2.4296999740e-01,4.8326732483e+29,1.0872838440e+19,1.0872838440e+16,7.2679401334e+07,1.1492271895e+03,3.5236213629e+02,7.1776412140e+02,7.1776412140e-01,1.5148205539e+16,1.5148205539e+16,1.0766461821e+03,2.1532923642e+03,False,False,1.0000000000e+00,0,1.0000000000e+00,2.0000000000e+00,2.1745676879e+19,2.1745676879e+16,1.7223646781e+00,2.4357914871e+00,2.4357914871e+00,3.4447293562e+00,1.7223646781e-03,2.4357914871e-03,2.4357914871e-03,3.4447293562e-03,5.7451901545e-09,8.1249258348e-09,0,2.2204460493e-16,inf,3.9664108072e+19,1.2568797397e+12,7.9328216144e+19,2.5137594793e+12,2.7283952583e-19,2.7812387954e-20,-2.9665400843e+00,2025-11-22T13:30:24.754576,1.6180339887e+00
Star_0543,3.6406512730e-01,7.2412553820e+29,1.2155624195e+20,1.2155624195e+17,8.1254172429e+08,1.2848138881e+04,3.9393408936e+03,1.0754944603e+03,1.0754944603e+00,1.1302358723e+17,1.1302358723e+17,1.6132416905e+03,3.2264833810e+03,False,False,1.0000000000e+00,0,1.0000000000e+00,2.0000000000e+00,2.4311248391e+20,2.4311248391e+17,6.3055236875e-01,8.9173571168e-01,8.9173571168e-01,1.2611047375e+00,6.3055236875e-04,8.9173571168e-04,8.9173571168e-04,1.2611047375e-03,2.1032963036e-09,2.9745101582e-09,0,0.0000000000e+00,inf,1.2112560848e+21,3.8382389181e+13,2.4225121696e+21,7.6764778361e+13,3.2708833652e-21,3.3342338075e-22,-3.9759628974e-01,2025-11-22T13:30:24.754576,1.6180339887e+00
Star_0544,1.6607926928e+00,3.3033166660e+30,2.0722575737e+19,2.0722575737e+16,1.3851989129e+08,2.1903155837e+03,6.7156806356e+02,4.9061917962e+03,4.9061917962e+00,4.2237598117e+15,4.2237598117e+15,7.3592876944e+03,1.4718575389e+04,False,False,1.0000000000e+00,0,1.0000000000e+00,2.0000000000e+00,4.1445151475e+19,4.1445151475e+16,3.2617907612e+00,4.6128687321e+00,4.6128687321e+00,6.5235815223e+00,3.2617907612e-03,4.6128687321e-03,4.6128687321e-03,6.5235815223e-03,1.0880162840e-08,1.5386873849e-08,0,2.2204460493e-16,inf,3.9917883437e+19,1.2649213957e+12,7.9835766874e+19,2.5298427914e+12,5.1341489130e-19,5.2335870672e-20,-1.0639278970e+01,2025-11-22T13:30:24.754576,1.6180339887e+00
Star_0545,1.0696621590e+00,2.1275580343e+30,1.6902103264e+19,1.6902103264e+16,1.1298197369e+08,1.7865028289e+03,5.4775588244e+02,3.1599173888e+03,3.1599173888e+00,5.3489066911e+15,5.3489066911e+15,4.7398760833e+03,9.4797521665e+03,False,False,1.0000000000e+00,0,1.0000000000e+00,2.0000000000e+00,3.3804206529e+19,3.3804206529e+16,2.8984992621e+00,4.0990969669e+00,4.0990969669e+00,5.7969985241e+00,2.8984992621e-03,4.0990969669e-03,4.0990969669e-03,5.7969985241e-03,9.6683528378e-09,1.3673115709e-08,0,2.2204460493e-16,inf,3.6639321694e+19,1.1610300433e+12,7.3278643387e+19,2.3220600866e+12,4.9705636279e-19,5.0668334637e-20,-8.4012979721e+00,2025-11-22T13:30:24.754576,1.6180339887e+00
Star_0546,2.0361618190e-01,4.0499258580e+29,3.9208413918e+19,3.9208413918e+16,2.6208832833e+08,4.1442145564e+03,1.2706489263e+03,6.0150796999e+02,6.0150796999e-01,6.5183531848e+16,6.5183531848e+16,9.0226195498e+02,1.8045239100e+03,False,False,1.0000000000e+00,0,1.0000000000e+00,2.0000000000e+00,7.8416827837e+19,7.8416827837e+16,8.3030329424e-01,1.1742261796e+00,1.1742261796e+00,1.6606065885e+00,8.3030329424e-04,1.1742261796e-03,1.1742261796e-03,1.6606065885e-03,2.7695936708e-09,3.9167969316e-09,0,0.0000000000e+00,inf,2.9670330343e+20,9.4019603338e+12,5.9340660686e+20,1.8803920668e+13,1.7583051481e-20,1.7923599879e-21,-6.8940356043e-01,2025-11-22T13:30:24.755581,1.6180339887e+00
Star_0547,2.3418801680e-01,4.6579996542e+29,9.6383783699e+18,9.6383783699e+15,6.4427662901e+07,1.0187483744e+03,3.1235630067e+02,6.9182103930e+02,6.9182103930e-01,1.3931895421e+16,1.3931895421e+16,1.0377315590e+03,2.0754631179e+03,False,False,1.0000000000e+00,0,1.0000000000e+00,2.0000000000e+00,1.9276756740e+19,1.9276756740e+16,1.7959763035e+00,2.5398940461e+00,2.5398940461e+00,3.5919526070e+00,1.7959763035e-03,2.5398940461e-03,2.5398940461e-03,3.5919526070e-03,5.9907321067e-09,8.4721745939e-09,0,2.2204460493e-16,inf,3.3719663918e+19,1.0685116713e+12,6.7439327836e+19,2.1370233426e+12,3.3465493457e-19,3.4113652861e-20,-3.2255308827e+00,2025-11-22T13:30:24.755581,1.6180339887e+00
Star_0548,2.3333311370e-01,4.6409956315e+29,2.6946415723e+19,2.6946415723e+16,1.8012309975e+08,2.8481572480e+03,8.7326751541e+02,6.8929554735e+02,6.8929554735e-01,3.9092687928e+16,3.9092687928e+16,1.0339433210e+03,2.0678866421e+03,False,False,1.0000000000e+00,0,1.0000000000e+00,2.0000000000e+00,5.3892831446e+19,5.3892831446e+16,1.0721558975e+00,1.5162574112e+00,1.5162574112e+00,2.1443117949e+00,1.0721558975e-03,1.5162574112e-03,1.5162574112e-03,2.1443117949e-03,3.5763271185e-09,5.0576903145e-09,0,0.0000000000e+00,inf,1.5791483659e+20,5.0040192091e+12,3.1582967319e+20,1.0008038418e+13,4.2659412676e-20,4.3485639833e-21,-1.1495182685e+00,2025-11-22T13:30:24.755581,1.6180339887e+00
Star_0549,1.3211978618e+00,2.6278625471e+30,8.1169455447e+19,8.1169455447e+16,5.4257657384e+08,8.5793737921e+03,2.6305037900e+03,3.9029856880e+03,3.9029856880e+00,2.0796759695e+16,2.0796759695e+16,5.8544785320e+03,1.1708957064e+04,False,False,1.0000000000e+00,0,1.0000000000e+00,2.0000000000e+00,1.6233891089e+20,1.6233891089e+17,1.4699679583e+00,2.0788486229e+00,2.0788486229e+00,2.9399359166e+00,1.4699679583e-03,2.0788486229e-03,2.0788486229e-03,2.9399359166e-03,4.9032853198e-09,6.9342925994e-09,0,0.0000000000e+00,inf,3.4694819501e+20,1.0994124870e+13,6.9389639002e+20,2.1988249741e+13,2.6620922692e-20,2.7136516506e-21,-2.1608057984e+00,2025-11-22T13:30:24.755581,1.6180339887e+00
Star_0550,1.8067177250e-01,3.5935615550e+29,3.5361991795e+19,3.5361991795e+16,2.3637695050e+08,3.7376589996e+03,1.1459957804e+03,5.3372728089e+02,5.3372728089e-01,6.6254795400e+16,6.6254795400e+16,8.0059092134e+02,1.6011818427e+03,False,False,1.0000000000e+00,0,1.0000000000e+00,2.0000000000e+00,7.0723983590e+19,7.0723983590e+16,8.2356341635e-01,1.1646945529e+00,1.1646945529e+00,1.6471268327e+00,8.2356341635e-04,1.1646945529e-03,1.1646945529e-03,1.6471268327e-03,2.7471118581e-09,3.8850028471e-09,0,0.0000000000e+00,inf,2.6978608188e+20,8.5490050537e+12,5.3957216377e+20,1.7098010107e+13,1.9180387368e-20,1.9551872955e-21,-6.7825670075e-01,2025-11-22T13:30:24.755581,1.6180339887e+00
Star_0551,1.8311513220e-01,3.6421599795e+29,1.8653226256e+19,1.8653226256e+16,1.2468734128e+08,1.9715914022e+03,6.0450550137e+02,5.4094527466e+02,5.4094527466e-01,3.4482649409e+16,3.4482649409e+16,8.1141791200e+02,1.6228358240e+03,False,False,1.0000000000e+00,0,1.0000000000e+00,2.0000000000e+00,3.7306452512e+19,3.7306452512e+16,1.1415774773e+00,1.6144343508e+00,1.6144343508e+00,2.2831549545e+00,1.1415774773e-03,1.6144343508e-03,1.6144343508e-03,2.2831549545e-03,3.8078925830e-09,5.3851733349e-09,0,0.0000000000e+00,inf,1.0266642385e+20,3.2533026547e+12,2.0533284771e+20,6.5066053093e+12,6.9864543468e-20,7.1217679376e-21,-1.3031991366e+00,2025-11-22T13:30:24.755581,1.6180339887e+00
Star_0552,1.9779286600e-01,3.9341001047e+29,4.0278773189e+19,4.0278773189e+16,2.6924313629e+08,4.2573483975e+03,1.3053366558e+03,5.8430515785e+02,5.8430515785e-01,6.8934481662e+16,6.8934481662e+16,8.7645773678e+02,1.7529154736e+03,False,False,1.0000000000e+00,0,1.0000000000e+00,2.0000000000e+00,8.0557546378e+19,8.0557546378e+16,8.0739758845e-01,1.1418326198e+00,1.1418326198e+00,1.6147951769e+00,8.0739758845e-04,1.1418326198e-03,1.1418326198e-03,1.6147951769e-03,2.6931884606e-09,3.8087436470e-09,0,0.0000000000e+00,inf,3.1345027470e+20,9.9326398300e+12,6.2690054940e+20,1.9865279660e+13,1.6184476692e-20,1.6497937504e-21,-6.5189086584e-01,2025-11-22T13:30:24.756086,1.6180339887e+00
Star_0553,5.0101492040e-01,9.9651867668e+29,3.5424991770e+19,3.5424991770e+16,2.3679807333e+08,3.7443179125e+03,1.1480374557e+03,1.4800614808e+03,1.4800614808e+00,2.3934810972e+16,2.3934810972e+16,2.2200922212e+03,4.4401844425e+03,False,False,1.0000000000e+00,0,1.0000000000e+00,2.0000000000e+00,7.0849983541e+19,7.0849983541e+16,1.3702212679e+00,1.9377855005e+00,1.9377855005e+00,2.7404425357e+00,1.3702212679e-03,1.9377855005e-03,1.9377855005e-03,2.7404425357e-03,4.5705661743e-09,6.4637566715e-09,0,0.0000000000e+00,inf,1.6244222230e+20,5.1474834051e+12,3.2488444461e+20,1.0294966810e+13,5.2999485083e-20,5.4025978678e-21,-1.8775063229e+00,2025-11-22T13:30:24.756086,1.6180339887e+00
Star_0554,4.3800512690e-01,8.7119219740e+29,2.3712579629e+19,2.3712579629e+16,1.5850654832e+08,2.5063502408e+03,7.6846678642e+02,1.2939225766e+03,1.2939225766e+00,1.8326119396e+16,1.8326119396e+16,1.9408838649e+03,3.8817677299e+03,False,False,1.0000000000e+00,0,1.0000000000e+00,2.0000000000e+00,4.7425159257e+19,4.7425159257e+16,1.5659231668e+00,2.2145497801e+00,2.2145497801e+00,3.1318463335e+00,1.5659231668e-03,2.2145497801e-03,2.2145497801e-03,3.1318463335e-03,5.2233574427e-09,7.3869429366e-09,0,0.0000000000e+00,inf,9.5145493138e+19,3.0149787417e+12,1.9029098628e+20,6.0299574833e+12,1.0340989477e-19,1.0541273677e-20,-2.4521153642e+00,2025-11-22T13:30:24.756086,1.6180339887e+00
Star_0555,5.8899077970e-01,1.1715026608e+30,6.9541874969e+18,6.9541874969e+15,4.6485210541e+07,7.3503725789e+02,2.2536823077e+02,1.7399533030e+03,1.7399533030e+00,3.9967667436e+15,3.9967667436e+15,2.6099299545e+03,5.2198599090e+03,False,False,1.0000000000e+00,0,1.0000000000e+00,2.0000000000e+00,1.3908374994e+19,1.3908374994e+16,3.3531370441e+00,4.7420518842e+00,4.7420518842e+00,6.7062740882e+00,3.3531370441e-03,4.7420518842e-03,4.7420518842e-03,6.7062740882e-03,1.1184861242e-08,1.5817782461e-08,0,2.2204460493e-16,inf,1.3030916461e+19,4.1292482511e+11,2.6061832922e+19,8.2584965023e+11,1.6167996680e-18,1.6481138308e-19,-1.1243528036e+01,2025-11-22T13:30:24.756086,1.6180339887e+00
Star_0556,2.6757814030e-01,5.3221292106e+29,7.7154008428e+17,7.7154008428e+14,5.1573535045e+06,8.1549527986e+01,2.5003729600e+01,7.9045968981e+02,7.9045968981e-01,9.7606505964e+14,9.7606505964e+14,1.1856895347e+03,2.3713790694e+03,False,False,1.0000000000e+00,0,1.0000000000e+00,2.0000000000e+00,1.5430801686e+18,1.5430801686e+15,6.7852573137e+00,9.5958029172e+00,9.5958029172e+00,1.3570514627e+01,6.7852573137e-03,9.5958029172e-03,9.5958029172e-03,1.3570514627e-02,2.2633182165e-08,3.2008153178e-08,0,6.6613381478e-16,inf,7.1445032919e+17,2.2639564770e+10,1.4289006584e+18,4.5279129540e+10,5.9672488509e-17,6.0828224780e-18,-4.6039716813e+01,2025-11-22T13:30:24.756086,1.6180339887e+00
Star_0557,4.5806703880e-01,9.1109534017e+29,8.2235598243e+19,8.2235598243e+16,5.4970319681e+08,8.6920619641e+03,2.6650548739e+03,1.3531880033e+03,1.3531880033e+00,6.0771746454e+16,6.0771746454e+16,2.0297820050e+03,4.0595640099e+03,False,False,1.0000000000e+00,0,1.0000000000e+00,2.0000000000e+00,1.6447119649e+20,1.6447119649e+17,8.5991365715e-01,1.2161015564e+00,1.2161015564e+00,1.7198273143e+00,8.5991365715e-04,1.2161015564e-03,1.2161015564e-03,1.7198273143e-03,2.8683632100e-09,4.0564781533e-09,0,0.0000000000e+00,inf,6.0087602785e+20,1.9040612336e+13,1.2017520557e+21,3.8081224672e+13,8.9918662180e-21,9.1660206096e-22,-7.3945149775e-01,2025-11-22T13:30:24.756586,1.6180339887e+00
Star_0558,8.1678944890e-01,1.6245942139e+30,9.0517849211e+18,9.0517849211e+15,6.0506583697e+07,9.5674716426e+02,2.9334623979e+02,2.4128994009e+03,2.4128994009e+00,3.7514141359e+15,3.7514141359e+15,3.6193491013e+03,7.2386982027e+03,False,False,1.0000000000e+00,0,1.0000000000e+00,2.0000000000e+00,1.8103569842e+19,1.8103569842e+16,3.4610526015e+00,4.8946675292e+00,4.8946675292e+00,6.9221052031e+00,3.4610526015e-03,4.8946675292e-03,4.8946675292e-03,6.9221052031e-03,1.1544828795e-08,1.6326853457e-08,0,2.2204460493e-16,inf,1.6432585276e+19,5.2071720524e+11,3.2865170552e+19,1.0414344105e+12,1.3233727066e-18,1.3490037784e-19,-1.1978885111e+01,2025-11-22T13:30:24.756586,1.6180339887e+00
Star_0559,4.5617519750e-01,9.0733246783e+29,3.8570383798e+19,3.8570383798e+16,2.5782342111e+08,4.0767766407e+03,1.2499719285e+03,1.3475992647e+03,1.3475992647e+00,2.8621553015e+16,2.8621553015e+16,2.0213988970e+03,4.0427977941e+03,False,False,1.0000000000e+00,0,1.0000000000e+00,2.0000000000e+00,7.7140767595e+19,7.7140767595e+16,1.2530231869e+00,1.7720423849e+00,1.7720423849e+00,2.5060463738e+00,1.2530231869e-03,1.7720423849e-03,1.7720423849e-03,2.5060463738e-03,4.1796354560e-09,5.9108971476e-09,0,0.0000000000e+00,inf,1.9340812788e+20,6.1287337403e+12,3.8681625577e+20,1.2257467481e+13,4.0706546119e-20,4.1494950172e-21,-1.5700671069e+00,2025-11-22T13:30:24.756586,1.6180339887e+00
Star_0560,1.1880352980e-01,2.3630022077e+29,3.6047662647e+19,3.6047662647e+16,2.4096031181e+08,3.8101324011e+03,1.1682166979e+03,3.5096066222e+02,3.5096066222e-01,1.0271140480e+17,1.0271140480e+17,5.2644099332e+02,1.0528819866e+03,False,False,1.0000000000e+00,0,1.0000000000e+00,2.0000000000e+00,7.2095325294e+19,7.2095325294e+16,6.6144900958e-01,9.3543016017e-01,9.3543016017e-01,1.3228980192e+00,6.6144900958e-04,9.3543016017e-04,9.3543016017e-04,1.3228980192e-03,2.2063564040e-09,3.1202591500e-09,0,0.0000000000e+00,inf,3.4242117083e+20,1.0850672131e+13,6.8484234165e+20,2.1701344261e+13,1.2137119584e-20,1.2372191217e-21,-4.3751479227e-01,2025-11-22T13:30:24.756586,1.6180339887e+00
Star_0561,1.8938430020e-01,3.7668537310e+29,6.2317079636e+19,6.2317079636e+16,4.1655801895e+08,6.5867328650e+03,2.0195443379e+03,5.5946519033e+02,5.5946519033e-01,1.1138687574e+17,1.1138687574e+17,8.3919778550e+02,1.6783955710e+03,False,False,1.0000000000e+00,0,1.0000000000e+00,2.0000000000e+00,1.2463415927e+20,1.2463415927e+17,6.3516812240e-01,8.9826337309e-01,8.9826337309e-01,1.2703362448e+00,6.3516812240e-04,8.9826337309e-04,8.9826337309e-04,1.2703362448e-03,2.1186928005e-09,2.9962840929e-09,0,0.0000000000e+00,inf,6.1645058268e+20,1.9534140197e+13,1.2329011654e+21,3.9068280394e+13,6.4739642177e-21,6.5993519039e-22,-4.0343854371e-01,2025-11-22T13:30:24.756586,1.6180339887e+00
Star_0562,1.7429921950e-01,3.4668114759e+29,2.9388774226e+19,2.9388774226e+16,1.9644902557e+08,3.1063073909e+03,9.5241838888e+02,5.1490195285e+02,5.1490195285e-01,5.7076447396e+16,5.7076447396e+16,7.7235292928e+02,1.5447058586e+03,False,False,1.0000000000e+00,0,1.0000000000e+00,2.0000000000e+00,5.8777548451e+19,5.8777548451e+16,8.8731380484e-01,1.2548512169e+00,1.2548512169e+00,1.7746276097e+00,8.8731380484e-04,1.2548512169e-03,1.2548512169e-03,1.7746276097e-03,2.9597602647e-09,4.1857331077e-09,0,0.0000000000e+00,inf,2.0810576078e+20,6.5944736223e+12,4.1621152157e+20,1.3188947245e+13,2.6790017924e-20,2.7308886772e-21,-7.8732578826e-01,2025-11-22T13:30:24.756586,1.6180339887e+00
Star_0563,1.6267973260e+00,3.2356998814e+30,3.6528148332e+19,3.6528148332e+16,2.4417211452e+08,3.8609183313e+03,1.1837880653e+03,4.8057651804e+03,4.8057651804e+00,7.6009016173e+15,7.6009016173e+15,7.2086477706e+03,1.4417295541e+04,False,False,1.0000000000e+00,0,1.0000000000e+00,2.0000000000e+00,7.3056296664e+19,7.3056296664e+16,2.4314937046e+00,3.4386513739e+00,3.4386513739e+00,4.8629874092e+00,2.4314937046e-03,3.4386513739e-03,3.4386513739e-03,4.8629874092e-03,8.1105899756e-09,1.1470106342e-08,0,2.2204460493e-16,inf,9.4391823620e+19,2.9910963958e+12,1.8878364724e+20,5.9821927916e+12,1.6185221276e-19,1.6498696510e-20,-5.9121616355e+00,2025-11-22T13:30:24.757085,1.6180339887e+00
Star_0564,5.8279605860e-01,1.1591813606e+30,7.5533338372e+19,7.5533338372e+16,5.0490199446e+08,7.9836527187e+03,2.4478510021e+03,1.7216533129e+03,1.7216533129e+00,4.3872560060e+16,4.3872560060e+16,2.5824799693e+03,5.1649599387e+03,False,False,1.0000000000e+00,0,1.0000000000e+00,2.0000000000e+00,1.5106667674e+20,1.5106667674e+17,1.0120668887e+00,1.4312787201e+00,1.4312787201e+00,2.0241337775e+00,1.0120668887e-03,1.4312787201e-03,1.4312787201e-03,2.0241337775e-03,3.3758917602e-09,4.7742319124e-09,0,0.0000000000e+00,inf,4.6893141860e+20,1.4859539971e+13,9.3786283720e+20,2.9719079943e+13,1.3560626465e-20,1.3823268568e-21,-1.0242793873e+00,2025-11-22T13:30:24.757085,1.6180339887e+00
Star_0565,4.2722446590e-01,8.4974946268e+29,2.2403482136e+19,2.2403482136e+16,1.4975589663e+08,2.3679824686e+03,7.2604213423e+02,1.2620751397e+03,1.2620751397e+00,1.7751306108e+16,1.7751306108e+16,1.8931127095e+03,3.7862254191e+03,False,False,1.0000000000e+00,0,1.0000000000e+00,2.0000000000e+00,4.4806964272e+19,4.4806964272e+16,1.5910746214e+00,2.2501193083e+00,2.2501193083e+00,3.1821492427e+00,1.5910746214e-03,2.2501193083e-03,2.2501193083e-03,3.1821492427e-03,5.3072536647e-09,7.5055901115e-09,0,2.2204460493e-16,inf,8.8471796292e+19,2.8035020500e+12,1.7694359258e+20,5.6070040999e+12,1.1299665094e-19,1.1518516915e-20,-2.5315184507e+00,2025-11-22T13:30:24.757085,1.6180339887e+00
Star_0566,1.6833176012e+00,3.3481187088e+30,2.0414632481e+19,2.0414632481e+16,1.3646144706e+08,2.1577668831e+03,6.6158837478e+02,4.9727332263e+03,4.9727332263e+00,4.1053142309e+15,4.1053142309e+15,7.4590998394e+03,1.4918199679e+04,False,False,1.0000000000e+00,0,1.0000000000e+00,2.0000000000e+00,4.0829264961e+19,4.0829264961e+16,3.3085103893e+00,4.6789402638e+00,4.6789402638e+00,6.6170207786e+00,3.3085103893e-03,4.6789402638e-03,4.6789402638e-03,6.6170207786e-03,1.1036002745e-08,1.5607264756e-08,0,2.2204460493e-16,inf,3.8769386751e+19,1.2285277319e+12,7.7538773503e+19,2.4570554637e+12,5.3619583926e-19,5.4658087590e-20,-1.0946240996e+01,2025-11-22T13:30:24.757085,1.6180339887e+00
Star_0567,1.4714540440e-01,2.9267220935e+29,4.7131124735e+19,4.7131124735e+16,3.1504762523e+08,4.9816218935e+03,1.5274046322e+03,4.3468614659e+02,4.3468614659e-01,1.0842564251e+17,1.0842564251e+17,6.5202921989e+02,1.3040584398e+03,False,False,1.0000000000e+00,0,1.0000000000e+00,2.0000000000e+00,9.4262249469e+19,9.4262249469e+16,6.4378329435e-01,9.1044706609e-01,9.1044706609e-01,1.2875665887e+00,6.4378329435e-04,9.1044706609e-04,9.1044706609e-04,1.2875665887e-03,2.1474299208e-09,3.0369245183e-09,0,0.0000000000e+00,inf,4.5998955401e+20,1.4576189381e+13,9.1997910801e+20,2.9152378762e+13,8.7936991195e-21,8.9640154123e-22,-4.1445693008e-01,2025-11-22T13:30:24.757085,1.6180339887e+00
Star_0568,1.4032440740e-01,2.7910524632e+29,5.2175597342e+19,5.2175597342e+16,3.4876736191e+08,5.5148078789e+03,1.6908836680e+03,4.1453605822e+02,4.1453605822e-01,1.2586503950e+17,1.2586503950e+17,6.2180408733e+02,1.2436081747e+03,False,False,1.0000000000e+00,0,1.0000000000e+00,2.0000000000e+00,1.0435119468e+20,1.0435119468e+17,5.9752096370e-01,8.4502225067e-01,8.4502225067e-01,1.1950419274e+00,5.9752096370e-04,8.4502225067e-04,8.4502225067e-04,1.1950419274e-03,1.9931153962e-09,2.8186908247e-09,0,0.0000000000e+00,inf,5.4864844337e+20,1.7385620052e+13,1.0972968867e+21,3.4771240105e+13,6.8428790517e-21,6.9754118774e-22,-3.5703130206e-01,2025-11-22T13:30:24.757085,1.6180339887e+00
Star_0569,4.9585009470e-01,9.8624583836e+29,2.4084985938e+19,2.4084985938e+16,1.6099589531e+08,2.5457124975e+03,7.8053556530e+02,1.4648039321e+03,1.4648039321e+00,1.6442464012e+16,1.6442464012e+16,2.1972058981e+03,4.3944117962e+03,False,False,1.0000000000e+00,0,1.0000000000e+00,2.0000000000e+00,4.8169971877e+19,4.8169971877e+16,1.6531880415e+00,2.3379609494e+00,2.3379609494e+00,3.3063760829e+00,1.6531880415e-03,2.3379609494e-03,2.3379609494e-03,3.3063760829e-03,5.5144417324e-09,7.7985982869e-09,0,2.2204460493e-16,inf,9.1538546116e+19,2.9006814877e+12,1.8307709223e+20,5.8013629754e+12,1.1347445697e-19,1.1567222932e-20,-2.7330307004e+00,2025-11-22T13:30:24.757586,1.6180339887e+00
Star_0570,1.6800513810e-01,3.3416221968e+29,9.9528862663e+19,9.9528862663e+16,6.6529988411e+08,1.0519909382e+04,3.2254873339e+03,4.9630843985e+02,4.9630843985e-01,2.0053832390e+17,2.0053832390e+17,7.4446265977e+02,1.4889253195e+03,False,False,1.0000000000e+00,0,1.0000000000e+00,2.0000000000e+00,1.9905772533e+20,1.9905772533e+17,4.7337684925e-01,6.6945596032e-01,6.6945596032e-01,9.4675369850e-01,4.7337684925e-04,6.6945596032e-04,6.6945596032e-04,9.4675369850e-04,1.5790152041e-09,2.2330647168e-09,0,0.0000000000e+00,inf,1.3210580292e+21,4.1861802836e+13,2.6421160583e+21,8.3723605671e+13,2.2514639011e-21,2.2950702356e-22,-2.2408564141e-01,2025-11-22T13:30:24.757586,1.6180339887e+00
Star_0571,1.9609953285e+00,3.9004197084e+30,7.3278789572e+19,7.3278789572e+16,4.8983148110e+08,7.7453535115e+03,2.3747865824e+03,5.7930283743e+03,5.7930283743e+00,1.2649478794e+16,1.2649478794e+16,8.6895425614e+03,1.7379085123e+04,False,False,1.0000000000e+00,0,1.0000000000e+00,2.0000000000e+00,1.4655757914e+20,1.4655757914e+17,1.8848178646e+00,2.6655349867e+00,2.6655349867e+00,3.7696357292e+00,1.8848178646e-03,2.6655349867e-03,2.6655349867e-03,3.7696357292e-03,6.2870756562e-09,8.8912676607e-09,0,2.2204460493e-16,inf,2.4428048068e+20,7.7407813231e+12,4.8856096137e+20,1.5481562646e+13,4.8479763428e-20,4.9418719091e-21,-3.5525383828e+00,2025-11-22T13:30:24.757586,1.6180339887e+00
Star_0572,1.4578033292e+00,2.8995708218e+30,7.1464059489e+19,7.1464059489e+16,4.7770093241e+08,7.5535418549e+03,2.3159756130e+03,4.3065355268e+03,4.3065355268e+00,1.6594327167e+16,1.6594327167e+16,6.4598032903e+03,1.2919606581e+04,False,False,1.0000000000e+00,0,1.0000000000e+00,2.0000000000e+00,1.4292811898e+20,1.4292811898e+17,1.6456060713e+00,2.3272384244e+00,2.3272384244e+00,3.2912121427e+00,1.6456060713e-03,2.3272384244e-03,2.3272384244e-03,3.2912121427e-03,5.4891510024e-09,7.7628317935e-09,0,2.2204460493e-16,inf,2.7286112782e+20,8.6464473793e+12,5.4572225564e+20,1.7292894759e+13,3.7893444081e-20,3.8627363997e-21,-2.7080193421e+00,2025-11-22T13:30:24.757586,1.6180339887e+00
Star_0573,2.3212952670e-01,4.6170562861e+29,8.4015576557e+19,8.4015576557e+16,5.6160144757e+08,8.8802004605e+03,2.7227396233e+03,6.8573999904e+02,6.8573999904e-01,1.2251812155e+17,1.2251812155e+17,1.0286099986e+03,2.0572199971e+03,False,False,1.0000000000e+00,0,1.0000000000e+00,2.0000000000e+00,1.6803115311e+20,1.6803115311e+17,6.0562743468e-01,8.5648653186e-01,8.5648653186e-01,1.2112548694e+00,6.0562743468e-04,8.5648653186e-04,8.5648653186e-04,1.2112548694e-03,2.0201556727e-09,2.8569315505e-09,0,0.0000000000e+00,inf,8.7163395509e+20,2.7620413311e+13,1.7432679102e+21,5.5240826621e+13,4.3656736603e-21,4.4502279922e-22,-3.6678458963e-01,2025-11-22T13:30:24.757586,1.6180339887e+00
Star_0574,3.8284706640e-01,7.6148281507e+29,8.5768553962e+19,8.5768553962e+16,5.7331921097e+08,9.0654850398e+03,2.7795493393e+03,1.1309786854e+03,1.1309786854e+00,7.5835694404e+16,7.5835694404e+16,1.6964680281e+03,3.3929360561e+03,False,False,1.0000000000e+00,0,1.0000000000e+00,2.0000000000e+00,1.7153710792e+20,1.7153710792e+17,7.6978398434e-01,1.0886389508e+00,1.0886389508e+00,1.5395679687e+00,7.6978398434e-04,1.0886389508e-03,1.0886389508e-03,1.5395679687e-03,2.5677229824e-09,3.6313086661e-09,0,0.0000000000e+00,inf,7.0006616016e+20,2.2183757959e+13,1.4001323203e+21,4.4367515917e+13,6.9089118935e-21,7.0427236427e-22,-5.9256738255e-01,2025-11-22T13:30:24.757586,1.6180339887e+00
Star_0575,2.6865067255e+00,5.3434618770e+30,1.8183871345e+19,1.8183871345e+16,1.2154994215e+08,1.9219819623e+03,5.8929485515e+02,7.9362808581e+03,7.9362808581e+00,2.2912333460e+15,2.2912333460e+15,1.1904421287e+04,2.3808842574e+04,False,False,1.0000000000e+00,0,1.0000000000e+00,2.0000000000e+00,3.6367742691e+19,3.6367742691e+16,4.4286467927e+00,6.2630523572e+00,6.2630523572e+00,8.8572935854e+00,4.4286467927e-03,6.2630523572e-03,6.2630523572e-03,8.8572935854e-03,1.4772375604e-08,2.0891293927e-08,0,2.2204460493e-16,inf,2.5798542673e+19,8.1750648569e+11,5.1597085346e+19,1.6350129714e+12,1.0785883843e-18,1.0994784753e-19,-1.9612912415e+01,2025-11-22T13:30:24.757586,1.6180339887e+00
Star_0576,2.9367921480e-01,5.8412795824e+29,4.1781232190e+19,4.1781232190e+16,2.7928631143e+08,4.4161539151e+03,1.3540276822e+03,8.6756556711e+02,8.6756556711e-01,4.8159163727e+16,4.8159163727e+16,1.3013483507e+03,2.6026967013e+03,False,False,1.0000000000e+00,0,1.0000000000e+00,2.0000000000e+00,8.3562464381e+19,8.3562464381e+16,9.6597577823e-01,1.3660960465e+00,1.3660960465e+00,1.9319515565e+00,9.6597577823e-04,1.3660960465e-03,1.3660960465e-03,1.9319515565e-03,3.2221483645e-09,4.5568059170e-09,0,0.0000000000e+00,inf,2.7176584562e+20,8.6117399807e+12,5.4353169123e+20,1.7223479961e+13,2.2333214106e-20,2.2765763615e-21,-9.3310920413e-01,2025-11-22T13:30:24.757586,1.6180339887e+00
Star_0577,2.6988099870e-01,5.3679330641e+29,6.6141117017e+19,6.6141117017e+16,4.4211976616e+08,6.9909224202e+03,2.1434720490e+03,7.9726262496e+02,7.9726262496e-01,8.2960262962e+16,8.2960262962e+16,1.1958939374e+03,2.3917878749e+03,False,False,1.0000000000e+00,0,1.0000000000e+00,2.0000000000e+00,1.3228223403e+20,1.3228223403e+17,7.3598785038e-01,1.0408439998e+00,1.0408439998e+00,1.4719757008e+00,7.3598785038e-04,1.0408439998e-03,1.0408439998e-03,1.4719757008e-03,2.4549912139e-09,3.4718818702e-09,0,0.0000000000e+00,inf,5.6465184096e+20,1.7892737121e+13,1.1293036819e+21,3.5785474241e+13,8.1897334115e-21,8.3483521014e-22,-5.4167811591e-01,2025-11-22T13:30:24.757586,1.6180339887e+00
Star_0578,2.4129542880e-01,4.7993660788e+29,1.9001168662e+19,1.9001168662e+16,1.2701315951e+08,2.0083678958e+03,6.1578146489e+02,7.1281723383e+02,7.1281723383e-01,2.6656438369e+16,2.6656438369e+16,1.0692258507e+03,2.1384517015e+03,False,False,1.0000000000e+00,0,1.0000000000e+00,2.0000000000e+00,3.8002337324e+19,3.8002337324e+16,1.2983884520e+00,1.8361985581e+00,1.8361985581e+00,2.5967769041e+00,1.2983884520e-03,1.8361985581e-03,1.8361985581e-03,2.5967769041e-03,4.3309576922e-09,6.1248991063e-09,0,0.0000000000e+00,inf,9.1950805300e+19,2.9137451929e+12,1.8390161060e+20,5.8274903858e+12,8.8721520363e-20,9.0439878045e-21,-1.6858125724e+00,2025-11-22T13:30:24.757586,1.6180339887e+00
Star_0579,4.4804176870e-01,8.9115507794e+29,4.0175853590e+19,4.0175853590e+16,2.6855517106e+08,4.2464700973e+03,1.3020012830e+03,1.3235720867e+03,1.3235720867e+00,3.0354110663e+16,3.0354110663e+16,1.9853581300e+03,3.9707162601e+03,False,False,1.0000000000e+00,0,1.0000000000e+00,2.0000000000e+00,8.0351707181e+19,8.0351707181e+16,1.2167376548e+00,1.7207268933e+00,1.7207268933e+00,2.4334753097e+00,1.2167376548e-03,1.7207268933e-03,1.7207268933e-03,2.4334753097e-03,4.0585999493e-09,5.7397270925e-09,0,0.0000000000e+00,inf,2.0746652492e+20,6.5742174600e+12,4.1493304983e+20,1.3148434920e+13,3.6849261145e-20,3.7562957335e-21,-1.4804505207e+00,2025-11-22T13:30:24.757586,1.6180339887e+00
Star_0580,1.6766522070e-01,3.3348612397e+29,6.9978823973e+19,6.9978823973e+16,4.6777288752e+08,7.3965568093e+03,2.2678427577e+03,4.9530428083e+02,4.9530428083e-01,1.4128451274e+17,1.4128451274e+17,7.4295642124e+02,1.4859128425e+03,False,False,1.0000000000e+00,0,1.0000000000e+00,2.0000000000e+00,1.3995764795e+20,1.3995764795e+17,5.6397314704e-01,7.9757847335e-01,7.9757847335e-01,1.1279462941e+00,5.6397314704e-04,7.9757847335e-04,7.9757847335e-04,1.1279462941e-03,1.8812119251e-09,2.6604354181e-09,0,0.0000000000e+00,inf,7.7962917368e+20,2.4704957718e+13,1.5592583474e+21,4.9409915436e+13,4.5451708463e-21,4.6332016781e-22,-3.1806571058e-01,2025-11-22T13:30:24.758724,1.6180339887e+00
Star_0581,2.3505546680e-01,4.6752532347e+29,8.8046438514e+19,8.8046438514e+16,5.8854571199e+08,9.3062507678e+03,2.8533700137e+03,6.9438359638e+02,6.9438359638e-01,1.2679798165e+17,1.2679798165e+17,1.0415753946e+03,2.0831507892e+03,False,False,1.0000000000e+00,0,1.0000000000e+00,2.0000000000e+00,1.7609287703e+20,1.7609287703e+17,5.9531871384e-01,8.4190779904e-01,8.4190779904e-01,1.1906374277e+00,5.9531871384e-04,8.4190779904e-04,8.4190779904e-04,1.1906374277e-03,1.9857694814e-09,2.8083021323e-09,0,0.0000000000e+00,inf,9.2927044953e+20,2.9446803608e+13,1.8585408991e+21,5.8893607215e+13,4.0251982593e-21,4.1031582664e-22,-3.5440437104e-01,2025-11-22T13:30:24.758724,1.6180339887e+00
Star_0582,1.0696047700e-01,2.1274438875e+29,2.0316721138e+19,2.0316721138e+16,1.3580695948e+08,2.1474179409e+03,6.5841530733e+02,3.1597478545e+02,3.1597478545e-01,6.4298551891e+16,6.4298551891e+16,4.7396217817e+02,9.4792435634e+02,False,False,1.0000000000e+00,0,1.0000000000e+00,2.0000000000e+00,4.0633442277e+19,4.0633442277e+16,8.3599775098e-01,1.1822793575e+00,1.1822793575e+00,1.6719955020e+00,8.3599775098e-04,1.1822793575e-03,1.1822793575e-03,1.6719955020e-03,2.7885883339e-09,3.9436594417e-09,0,0.0000000000e+00,inf,1.5269625259e+20,4.8386522609e+12,3.0539250518e+20,9.6773045218e+12,3.4399853937e-20,3.5066110027e-21,-6.9889223964e-01,2025-11-22T13:30:24.758724,1.6180339887e+00
Star_0583,1.6921084468e+00,3.3656037007e+30,5.1267833997e+19,5.1267833997e+16,3.4269942511e+08,5.4188599510e+03,1.6614652752e+03,4.9987024967e+03,4.9987024967e+00,1.0256228297e+16,1.0256228297e+16,7.4980537451e+03,1.4996107490e+04,False,False,1.0000000000e+00,0,1.0000000000e+00,2.0000000000e+00,1.0253566799e+20,1.0253566799e+17,2.0932054913e+00,2.9602395946e+00,2.9602395946e+00,4.1864109826e+00,2.0932054913e-03,2.9602395946e-03,2.9602395946e-03,4.1864109826e-03,6.9821819576e-09,9.8742964195e-09,0,2.2204460493e-16,inf,1.5389091164e+20,4.8765087218e+12,3.0778182328e+20,9.7530174435e+12,8.5463123506e-20,8.7118372585e-21,-4.3815092287e+00,2025-11-22T13:30:24.758724,1.6180339887e+00
Star_0584,1.8914344400e+00,3.7620631012e+30,1.7584516090e+19,1.7584516090e+16,1.1754355675e+08,1.8586318666e+03,5.6987121527e+02,5.5875367064e+03,5.5875367064e+00,3.1470962991e+15,3.1470962991e+15,8.3813050595e+03,1.6762610119e+04,False,False,1.0000000000e+00,0,1.0000000000e+00,2.0000000000e+00,3.5169032179e+19,3.5169032179e+16,3.7787720028e+00,5.3439906154e+00,5.3439906154e+00,7.5575440055e+00,3.7787720028e-03,5.3439906154e-03,5.3439906154e-03,7.5575440055e-03,1.2604626641e-08,1.7825633944e-08,0,2.2204460493e-16,inf,2.9238803783e+19,9.2652178184e+11,5.8477607565e+19,1.8530435637e+12,8.1202791002e-19,8.2775525996e-20,-1.4279117849e+01,2025-11-22T13:30:24.758724,1.6180339887e+00
Star_0585,1.4014824065e+00,2.7875485065e+30,9.3318571063e+19,9.3318571063e+16,6.2378723972e+08,9.8634997424e+03,3.0242269522e+03,4.1401563935e+03,4.1401563935e+00,2.2539866177e+16,2.2539866177e+16,6.2102345902e+03,1.2420469180e+04,False,False,1.0000000000e+00,0,1.0000000000e+00,2.0000000000e+00,1.8663714213e+20,1.8663714213e+17,1.4119848550e+00,1.9968481318e+00,1.9968481318e+00,2.8239697099e+00,1.4119848550e-03,1.9968481318e-03,1.9968481318e-03,2.8239697099e-03,4.7098745058e-09,6.6607684032e-09,0,0.0000000000e+00,inf,4.1525790629e+20,1.3158729000e+13,8.3051581258e+20,2.6317458000e+13,2.1364463771e-20,2.1778250532e-21,-1.9937012307e+00,2025-11-22T13:30:24.759236,1.6180339887e+00
Star_0586,1.6229198850e-01,3.2279876513e+29,9.6526190575e+19,9.6526190575e+16,6.4522854662e+08,1.0202535734e+04,3.1281780657e+03,4.7943107290e+02,4.7943107290e-01,2.0133486549e+17,2.0133486549e+17,7.1914660935e+02,1.4382932187e+03,False,False,1.0000000000e+00,0,1.0000000000e+00,2.0000000000e+00,1.9305238115e+20,1.9305238115e+17,4.7243951027e-01,6.6813036282e-01,6.6813036282e-01,9.4487902054e-01,4.7243951027e-04,6.6813036282e-04,6.6813036282e-04,9.4487902054e-04,1.5758885778e-09,2.2286429995e-09,0,0.0000000000e+00,inf,1.2837451762e+21,4.0679429876e+13,2.5674903525e+21,8.1358859751e+13,2.3123163727e-21,2.3571012974e-22,-2.2319909086e-01,2025-11-22T13:30:24.759236,1.6180339887e+00
Star_0587,4.7363148070e-01,9.4205301511e+29,1.2380226838e+19,1.2380226838e+16,8.2755526990e+07,1.3085537298e+03,4.0121291239e+02,1.3991673344e+03,1.3991673344e+00,8.8482817837e+15,8.8482817837e+15,2.0987510017e+03,4.1975020033e+03,False,False,1.0000000000e+00,0,1.0000000000e+00,2.0000000000e+00,2.4760453675e+19,2.4760453675e+16,2.2535968799e+00,3.1870672717e+00,3.1870672717e+00,4.5071937598e+00,2.2535968799e-03,3.1870672717e-03,3.1870672717e-03,4.5071937598e-03,7.5171900419e-09,1.0630912108e-08,0,2.2204460493e-16,inf,3.4516936041e+19,1.0937757003e+12,6.9033872081e+19,2.1875514007e+12,4.1022664316e-19,4.1817190944e-20,-5.0786988972e+00,2025-11-22T13:30:24.759236,1.6180339887e+00
Star_0588,4.4806345410e-01,8.9119821020e+29,2.1321556815e+19,2.1321556815e+16,1.4252377550e+08,2.2536261299e+03,6.9097957725e+02,1.3236361481e+03,1.3236361481e+00,1.6108321645e+16,1.6108321645e+16,1.9854542222e+03,3.9709084443e+03,False,False,1.0000000000e+00,0,1.0000000000e+00,2.0000000000e+00,4.2643113630e+19,4.2643113630e+16,1.6702464550e+00,2.3620851892e+00,2.3620851892e+00,3.3404929100e+00,1.6702464550e-03,2.3620851892e-03,2.3620851892e-03,3.3404929100e-03,5.5713424752e-09,7.8790680891e-09,0,2.2204460493e-16,inf,8.0208098694e+19,2.5416412748e+12,1.6041619739e+20,5.0832825496e+12,1.3084050310e-19,1.3337462089e-20,-2.7897232205e+00,2025-11-22T13:30:24.759236,1.6180339887e+00
Star_0589,6.9544059580e-01,1.3832313450e+30,6.3982519434e+19,6.3982519434e+16,4.2769063793e+08,6.7627649756e+03,2.0735171739e+03,2.0544195315e+03,2.0544195315e+00,3.1143843043e+16,3.1143843043e+16,3.0816292973e+03,6.1632585945e+03,False,False,1.0000000000e+00,0,1.0000000000e+00,2.0000000000e+00,1.2796503887e+20,1.2796503887e+17,1.2012118396e+00,1.6987700748e+00,1.6987700748e+00,2.4024236791e+00,1.2012118396e-03,1.6987700748e-03,1.6987700748e-03,2.4024236791e-03,4.0068114040e-09,5.6664870295e-09,0,0.0000000000e+00,inf,3.3467371265e+20,1.0605169995e+13,6.6934742530e+20,2.1210339991e+13,2.2551626542e-20,2.2988406261e-21,-1.4429098835e+00,2025-11-22T13:30:24.759236,1.6180339887e+00
Star_0590,4.4244605180e-01,8.8002519703e+29,2.2238013768e+19,2.2238013768e+16,1.4864982465e+08,2.3504929466e+03,7.2067970858e+02,1.3070416308e+03,1.3070416308e+00,1.7014005708e+16,1.7014005708e+16,1.9605624462e+03,3.9211248924e+03,False,False,1.0000000000e+00,0,1.0000000000e+00,2.0000000000e+00,4.4476027535e+19,4.4476027535e+16,1.6251835509e+00,2.2983566190e+00,2.2983566190e+00,3.2503671017e+00,1.6251835509e-03,2.2983566190e-03,2.2983566190e-03,3.2503671017e-03,5.4210288067e-09,7.6664924605e-09,0,2.2204460493e-16,inf,8.5975249559e+19,2.7243912579e+12,1.7195049912e+20,5.4487825157e+12,1.1877057014e-19,1.2107091758e-20,-2.6412215740e+00,2025-11-22T13:30:24.759236,1.6180339887e+00
Star_0591,1.7175714460e-01,3.4162496061e+29,9.4740443586e+19,9.4740443586e+16,6.3329173520e+08,1.0013787505e+04,3.0703063676e+03,5.0739234188e+02,5.0739234188e-01,1.8672028678e+17,1.8672028678e+17,7.6108851283e+02,1.5221770257e+03,False,False,1.0000000000e+00,0,1.0000000000e+00,2.0000000000e+00,1.8948088717e+20,1.8948088717e+17,4.9058012804e-01,6.9378507051e-01,6.9378507051e-01,9.8116025608e-01,4.9058012804e-04,6.9378507051e-04,6.9378507051e-04,9.8116025608e-04,1.6363991653e-09,2.3142178931e-09,0,0.0000000000e+00,inf,1.2134037420e+21,3.8450444331e+13,2.4268074841e+21,7.6900888663e+13,2.5402969727e-21,2.5894974237e-22,-2.4066886203e-01,2025-11-22T13:30:24.759732,1.6180339887e+00
Star_0592,3.3869304990e-01,6.7366047625e+29,8.2256500474e+19,8.2256500474e+16,5.4984291761e+08,8.6942712688e+03,2.6657322641e+03,1.0005421327e+03,1.0005421327e+00,8.2211930696e+16,8.2211930696e+16,1.5008131991e+03,3.0016263982e+03,False,False,1.0000000000e+00,0,1.0000000000e+00,2.0000000000e+00,1.6451300095e+20,1.6451300095e+17,7.3932991883e-01,1.0455703983e+00,1.0455703983e+00,1.4786598377e+00,7.3932991883e-04,1.0455703983e-03,1.0455703983e-03,1.4786598377e-03,2.4661391543e-09,3.4876474387e-09,0,0.0000000000e+00,inf,6.9905575580e+20,2.2151740177e+13,1.3981115116e+21,4.4303480354e+13,6.6451736426e-21,6.7738773115e-22,-5.4660872888e-01,2025-11-22T13:30:24.759732,1.6180339887e+00
Star_0593,1.8003561235e+00,3.5809083296e+30,7.4924465972e+19,7.4924465972e+16,5.0083199179e+08,7.9192966887e+03,2.4281189348e+03,5.3184798330e+03,5.3184798330e+00,1.4087571698e+16,1.4087571698e+16,7.9777197495e+03,1.5955439499e+04,False,False,1.0000000000e+00,0,1.0000000000e+00,2.0000000000e+00,1.4984893194e+20,1.4984893194e+17,1.7860254184e+00,2.5258213695e+00,2.5258213695e+00,3.5720508369e+00,1.7860254184e-03,2.5258213695e-03,2.5258213695e-03,3.5720508369e-03,5.9575395270e-09,8.4252331974e-09,0,2.2204460493e-16,inf,2.6358208505e+20,8.3524122573e+12,5.2716417010e+20,1.6704824515e+13,4.2574701787e-20,4.3399288264e-21,-3.1898867953e+00,2025-11-22T13:30:24.759732,1.6180339887e+00
Star_0594,1.3860465140e-01,2.7568465163e+29,5.8617124086e+19,5.8617124086e+16,3.9182569576e+08,6.1956583962e+03,1.8996378159e+03,4.0945568135e+02,4.0945568135e-01,1.4315865368e+17,1.4315865368e+17,6.1418352203e+02,1.2283670441e+03,False,False,1.0000000000e+00,0,1.0000000000e+00,2.0000000000e+00,1.1723424817e+20,1.1723424817e+17,5.6026939861e-01,7.9234058210e-01,7.9234058210e-01,1.1205387972e+00,5.6026939861e-04,7.9234058210e-04,7.9234058210e-04,1.1205387972e-03,1.8688575502e-09,2.6429636936e-09,0,0.0000000000e+00,inf,6.5736635575e+20,2.0830682807e+13,1.3147327115e+21,4.1661365614e+13,5.3551211172e-21,5.4588390593e-22,-3.1390179902e-01,2025-11-22T13:30:24.759732,1.6180339887e+00
Star_0595,2.8281510540e-01,5.6251924464e+29,1.3979628607e+19,1.3979628607e+16,9.3446715289e+07,1.4776058141e+03,4.5304561711e+02,8.3547161303e+02,8.3547161303e-01,1.6732619504e+16,1.6732619504e+16,1.2532074195e+03,2.5064148391e+03,False,False,1.0000000000e+00,0,1.0000000000e+00,2.0000000000e+00,2.7959257214e+19,2.7959257214e+16,1.6387916309e+00,2.3176013503e+00,2.3176013503e+00,3.2775832617e+00,1.6387916309e-03,2.3176013503e-03,2.3176013503e-03,3.2775832617e-03,5.4664204757e-09,7.7306859744e-09,0,2.2204460493e-16,inf,5.3598392504e+19,1.6984305684e+12,1.0719678501e+20,3.3968611367e+12,1.9211082675e-19,1.9583162768e-20,-2.6856380094e+00,2025-11-22T13:30:24.759732,1.6180339887e+00
Star_0596,2.2551720990e-01,4.4855373049e+29,8.0294840906e+18,8.0294840906e+15,5.3673021996e+07,8.4869295958e+02,2.6021596690e+02,6.6620637839e+02,6.6620637839e-01,1.2052547605e+16,1.2052547605e+16,9.9930956758e+02,1.9986191352e+03,False,False,1.0000000000e+00,0,1.0000000000e+00,2.0000000000e+00,1.6058968181e+19,1.6058968181e+16,1.9309288764e+00,2.7307458050e+00,2.7307458050e+00,3.8618577528e+00,1.9309288764e-03,2.7307458050e-03,2.7307458050e-03,3.8618577528e-03,6.4408854355e-09,9.1087875365e-09,0,2.2204460493e-16,inf,2.6127703137e+19,8.2793695140e+11,5.2255406275e+19,1.6558739028e+12,4.6434942565e-19,4.7334294154e-20,-3.7284863257e+00,2025-11-22T13:30:24.759732,1.6180339887e+00
Star_0597,8.0698914020e-01,1.6051013999e+30,2.3335559406e+19,2.3335559406e+16,1.5598635966e+08,2.4665003071e+03,7.5624848189e+02,2.3839480487e+03,2.3839480487e+00,9.7886191012e+15,9.7886191012e+15,3.5759220731e+03,7.1518441461e+03,False,False,1.0000000000e+00,0,1.0000000000e+00,2.0000000000e+00,4.6671118811e+19,4.6671118811e+16,2.1426191906e+00,3.0301211184e+00,3.0301211184e+00,4.2852383812e+00,2.1426191906e-03,3.0301211184e-03,3.0301211184e-03,4.2852383812e-03,7.1470083167e-09,1.0107396092e-08,0,2.2204460493e-16,inf,6.8431032745e+19,2.1684485748e+12,1.3686206549e+20,4.3368971497e+12,1.9673053112e-19,2.0054080645e-20,-4.5908169960e+00,2025-11-22T13:30:24.760231,1.6180339887e+00
Star_0598,1.7900439067e+01,3.5603973304e+31,2.3213121478e+19,2.3213121478e+16,1.5516792432e+08,2.4535589766e+03,7.5228056770e+02,5.2880162394e+04,5.2880162394e+01,4.3897598696e+14,4.3897598696e+14,7.9320243591e+04,1.5864048718e+05,False,False,1.0000000000e+00,0,1.0000000000e+00,2.0000000000e+00,4.6426242955e+19,4.6426242955e+16,1.0117782125e+01,1.4308704702e+01,1.4308704702e+01,2.0235564250e+01,1.0117782125e-02,1.4308704702e-02,1.4308704702e-02,2.0235564250e-02,3.3749288399e-08,4.7728701374e-08,0,1.3322676296e-15,inf,1.4415446192e+19,4.5679792481e+11,2.8830892384e+19,9.1359584961e+11,4.4099848969e-18,4.4953974484e-19,-1.0236951513e+02,2025-11-22T13:30:24.760231,1.6180339887e+00
Star_0599,2.6992135090e-01,5.3687356694e+29,5.4308940558e+18,5.4308940558e+15,3.6302767752e+07,5.7402960107e+02,1.7600201108e+02,7.9738183047e+02,7.9738183047e-01,6.8109077085e+15,6.8109077085e+15,1.1960727457e+03,2.3921454914e+03,False,False,1.0000000000e+00,0,1.0000000000e+00,2.0000000000e+00,1.0861788112e+19,1.0861788112e+16,2.5686397995e+00,3.6326052413e+00,3.6326052413e+00,5.1372795990e+00,2.5686397995e-03,3.6326052413e-03,3.6326052413e-03,5.1372795990e-03,8.5680601061e-09,1.2117066805e-08,0,2.2204460493e-16,inf,1.3284584994e+19,4.2096309587e+11,2.6569169988e+19,8.4192619174e+11,1.2148847596e-18,1.2384146378e-19,-6.5979104196e+00,2025-11-22T13:30:24.760231,1.6180339887e+00
Star_0600,4.5577094800e-01,9.0652841557e+29,2.9644104605e+19,2.9644104605e+16,1.9815577945e+08,3.1332950645e+03,9.6069302282e+02,1.3464050605e+03,1.3464050605e+00,2.2017226075e+16,2.2017226075e+16,2.0196075908e+03,4.0392151815e+03,False,False,1.0000000000e+00,0,1.0000000000e+00,2.0000000000e+00,5.9288209211e+19,5.9288209211e+16,1.4286452586e+00,2.0204095005e+00,2.0204095005e+00,2.8572905172e+00,1.4286452586e-03,2.0204095005e-03,2.0204095005e-03,2.8572905172e-03,4.7654476305e-09,6.7393606698e-09,0,0.0000000000e+00,inf,1.3037484384e+20,4.1313295005e+12,2.6074968769e+20,8.2626590010e+12,6.8851034704e-20,7.0184540982e-21,-2.0410272749e+00,2025-11-22T13:30:24.760231,1.6180339887e+00
Star_0601,3.1319295360e-01,6.2294078471e+29,1.7918466140e+19,1.7918466140e+16,1.1977584318e+08,1.8939294092e+03,5.8069372072e+02,9.2521162109e+02,9.2521162109e-01,1.9366883999e+16,1.9366883999e+16,1.3878174316e+03,2.7756348633e+03,False,False,1.0000000000e+00,0,1.0000000000e+00,2.0000000000e+00,3.5836932280e+19,3.5836932280e+16,1.5232662838e+00,2.1542238376e+00,2.1542238376e+00,3.0465325676e+00,1.5232662838e-03,2.1542238376e-03,2.1542238376e-03,3.0465325676e-03,5.0810693970e-09,7.1857172526e-09,0,0.0000000000e+00,inf,7.3910283696e+19,2.3420755601e+12,1.4782056739e+20,4.6841511202e+12,1.2949435254e-19,1.3200239810e-20,-2.3203401713e+00,2025-11-22T13:30:24.760231,1.6180339887e+00
Star_0602,1.5235851640e-01,3.0304108912e+29,1.5507895814e+20,1.5507895814e+17,1.0366240517e+09,1.6391391834e+04,5.0257302440e+03,4.5008633919e+02,4.5008633919e-01,3.4455379921e+17,3.4455379921e+17,6.7512950878e+02,1.3502590176e+03,False,False,1.0000000000e+00,0,1.0000000000e+00,2.0000000000e+00,3.1015791628e+20,3.1015791628e+17,3.6114132208e-01,5.1073095562e-01,5.1073095562e-01,7.2228264416e-01,3.6114132208e-04,5.1073095562e-04,5.1073095562e-04,7.2228264416e-04,1.2046377834e-09,1.7036150910e-09,0,0.0000000000e+00,inf,2.6980845770e+21,8.5497141006e+13,5.3961691540e+21,1.7099428201e+14,8.4101064438e-22,8.5729933168e-23,-1.3042305451e-01,2025-11-22T13:30:24.760731,1.6180339887e+00
Star_0603,1.0826199676e+00,2.1533311156e+30,2.0319316124e+19,2.0319316124e+16,1.3582430564e+08,2.1476922233e+03,6.5849940449e+02,3.1981963953e+03,3.1981963953e+00,6.3533672148e+15,6.3533672148e+15,4.7972945930e+03,9.5945891860e+03,False,False,1.0000000000e+00,0,1.0000000000e+00,2.0000000000e+00,4.0638632249e+19,4.0638632249e+16,2.6595228516e+00,3.7611332862e+00,3.7611332862e+00,5.3190457032e+00,2.6595228516e-03,3.7611332862e-03,3.7611332862e-03,5.3190457032e-03,8.8712133365e-09,1.2545790215e-08,0,2.2204460493e-16,inf,4.8004862394e+19,1.5211822950e+12,9.6009724788e+19,3.0423645901e+12,3.4809546517e-19,3.5483737530e-20,-7.0730617982e+00,2025-11-22T13:30:24.760731,1.6180339887e+00
Star_0604,3.3164917030e-01,6.5965019973e+29,3.9195572833e+19,3.9195572833e+16,2.6200249220e+08,4.1428572913e+03,1.2702327781e+03,9.7973362095e+02,9.7973362095e-01,4.0006356825e+16,4.0006356825e+16,1.4696004314e+03,2.9392008628e+03,False,False,1.0000000000e+00,0,1.0000000000e+00,2.0000000000e+00,7.8391145667e+19,7.8391145667e+16,1.0598421880e+00,1.4988431962e+00,1.4988431962e+00,2.1196843759e+00,1.0598421880e-03,1.4988431962e-03,1.4988431962e-03,2.1196843759e-03,3.5352530048e-09,4.9996027458e-09,0,0.0000000000e+00,inf,2.3236765825e+20,7.3632867599e+12,4.6473531651e+20,1.4726573520e+13,2.8657967780e-20,2.9213015066e-21,-1.1232654634e+00,2025-11-22T13:30:24.760731,1.6180339887e+00
Star_0605,6.8243386300e-01,1.3573609535e+30,1.9590640596e+19,1.9590640596e+16,1.3095347992e+08,2.0706733533e+03,6.3488481044e+02,2.0159959968e+03,2.0159959968e+00,9.7175989572e+15,9.7175989572e+15,3.0239939951e+03,6.0479879903e+03,False,False,1.0000000000e+00,0,1.0000000000e+00,2.0000000000e+00,3.9181281192e+19,3.9181281192e+16,2.1504345011e+00,3.0411736365e+00,3.0411736365e+00,4.3008690022e+00,2.1504345011e-03,3.0411736365e-03,3.0411736365e-03,4.3008690022e-03,7.1730773865e-09,1.0144263324e-08,0,2.2204460493e-16,inf,5.7240350769e+19,1.8138372617e+12,1.1448070154e+20,3.6276745234e+12,2.3604988928e-19,2.4062170161e-20,-4.6243685436e+00,2025-11-22T13:30:24.760731,1.6180339887e+00
Star_0606,4.8950805000e-01,9.7363151145e+29,2.1771819969e+19,2.1771819969e+16,1.4553355594e+08,2.3012176270e+03,7.0557150626e+02,1.4460687294e+03,1.4460687294e+00,1.5055868041e+16,1.5055868041e+16,2.1691030941e+03,4.3382061883e+03,False,False,1.0000000000e+00,0,1.0000000000e+00,2.0000000000e+00,4.3543639938e+19,4.3543639938e+16,1.7276382280e+00,2.4432494129e+00,2.4432494129e+00,3.4552764560e+00,1.7276382280e-03,2.4432494129e-03,2.4432494129e-03,3.4552764560e-03,5.7627808235e-09,8.1498027976e-09,0,2.2204460493e-16,inf,7.9181148646e+19,2.5090991915e+12,1.5836229729e+20,5.0181983830e+12,1.3709160976e-19,1.3974679894e-20,-2.9847338469e+00,2025-11-22T13:30:24.760731,1.6180339887e+00
Star_0607,4.9522739360e-01,9.8500728587e+29,3.8916212141e+18,3.8916212141e+15,2.6013510789e+07,4.1133296841e+02,1.2611793804e+02,1.4629643942e+03,1.4629643942e+00,2.6600929110e+15,2.6600929110e+15,2.1944465913e+03,4.3888931827e+03,False,False,1.0000000000e+00,0,1.0000000000e+00,2.0000000000e+00,7.7832424282e+18,7.7832424282e+15,4.1101465025e+00,5.8126249272e+00,5.8126249272e+00,8.2202930050e+00,4.1101465025e-03,5.8126249272e-03,5.8126249272e-03,8.2202930050e-03,1.3709972992e-08,1.9388829746e-08,0,2.2204460493e-16,inf,5.9491254676e+18,1.8851641023e+11,1.1898250935e+19,3.7703282047e+11,4.3409425899e-18,4.4250179306e-19,-1.6893304272e+01,2025-11-22T13:30:24.760731,1.6180339887e+00
Star_0608,4.7727201320e-01,9.4929403425e+29,4.6037387327e+19,4.6037387327e+16,3.0773654630e+08,4.8660170518e+03,1.4919592743e+03,1.4099219282e+03,1.4099219282e+00,3.2652437278e+16,3.2652437278e+16,2.1148828923e+03,4.2297657845e+03,False,False,1.0000000000e+00,0,1.0000000000e+00,2.0000000000e+00,9.2074774654e+19,9.2074774654e+16,1.1731347600e+00,1.6590630881e+00,1.6590630881e+00,2.3462695201e+00,1.1731347600e-03,1.6590630881e-03,1.6590630881e-03,2.3462695201e-03,3.9131563478e-09,5.5340387787e-09,0,0.0000000000e+00,inf,2.4657136203e+20,7.8133749726e+12,4.9314272407e+20,1.5626749945e+13,2.9894076209e-20,3.0473064433e-21,-1.3762451652e+00,2025-11-22T13:30:24.761233,1.6180339887e+00
Star_0609,1.9871719910e-01,3.9524850901e+29,3.8270535169e+18,3.8270535169e+15,2.5581908536e+07,4.0450835186e+02,1.2402545669e+02,5.8703575481e+02,5.8703575481e-01,6.5192852149e+15,6.5192852149e+15,8.8055363221e+02,1.7611072644e+03,False,False,1.0000000000e+00,0,1.0000000000e+00,2.0000000000e+00,7.6541070339e+18,7.6541070339e+15,2.6254618637e+00,3.7129637752e+00,3.7129637752e+00,5.2509237275e+00,2.6254618637e-03,3.7129637752e-03,3.7129637752e-03,5.2509237275e-03,8.7575981105e-09,1.2385114022e-08,0,2.2204460493e-16,inf,9.1588024033e+18,2.9022493483e+11,1.8317604807e+19,5.8044986966e+11,1.8011376030e-18,1.8360220214e-19,-6.8930499979e+00,2025-11-22T13:30:24.761233,1.6180339887e+00
Star_0610,9.8244896350e-01,1.9540909884e+30,3.0267595203e+19,3.0267595203e+16,2.0232349735e+08,3.1991961952e+03,9.8089883019e+02,2.9022785721e+03,2.9022785721e+00,1.0428907650e+16,1.0428907650e+16,4.3534178581e+03,8.7068357162e+03,False,False,1.0000000000e+00,0,1.0000000000e+00,2.0000000000e+00,6.0535190406e+19,6.0535190406e+16,2.0758037598e+00,2.9356298300e+00,2.9356298300e+00,4.1516075196e+00,2.0758037598e-03,2.9356298300e-03,2.9356298300e-03,4.1516075196e-03,6.9241360295e-09,9.7922070807e-09,0,2.2204460493e-16,inf,9.1616034784e+19,2.9031369554e+12,1.8323206957e+20,5.8062739108e+12,1.4236219364e-19,1.4511946344e-20,-4.3089612493e+00,2025-11-22T13:30:24.761233,1.6180339887e+00
Star_0611,1.7182240363e+00,3.4175476082e+30,8.1970701828e+19,8.1970701828e+16,5.4793249885e+08,8.6640631887e+03,2.6564702281e+03,5.0758512532e+03,5.0758512532e+00,1.6149153657e+16,1.6149153657e+16,7.6137768798e+03,1.5227553760e+04,False,False,1.0000000000e+00,0,1.0000000000e+00,2.0000000000e+00,1.6394140366e+20,1.6394140366e+17,1.6681335676e+00,2.3590971151e+00,2.3590971151e+00,3.3362671352e+00,1.6681335676e-03,2.3590971151e-03,2.3590971151e-03,3.3362671352e-03,5.5642946414e-09,7.8691009470e-09,0,2.2204460493e-16,inf,3.0875052175e+20,9.7837136459e+12,6.1750104350e+20,1.9567427292e+13,3.3947124244e-20,3.4604611870e-21,-2.7826695993e+00,2025-11-22T13:30:24.761233,1.6180339887e+00
Star_0612,4.4539360350e-01,8.8588787736e+29,3.1517187248e+19,3.1517187248e+16,2.1067638535e+08,3.3312744159e+03,1.0213950562e+03,1.3157490716e+03,1.3157490716e+00,2.3953797825e+16,2.3953797825e+16,1.9736236073e+03,3.9472472147e+03,False,False,1.0000000000e+00,0,1.0000000000e+00,2.0000000000e+00,6.3034374497e+19,6.3034374497e+16,1.3696781108e+00,1.9370173604e+00,1.9370173604e+00,2.7393562216e+00,1.3696781108e-03,1.9370173604e-03,1.9370173604e-03,2.7393562216e-03,4.5687543975e-09,6.4611944321e-09,0,0.0000000000e+00,inf,1.4458019463e+20,4.5814699036e+12,2.8916038926e+20,9.1629398072e+12,5.9523653316e-20,6.0676506948e-21,-1.8760181273e+00,2025-11-22T13:30:24.761233,1.6180339887e+00
Star_0613,1.0834593950e-01,2.1550007367e+29,9.5032702151e+18,9.5032702151e+15,6.3524533524e+07,1.0044678380e+03,3.0797777539e+02,3.2006761701e+02,3.2006761701e-01,2.9691445526e+16,2.9691445526e+16,4.8010142551e+02,9.6020285103e+02,False,False,1.0000000000e+00,0,1.0000000000e+00,2.0000000000e+00,1.9006540430e+19,1.9006540430e+16,1.2302405401e+00,1.7398228569e+00,1.7398228569e+00,2.4604810803e+00,1.2302405401e-03,1.7398228569e-03,1.7398228569e-03,2.4604810803e-03,4.1036407265e-09,5.8034243705e-09,0,0.0000000000e+00,inf,4.8535880454e+19,1.5380092419e+12,9.7071760907e+19,3.0760184839e+12,1.5926010230e-19,1.6234465066e-20,-1.5134917866e+00,2025-11-22T13:30:24.761233,1.6180339887e+00
Star_0614,1.1942599126e+00,2.3753829662e+30,7.4534849452e+19,7.4534849452e+16,4.9822760329e+08,7.8781153633e+03,2.4154924151e+03,3.5279949214e+03,3.5279949214e+00,2.1126688420e+16,2.1126688420e+16,5.2919923822e+03,1.0583984764e+04,False,False,1.0000000000e+00,0,1.0000000000e+00,2.0000000000e+00,1.4906969890e+20,1.4906969890e+17,1.4584447835e+00,2.0625523928e+00,2.0625523928e+00,2.9168895670e+00,1.4584447835e-03,2.0625523928e-03,2.0625523928e-03,2.9168895670e-03,4.8648481460e-09,6.8799342270e-09,0,0.0000000000e+00,inf,3.2110661730e+20,1.0175254687e+13,6.4221323461e+20,2.0350509374e+13,2.8537807510e-20,2.9090527534e-21,-2.1270611865e+00,2025-11-22T13:30:24.761737,1.6180339887e+00
Star_0615,4.2379946100e-01,8.4293712793e+29,3.1246669634e+19,3.1246669634e+16,2.0886811253e+08,3.3026814961e+03,1.0126282411e+03,1.2519572418e+03,1.2519572418e+00,2.4958256234e+16,2.4958256234e+16,1.8779358626e+03,3.7558717253e+03,False,False,1.0000000000e+00,0,1.0000000000e+00,2.0000000000e+00,6.2493339268e+19,6.2493339268e+16,1.3418333620e+00,1.8976389390e+00,1.8976389390e+00,2.6836667241e+00,1.3418333620e-03,1.8976389390e-03,1.8976389390e-03,2.6836667241e-03,4.4758743132e-09,6.3298421571e-09,0,0.0000000000e+00,inf,1.4631370862e+20,4.6364016470e+12,2.9262741723e+20,9.2728032940e+12,5.7622677634e-20,5.8738713185e-21,-1.8005167715e+00,2025-11-22T13:30:24.761737,1.6180339887e+00
Star_0616,4.8954695810e-01,9.7370889966e+29,9.7876088265e+19,9.7876088265e+16,6.5425192690e+08,1.0345215967e+04,3.1719249527e+03,1.4461836689e+03,1.4461836689e+00,6.7678878120e+16,6.7678878120e+16,2.1692755033e+03,4.3385510066e+03,False,False,1.0000000000e+00,0,1.0000000000e+00,2.0000000000e+00,1.9575217653e+20,1.9575217653e+17,8.1485273880e-01,1.1523757946e+00,1.1523757946e+00,1.6297054776e+00,8.1485273880e-04,1.1523757946e-03,1.1523757946e-03,1.6297054776e-03,2.7180561654e-09,3.8439118924e-09,0,0.0000000000e+00,inf,7.5470520061e+20,2.3915164671e+13,1.5094104012e+21,4.7830329341e+13,6.7839346434e-21,6.9153258342e-22,-6.6398498594e-01,2025-11-22T13:30:24.761737,1.6180339887e+00
Star_0617,4.5648257500e-01,9.0794384167e+29,3.8295561107e+19,3.8295561107e+16,2.5598637103e+08,4.0477286869e+03,1.2410655964e+03,1.3485072967e+03,1.3485072967e+00,2.8398482678e+16,2.8398482678e+16,2.0227609451e+03,4.0455218902e+03,False,False,1.0000000000e+00,0,1.0000000000e+00,2.0000000000e+00,7.6591122213e+19,7.6591122213e+16,1.2579348148e+00,1.7789884756e+00,1.7789884756e+00,2.5158696295e+00,1.2579348148e-03,1.7789884756e-03,1.7789884756e-03,2.5158696295e-03,4.1960188830e-09,5.9340668123e-09,0,0.0000000000e+00,inf,1.9128026672e+20,6.0613058888e+12,3.8256053343e+20,1.2122611778e+13,4.1320715833e-20,4.2121015120e-21,-1.5823999982e+00,2025-11-22T13:30:24.761737,1.6180339887e+00
Star_0618,1.3502148000e-01,2.6855772372e+29,1.7738190057e+19,1.7738190057e+16,1.1857078915e+08,1.8748747550e+03,5.7485141320e+02,3.9887053957e+02,3.9887053957e-01,4.4471045859e+16,4.4471045859e+16,5.9830580936e+02,1.1966116187e+03,False,False,1.0000000000e+00,0,1.0000000000e+00,2.0000000000e+00,3.5476380114e+19,3.5476380114e+16,1.0052336857e+00,1.4216151116e+00,1.4216151116e+00,2.0104673713e+00,1.0052336857e-03,1.4216151116e-03,1.4216151116e-03,2.0104673713e-03,3.3530986482e-09,4.7419975843e-09,0,0.0000000000e+00,inf,1.1087206560e+20,3.5133237509e+12,2.2174413120e+20,7.0266475018e+12,5.6967185465e-20,5.8070525449e-21,-1.0104947628e+00,2025-11-22T13:30:24.761737,1.6180339887e+00
Star_0619,1.5382967890e-01,3.0596723133e+29,2.9640845408e+19,2.9640845408e+16,1.9813399337e+08,3.1329505769e+03,9.6058740020e+02,4.5443233939e+02,4.5443233939e-01,6.5226091628e+16,6.5226091628e+16,6.8164850909e+02,1.3632970182e+03,False,False,1.0000000000e+00,0,1.0000000000e+00,2.0000000000e+00,5.9281690816e+19,5.9281690816e+16,8.3003236514e-01,1.1738430280e+00,1.1738430280e+00,1.6600647303e+00,8.3003236514e-04,1.1738430280e-03,1.1738430280e-03,1.6600647303e-03,2.7686899486e-09,3.9155188754e-09,0,0.0000000000e+00,inf,2.2437549688e+20,7.1100304486e+12,4.4875099377e+20,1.4220060897e+13,2.3243389914e-20,2.3693567700e-21,-6.8895372719e-01,2025-11-22T13:30:24.761737,1.6180339887e+00
Star_0620,1.4125441670e-01,2.8095503482e+29,7.8712253543e+19,7.8712253543e+16,5.2615142743e+08,8.3196547450e+03,2.5508718781e+03,4.1728342339e+02,4.1728342339e-01,1.8863019504e+17,1.8863019504e+17,6.2592513509e+02,1.2518502702e+03,False,False,1.0000000000e+00,0,1.0000000000e+00,2.0000000000e+00,1.5742450709e+20,1.5742450709e+17,4.8809021160e-01,6.9026379691e-01,6.9026379691e-01,9.7618042321e-01,4.8809021160e-04,6.9026379691e-04,6.9026379691e-04,9.7618042321e-04,1.6280936981e-09,2.3024721887e-09,0,0.0000000000e+00,inf,1.0132628420e+21,3.2108361915e+13,2.0265256840e+21,6.4216723831e+13,3.0266196677e-21,3.0852392128e-22,-2.3823205466e-01,2025-11-22T13:30:24.762243,1.6180339887e+00
Star_0621,7.5772325130e-01,1.5071115468e+30,1.7405234266e+19,1.7405234266e+16,1.1634514883e+08,1.8396823027e+03,5.6406112926e+02,2.2384103780e+03,2.2384103780e+00,7.7757119232e+15,7.7757119232e+15,3.3576155671e+03,6.7152311341e+03,False,False,1.0000000000e+00,0,1.0000000000e+00,2.0000000000e+00,3.4810468531e+19,3.4810468531e+16,2.4040064244e+00,3.3997784894e+00,3.3997784894e+00,4.8080128487e+00,2.4040064244e-03,3.3997784894e-03,3.3997784894e-03,4.8080128487e-03,8.0189022779e-09,1.1340440357e-08,0,2.2204460493e-16,inf,4.5490856887e+19,1.4415182678e+12,9.0981713773e+19,2.8830365355e+12,3.3204074132e-19,3.3847170369e-20,-5.7792468884e+00,2025-11-22T13:30:24.762243,1.6180339887e+00
Star_0622,1.1125118008e+00,2.2127859718e+30,1.7527502501e+19,1.7527502501e+16,1.1716244988e+08,1.8526056972e+03,5.6802354414e+02,3.2865006536e+03,3.2865006536e+00,5.3331808964e+15,5.3331808964e+15,4.9297509803e+03,9.8595019607e+03,False,False,1.0000000000e+00,0,1.0000000000e+00,2.0000000000e+00,3.5055005003e+19,3.5055005003e+16,2.9027694766e+00,4.1051359622e+00,4.1051359622e+00,5.8055389531e+00,2.9027694766e-03,4.1051359622e-03,4.1051359622e-03,5.8055389531e-03,9.6825967401e-09,1.3693259629e-08,0,2.2204460493e-16,inf,3.7939129193e+19,1.2022184575e+12,7.5878258386e+19,2.4044369149e+12,4.8073424227e-19,4.9004509916e-20,-8.4260706340e+00,2025-11-22T13:30:24.762243,1.6180339887e+00
Star_0623,4.1583036860e-01,8.2708660315e+29,1.1163137010e+20,1.1163137010e+17,7.4619899802e+08,1.1799108985e+04,3.6177000390e+03,1.2284155343e+03,1.2284155343e+00,9.0874274208e+16,9.0874274208e+16,1.8426233014e+03,3.6852466028e+03,False,False,1.0000000000e+00,0,1.0000000000e+00,2.0000000000e+00,2.2326274021e+20,2.2326274021e+17,7.0321030678e-01,9.9448955305e-01,9.9448955305e-01,1.4064206136e+00,7.0321030678e-04,9.9448955305e-04,9.9448955305e-04,1.4064206136e-03,2.3456570972e-09,3.3172600795e-09,0,0.0000000000e+00,inf,9.9742648493e+20,3.1606538042e+13,1.9948529699e+21,6.3213076085e+13,4.4298008266e-21,4.5155971729e-22,-4.9450473556e-01,2025-11-22T13:30:24.762243,1.6180339887e+00
Star_0624,2.8089433130e-01,5.5869882496e+29,3.8886876041e+19,3.8886876041e+16,2.5993901097e+08,4.1102289442e+03,1.2602286690e+03,8.2979740326e+02,8.2979740326e-01,4.6863096809e+16,4.6863096809e+16,1.2446961049e+03,2.4893922098e+03,False,False,1.0000000000e+00,0,1.0000000000e+00,2.0000000000e+00,7.7773752082e+19,7.7773752082e+16,9.7924240751e-01,1.3848578935e+00,1.3848578935e+00,1.9584848150e+00,9.7924240751e-04,1.3848578935e-03,1.3848578935e-03,1.9584848150e-03,3.2664010764e-09,4.6193887024e-09,0,0.0000000000e+00,inf,2.4951273179e+20,7.9065813557e+12,4.9902546358e+20,1.5813162711e+13,2.4659108427e-20,2.5136705837e-21,-9.5891569266e-01,2025-11-22T13:30:24.762243,1.6180339887e+00
Star_0625,2.6267214570e-01,5.2245489780e+29,1.8034150341e+19,1.8034150341e+16,1.2054913330e+08,1.9061568905e+03,5.8444276310e+02,7.7596676089e+02,7.7596676089e-01,2.3240879958e+16,2.3240879958e+16,1.1639501413e+03,2.3279002827e+03,False,False,1.0000000000e+00,0,1.0000000000e+00,2.0000000000e+00,3.6068300682e+19,3.6068300682e+16,1.3905269850e+00,1.9665021211e+00,1.9665021211e+00,2.7810539700e+00,1.3905269850e-03,1.9665021211e-03,1.9665021211e-03,2.7810539700e-03,4.6382987561e-09,6.5595450072e-09,0,0.0000000000e+00,inf,8.1488464209e+19,2.5822136097e+12,1.6297692842e+20,5.1644272194e+12,1.0721687795e-19,1.0929345357e-20,-1.9335652961e+00,2025-11-22T13:30:24.762243,1.6180339887e+00
Star_0626,1.8244522725e+00,3.6288355700e+30,1.6888745632e+19,1.6888745632e+16,1.1289268471e+08,1.7850909663e+03,5.4732299421e+02,5.3896629066e+03,5.3896629066e+00,3.1335439572e+15,3.1335439572e+15,8.0844943599e+03,1.6168988720e+04,False,False,1.0000000000e+00,0,1.0000000000e+00,2.0000000000e+00,3.3777491265e+19,3.3777491265e+16,3.7869346389e+00,5.3555343262e+00,5.3555343262e+00,7.5738692778e+00,3.7869346389e-03,5.3555343262e-03,5.3555343262e-03,7.5738692778e-03,1.2631854264e-08,1.7864139618e-08,0,2.2204460493e-16,inf,2.8021375739e+19,8.8794381507e+11,5.6042751477e+19,1.7758876301e+12,8.4913789760e-19,8.6558399348e-20,-1.4340873959e+01,2025-11-22T13:30:24.762744,1.6180339887e+00
Star_0627,1.5427855255e+00,3.0686004102e+30,1.5550321292e+20,1.5550321292e+17,1.0394599794e+09,1.6436234322e+04,5.0394793053e+03,4.5575836896e+03,4.5575836896e+00,3.4119661538e+16,3.4119661538e+16,6.8363755345e+03,1.3672751069e+04,False,False,1.0000000000e+00,0,1.0000000000e+00,2.0000000000e+00,3.1100642585e+20,3.1100642585e+17,1.1476338458e+00,1.6229993494e+00,1.6229993494e+00,2.2952676917e+00,1.1476338458e-03,1.6229993494e-03,1.6229993494e-03,2.2952676917e-03,3.8280944540e-09,5.4137430949e-09,0,0.0000000000e+00,inf,8.5136518604e+20,2.6978134777e+13,1.7027303721e+21,5.3956269554e+13,8.4696863771e-21,8.6337271938e-22,-1.3170634441e+00,2025-11-22T13:30:24.762744,1.6180339887e+00
Star_0628,3.7679096440e-01,7.4943722819e+29,8.6341303127e+19,8.6341303127e+16,5.7714774818e+08,9.1260229497e+03,2.7981107407e+03,1.1130881936e+03,1.1130881936e+00,7.7569148268e+16,7.7569148268e+16,1.6696322905e+03,3.3392645809e+03,False,False,1.0000000000e+00,0,1.0000000000e+00,2.0000000000e+00,1.7268260625e+20,1.7268260625e+17,7.6113412498e-01,1.0764062023e+00,1.0764062023e+00,1.5222682500e+00,7.6113412498e-04,1.0764062023e-03,1.0764062023e-03,1.5222682500e-03,2.5388701572e-09,3.5905046095e-09,0,0.0000000000e+00,inf,7.1275007835e+20,2.2585687072e+13,1.4255001567e+21,4.5171374144e+13,6.7097105930e-21,6.8396642130e-22,-5.7932515621e-01,2025-11-22T13:30:24.762744,1.6180339887e+00
Star_0629,2.9245213910e-01,5.8168730467e+29,5.4122376136e+19,5.4122376136e+16,3.6178058914e+08,5.7205766976e+03,1.7539740135e+03,8.6394063020e+02,8.6394063020e-01,6.2645943765e+16,6.2645943765e+16,1.2959109453e+03,2.5918218906e+03,False,False,1.0000000000e+00,0,1.0000000000e+00,2.0000000000e+00,1.0824475227e+20,1.0824475227e+17,8.4695283671e-01,1.1977721884e+00,1.1977721884e+00,1.6939056734e+00,8.4695283671e-04,1.1977721884e-03,1.1977721884e-03,1.6939056734e-03,2.8251305665e-09,3.9953379627e-09,0,0.0000000000e+00,inf,4.0151104499e+20,1.2723117252e+13,8.0302208998e+20,2.5446234504e+13,1.3253836192e-20,1.3510536383e-21,-7.1732910762e-01,2025-11-22T13:30:24.763244,1.6180339887e+00
Star_0630,1.2189855440e-01,2.4245622470e+29,9.4875412036e+18,9.4875412036e+15,6.3419393072e+07,1.0028053275e+03,3.0746803654e+02,3.6010375658e+02,3.6010375658e-01,2.6346687671e+16,2.6346687671e+16,5.4015563486e+02,1.0803112697e+03,False,False,1.0000000000e+00,0,1.0000000000e+00,2.0000000000e+00,1.8975082407e+19,1.8975082407e+16,1.3059985464e+00,1.8469608567e+00,1.8469608567e+00,2.6119970927e+00,1.3059985464e-03,1.8469608567e-03,1.8469608567e-03,2.6119970927e-03,4.3563422345e-09,6.1607982704e-09,0,0.0000000000e+00,inf,4.5644751794e+19,1.4463949031e+12,9.1289503587e+19,2.8927898062e+12,1.7977599955e-19,1.8325789964e-20,-1.7056322031e+00,2025-11-22T13:30:24.763244,1.6180339887e+00
Star_0631,3.1314570020e-01,6.2284679770e+29,1.3240905348e+19,1.3240905348e+16,8.8508725587e+07,1.3995249284e+03,4.2910540065e+02,9.2507202856e+02,9.2507202856e-01,1.4313377704e+16,1.4313377704e+16,1.3876080428e+03,2.7752160857e+03,False,False,1.0000000000e+00,0,1.0000000000e+00,2.0000000000e+00,2.6481810696e+19,2.6481810696e+16,1.7718813593e+00,2.5058186493e+00,2.5058186493e+00,3.5437627186e+00,1.7718813593e-03,2.5058186493e-03,2.5058186493e-03,3.5437627186e-03,5.9103600242e-09,8.3585113047e-09,0,2.2204460493e-16,inf,4.6952952859e+19,1.4878492933e+12,9.3905905717e+19,2.9756985866e+12,2.3711094287e-19,2.4170330568e-20,-3.1395635515e+00,2025-11-22T13:30:24.763244,1.6180339887e+00
Star_0632,1.0263202086e+00,2.0413508949e+30,7.3481568520e+19,7.3481568520e+16,4.9118695535e+08,7.7667866526e+03,2.3813581528e+03,3.0318797822e+03,3.0318797822e+00,2.4236306779e+16,2.4236306779e+16,4.5478196733e+03,9.0956393466e+03,False,False,1.0000000000e+00,0,1.0000000000e+00,2.0000000000e+00,1.4696313704e+20,1.4696313704e+17,1.3616719291e+00,1.9256949096e+00,1.9256949096e+00,2.7233438581e+00,1.3616719291e-03,1.9256949096e-03,1.9256949096e-03,2.7233438581e-03,4.5420486497e-09,6.4234268014e-09,0,0.0000000000e+00,inf,3.3906721716e+20,1.0744391752e+13,6.7813443432e+20,2.1488783504e+13,2.5232864237e-20,2.5721574146e-21,-1.8541504424e+00,2025-11-22T13:30:24.763244,1.6180339887e+00
Star_0633,2.9006982480e-01,5.7694888153e+29,4.4310762533e+19,4.4310762533e+16,2.9619493672e+08,4.6835178663e+03,1.4360035821e+03,8.5690297226e+02,8.5690297226e-01,5.1710361578e+16,5.1710361578e+16,1.2853544584e+03,2.5707089168e+03,False,False,1.0000000000e+00,0,1.0000000000e+00,2.0000000000e+00,8.8621525067e+19,8.8621525067e+16,9.3221678390e-01,1.3183536189e+00,1.3183536189e+00,1.8644335678e+00,9.3221678390e-04,1.3183536189e-03,1.3183536189e-03,1.8644335678e-03,3.1095404805e-09,4.3975543203e-09,0,0.0000000000e+00,inf,2.9865663965e+20,9.4638578233e+12,5.9731327929e+20,1.8927715647e+13,1.9612123161e-20,1.9991970603e-21,-8.6902813218e-01,2025-11-22T13:30:24.763244,1.6180339887e+00
Star_0634,4.1079435000e-01,8.1706996215e+29,4.6964893677e+18,4.6964893677e+15,3.1393645506e+07,4.9640517574e+02,1.5220174896e+02,1.2135384980e+03,1.2135384980e+00,3.8700785970e+15,3.8700785970e+15,1.8203077470e+03,3.6406154940e+03,False,False,1.0000000000e+00,0,1.0000000000e+00,2.0000000000e+00,9.3929787354e+18,9.3929787354e+15,3.4075780536e+00,4.8190430983e+00,4.8190430983e+00,6.8151561073e+00,3.4075780536e-03,4.8190430983e-03,4.8190430983e-03,6.8151561073e-03,1.1366456903e-08,1.6074597508e-08,0,2.2204460493e-16,inf,8.6597907740e+18,2.7441221050e+11,1.7319581548e+19,5.4882442099e+11,2.4723974191e-18,2.5202827922e-19,-1.1611588192e+01,2025-11-22T13:30:24.763244,1.6180339887e+00
Star_0635,4.6713437353e+01,9.2913026895e+31,9.1282589726e+19,9.1282589726e+16,6.1017773881e+08,9.6483024761e+03,2.9582457700e+03,1.3799740576e+05,1.3799740576e+02,6.6148047655e+14,6.6148047655e+14,2.0699610864e+05,4.1399221729e+05,False,False,1.0000000000e+00,0,1.0000000000e+00,2.0000000000e+00,1.8256517945e+20,1.8256517945e+17,8.2422766950e+00,1.1656339487e+01,1.1656339487e+01,1.6484553390e+01,8.2422766950e-03,1.1656339487e-02,1.1656339487e-02,1.6484553390e-02,2.7493275681e-08,3.8881363343e-08,0,8.8817841970e-16,inf,6.9585801083e+19,2.2050409753e+12,1.3917160217e+20,4.4100819506e+12,7.4422872227e-19,7.5864293809e-20,-6.7935125117e+01,2025-11-22T13:30:24.763244,1.6180339887e+00
Star_0636,3.2214908420e-01,6.4075452847e+29,2.4315432446e+19,2.4315432446e+16,1.6253631314e+08,2.5700700186e+03,7.8800377374e+02,9.5166916432e+02,9.5166916432e-01,2.5550299787e+16,2.5550299787e+16,1.4275037465e+03,2.8550074930e+03,False,False,1.0000000000e+00,0,1.0000000000e+00,2.0000000000e+00,4.8630864892e+19,4.8630864892e+16,1.3261959735e+00,1.8755243321e+00,1.8755243321e+00,2.6523919471e+00,1.3261959735e-03,1.8755243321e-03,1.8755243321e-03,2.6523919471e-03,4.4237135997e-09,6.2560757687e-09,0,0.0000000000e+00,inf,1.1520044619e+20,3.6504818550e+12,2.3040089238e+20,7.3009637100e+12,7.2332489422e-20,7.3733424487e-21,-1.7587957602e+00,2025-11-22T13:30:24.763244,1.6180339887e+00
Star_0637,3.9105223422e+01,7.7780289387e+31,1.1939533845e+19,1.1939533845e+16,7.9809718216e+07,1.2619737707e+03,3.8693112892e+02,1.1552177895e+05,1.1552177895e+02,1.0335309890e+14,1.0335309890e+14,1.7328266843e+05,3.4656533686e+05,False,False,1.0000000000e+00,0,1.0000000000e+00,2.0000000000e+00,2.3879067690e+19,2.3879067690e+16,2.0851819345e+01,2.9488925718e+01,2.9488925718e+01,4.1703638691e+01,2.0851819345e-02,2.9488925718e-02,2.9488925718e-02,4.1703638691e-02,6.9554182532e-08,9.8364468256e-08,0,4.8849813084e-15,inf,3.5976862444e+18,1.1400379764e+11,7.1953724888e+18,2.2800759528e+11,3.6416695631e-17,3.7122013895e-18,-4.3479837001e+02,2025-11-22T13:30:24.763244,1.6180339887e+00
Star_0638,2.2402028870e-01,4.4557635422e+29,1.5716787587e+20,1.5716787587e+17,1.0505874055e+09,1.6612184322e+04,5.0934269653e+03,6.6178428372e+02,6.6178428372e-01,2.3749109753e+17,2.3749109753e+17,9.9267642558e+02,1.9853528512e+03,False,False,1.0000000000e+00,0,1.0000000000e+00,2.0000000000e+00,3.1433575173e+20,3.1433575173e+17,4.3499276921e-01,6.1517267376e-01,6.1517267376e-01,8.6998553843e-01,4.3499276921e-04,6.1517267376e-04,6.1517267376e-04,8.6998553843e-04,1.4509796948e-09,2.0519951631e-09,0,0.0000000000e+00,inf,2.2701869049e+21,7.1937881998e+13,4.5403738099e+21,1.4387576400e+14,1.2039273816e-21,1.2272450373e-22,-1.8921870927e-01,2025-11-22T13:30:24.763244,1.6180339887e+00
Star_0639,2.0471132860e+01,4.0717083259e+31,2.2018004828e+19,2.2018004828e+16,1.4717917666e+08,2.3272386458e+03,7.1354975622e+02,6.0474317195e+04,6.0474317195e+01,3.6408852301e+14,3.6408852301e+14,9.0711475792e+04,1.8142295158e+05,False,False,1.0000000000e+00,0,1.0000000000e+00,2.0000000000e+00,4.4036009655e+19,4.4036009655e+16,1.1109696902e+01,1.5711484033e+01,1.5711484033e+01,2.2219393804e+01,1.1109696902e-02,1.5711484033e-02,1.5711484033e-02,2.2219393804e-02,3.7057959950e-08,5.2407869555e-08,0,1.5543122345e-15,inf,1.2452473335e+19,3.9459506853e+11,2.4904946669e+19,7.8919013706e+11,5.6056561990e-18,5.7142265025e-19,-1.2342536525e+02,2025-11-22T13:30:24.763244,1.6180339887e+00
Star_0640,4.9005202520e-01,9.7471347812e+29,1.3466989386e+20,1.3466989386e+17,9.0019982528e+08,1.4234213493e+04,4.3643223211e+03,1.4476757010e+03,1.4476757010e+00,9.3024904520e+16,9.3024904520e+16,2.1715135515e+03,4.3430271030e+03,False,False,1.0000000000e+00,0,1.0000000000e+00,2.0000000000e+00,2.6933978772e+20,2.6933978772e+17,6.9503406161e-01,9.8292659624e-01,9.8292659624e-01,1.3900681232e+00,6.9503406161e-04,9.8292659624e-04,9.8292659624e-04,1.3900681232e-03,2.3183840789e-09,3.2786902072e-09,0,0.0000000000e+00,inf,1.2174308357e+21,3.8578055228e+13,2.4348616713e+21,7.7156110455e+13,3.5870849300e-21,3.6565595617e-22,-4.8307234679e-01,2025-11-22T13:30:24.763244,1.6180339887e+00
Star_0641,3.5316418110e-01,7.0244355621e+29,1.5438250951e+20,1.5438250951e+17,1.0319686464e+09,1.6317779252e+04,5.0031600450e+03,1.0432916857e+03,1.0432916857e+00,1.4797636330e+17,1.4797636330e+17,1.5649375285e+03,3.1298750570e+03,False,False,1.0000000000e+00,0,1.0000000000e+00,2.0000000000e+00,3.0876501901e+20,3.0876501901e+17,5.5107350381e-01,7.7933562296e-01,7.7933562296e-01,1.1021470076e+00,5.5107350381e-04,7.7933562296e-04,7.7933562296e-04,1.1021470076e-03,1.8381833469e-09,2.5995838193e-09,0,0.0000000000e+00,inf,1.7602260111e+21,5.5778196411e+13,3.5204520221e+21,1.1155639282e+14,1.9670752054e-21,2.0051735020e-22,-3.0368200661e-01,2025-11-22T13:30:24.764323,1.6180339887e+00
Star_0642,1.1554485959e+00,2.2981872572e+30,1.9874309165e+19,1.9874309165e+16,1.3284966020e+08,2.1006562906e+03,6.4407781590e+02,3.4133413801e+03,3.4133413801e+00,5.8225377868e+15,5.8225377868e+15,5.1200120702e+03,1.0240024140e+04,False,False,1.0000000000e+00,0,1.0000000000e+00,2.0000000000e+00,3.9748618330e+19,3.9748618330e+16,2.7781107005e+00,3.9288418304e+00,3.9288418304e+00,5.5562214010e+00,2.7781107005e-03,3.9288418304e-03,3.9288418304e-03,5.5562214010e-03,9.2667798218e-09,1.3105205703e-08,0,2.2204460493e-16,inf,4.4949240977e+19,1.4243554952e+12,8.9898481953e+19,2.8487109905e+12,3.8833546365e-19,3.9585674174e-20,-7.7178990643e+00,2025-11-22T13:30:24.764323,1.6180339887e+00
Star_0643,1.5538514196e+00,3.0906104736e+30,2.3793150851e+19,2.3793150851e+16,1.5904512601e+08,2.5148663831e+03,7.7107790292e+02,4.5902737413e+03,4.5902737413e+00,5.1833838659e+15,5.1833838659e+15,6.8854106119e+03,1.3770821224e+04,False,False,1.0000000000e+00,0,1.0000000000e+00,2.0000000000e+00,4.7586301701e+19,4.7586301701e+16,2.9444149815e+00,4.1640316001e+00,4.1640316001e+00,5.8888299630e+00,2.9444149815e-03,4.1640316001e-03,4.1640316001e-03,5.8888299630e-03,9.8215111920e-09,1.3889714331e-08,0,2.2204460493e-16,inf,5.0772997955e+19,1.6088992178e+12,1.0154599591e+20,3.2177984356e+12,3.6437290874e-19,3.7143008026e-20,-8.6695795834e+00,2025-11-22T13:30:24.764323,1.6180339887e+00
Star_0644,2.9290020590e-01,5.8257850954e+29,9.3261610602e+19,9.3261610602e+16,6.2340648798e+08,9.8574791885e+03,3.0223810028e+03,8.6526427623e+02,8.6526427623e-01,1.0778396054e+17,1.0778396054e+17,1.2978964143e+03,2.5957928287e+03,False,False,1.0000000000e+00,0,1.0000000000e+00,2.0000000000e+00,1.8652322120e+20,1.8652322120e+17,6.4569680315e-01,9.1315317620e-01,9.1315317620e-01,1.2913936063e+00,6.4569680315e-04,9.1315317620e-04,9.1315317620e-04,1.2913936063e-03,2.1538126991e-09,3.0459511299e-09,0,0.0000000000e+00,inf,9.0751569251e+20,2.8757436957e+13,1.8150313850e+21,5.7514873914e+13,4.4704821084e-21,4.5570663694e-22,-4.1692436160e-01,2025-11-22T13:30:24.764323,1.6180339887e+00
Star_0645,2.1092371490e-01,4.1952726894e+29,5.0447764615e+19,5.0447764615e+16,3.3721767791e+08,5.3321810184e+03,1.6348888296e+03,6.2309534728e+02,6.2309534728e-01,8.0963154090e+16,8.0963154090e+16,9.3464302092e+02,1.8692860418e+03,False,False,1.0000000000e+00,0,1.0000000000e+00,2.0000000000e+00,1.0089552923e+20,1.0089552923e+17,7.4500981746e-01,1.0536029879e+00,1.0536029879e+00,1.4900196349e+00,7.4500981746e-04,1.0536029879e-03,1.0536029879e-03,1.4900196349e-03,2.4850852567e-09,3.5144412737e-09,0,0.0000000000e+00,inf,4.2546104223e+20,1.3482046868e+13,8.5092208446e+20,2.6964093735e+13,1.1002264072e-20,1.1215355832e-21,-5.5503962811e-01,2025-11-22T13:30:24.764323,1.6180339887e+00
Star_0646,2.8256267900e-01,5.6201716853e+29,1.4254626376e+19,1.4254626376e+16,9.5284935672e+07,1.5066722732e+03,4.6195762311e+02,8.3472591350e+02,8.3472591350e-01,1.7077014318e+16,1.7077014318e+16,1.2520888703e+03,2.5041777405e+03,False,False,1.0000000000e+00,0,1.0000000000e+00,2.0000000000e+00,2.8509252753e+19,2.8509252753e+16,1.6221825817e+00,2.2941126077e+00,2.2941126077e+00,3.2443651634e+00,1.6221825817e-03,2.2941126077e-03,2.2941126077e-03,3.2443651634e-03,5.4110186511e-09,7.6523359626e-09,0,2.2204460493e-16,inf,5.5212317046e+19,1.7495727510e+12,1.1042463409e+20,3.4991455020e+12,1.8460507199e-19,1.8818050151e-20,-2.6314763284e+00,2025-11-22T13:30:24.764323,1.6180339887e+00
Star_0647,3.6459358130e-01,7.2517663321e+29,1.5534212976e+20,1.5534212976e+17,1.0383832203e+09,1.6419208304e+04,5.0342589934e+03,1.0770555803e+03,1.0770555803e+00,1.4422851764e+17,1.4422851764e+17,1.6155833705e+03,3.2311667410e+03,False,False,1.0000000000e+00,0,1.0000000000e+00,2.0000000000e+00,3.1068425952e+20,3.1068425952e+17,5.5818753654e-01,7.8939638453e-01,7.8939638453e-01,1.1163750731e+00,5.5818753654e-04,7.8939638453e-04,7.8939638453e-04,1.1163750731e-03,1.8619132058e-09,2.6331429076e-09,0,0.0000000000e+00,inf,1.7485940180e+21,5.5409600792e+13,3.4971880359e+21,1.1081920158e+14,2.0057232795e-21,2.0445701117e-22,-3.1157332595e-01,2025-11-22T13:30:24.764828,1.6180339887e+00
Star_0648,4.2061915004e+01,8.3661148942e+31,2.6043248036e+19,2.6043248036e+16,1.7408588259e+08,2.7526950677e+03,8.4399805670e+02,1.2425622007e+05,1.2425622007e+02,2.0959311350e+14,2.0959311350e+14,1.8638433010e+05,3.7276866021e+05,False,False,1.0000000000e+00,0,1.0000000000e+00,2.0000000000e+00,5.2086496071e+19,5.2086496071e+16,1.4642566347e+01,2.0707715915e+01,2.0707715915e+01,2.9285132693e+01,1.4642566347e-02,2.0707715915e-02,2.0707715915e-02,2.9285132693e-02,4.8842343948e-08,6.9073505229e-08,0,2.4424906542e-15,inf,1.1175264604e+19,3.5412276612e+11,2.2350529208e+19,7.0824553225e+11,8.2326424462e-18,8.3920921980e-19,-2.1440474922e+02,2025-11-22T13:30:24.764828,1.6180339887e+00
Star_0649,1.5404786515e+00,3.0640120378e+30,1.7621040635e+19,1.7621040635e+16,1.1778770478e+08,1.8624924041e+03,5.7105488657e+02,4.5507688919e+03,4.5507688919e+00,3.8721018477e+15,3.8721018477e+15,6.8261533378e+03,1.3652306676e+04,False,False,1.0000000000e+00,0,1.0000000000e+00,2.0000000000e+00,3.5242081270e+19,3.5242081270e+16,3.4066876734e+00,4.8177839105e+00,4.8177839105e+00,6.8133753468e+00,3.4066876734e-03,4.8177839105e-03,4.8177839105e-03,6.8133753468e-03,1.1363486914e-08,1.6070397310e-08,0,2.2204460493e-16,inf,3.2499681282e+19,1.0298527544e+12,6.4999362565e+19,2.0597055088e+12,6.5861722611e-19,6.7137331918e-20,-1.1605520904e+01,2025-11-22T13:30:24.764828,1.6180339887e+00
Star_0650,4.3951711530e-01,8.7419954233e+29,4.2363545425e+19,4.2363545425e+16,2.8317877958e+08,4.4777027190e+03,1.3728990318e+03,1.2983891817e+03,1.2983891817e+00,3.2627771412e+16,3.2627771412e+16,1.9475837726e+03,3.8951675451e+03,False,False,1.0000000000e+00,0,1.0000000000e+00,2.0000000000e+00,8.4727090850e+19,8.4727090850e+16,1.1735781081e+00,1.6596900770e+00,1.6596900770e+00,2.3471562162e+00,1.1735781081e-03,1.6596900770e-03,1.6596900770e-03,2.3471562162e-03,3.9146351977e-09,5.5361301884e-09,0,0.0000000000e+00,inf,2.2680893955e+20,7.1871415934e+12,4.5361787909e+20,1.4374283187e+13,3.2511102694e-20,3.3140777466e-21,-1.3772855758e+00,2025-11-22T13:30:24.764828,1.6180339887e+00
Star_0651,4.2338577880e-01,8.4211431403e+29,6.0617880448e+19,6.0617880448e+16,4.0519973561e+08,6.4071324858e+03,1.9644774427e+03,1.2507351722e+03,1.2507351722e+00,4.8465799792e+16,4.8465799792e+16,1.8761027583e+03,3.7522055166e+03,False,False,1.0000000000e+00,0,1.0000000000e+00,2.0000000000e+00,1.2123576090e+20,1.2123576090e+17,9.6291513537e-01,1.3617676439e+00,1.3617676439e+00,1.9258302707e+00,9.6291513537e-04,1.3617676439e-03,1.3617676439e-03,1.9258302707e-03,3.2119391588e-09,4.5423679199e-09,0,0.0000000000e+00,inf,3.9554199720e+20,1.2533969542e+13,7.9108399441e+20,2.5067939083e+13,1.5295908585e-20,1.5592159617e-21,-9.2720555793e-01,2025-11-22T13:30:24.764828,1.6180339887e+00
Star_0652,2.4197766850e-01,4.8129358265e+29,2.7564657236e+19,2.7564657236e+16,1.8425573019e+08,2.9135035658e+03,8.9330321275e+02,7.1483265625e+02,7.1483265625e-01,3.8560993255e+16,3.8560993255e+16,1.0722489844e+03,2.1444979687e+03,False,False,1.0000000000e+00,0,1.0000000000e+00,2.0000000000e+00,5.5129314472e+19,5.5129314472e+16,1.0795222528e+00,1.5266750108e+00,1.5266750108e+00,2.1590445056e+00,1.0795222528e-03,1.5266750108e-03,1.5266750108e-03,2.1590445056e-03,3.6008986351e-09,5.0924396865e-09,0,0.0000000000e+00,inf,1.6043564539e+20,5.0838988195e+12,3.2087129078e+20,1.0167797639e+13,4.2277626903e-20,4.3096459636e-21,-1.1653682943e+00,2025-11-22T13:30:24.764828,1.6180339887e+00
Star_0653,4.8355071770e-01,9.6178237751e+29,1.6138883762e+19,1.6138883762e+16,1.0788023905e+08,1.7058327621e+03,5.2302180258e+02,1.4284700159e+03,1.4284700159e+00,1.1298020668e+16,1.1298020668e+16,2.1427050238e+03,4.2854100476e+03,False,False,1.0000000000e+00,0,1.0000000000e+00,2.0000000000e+00,3.2277767525e+19,3.2277767525e+16,1.9943644431e+00,2.8204572438e+00,2.8204572438e+00,3.9887288862e+00,1.9943644431e-03,2.8204572438e-03,2.8204572438e-03,3.9887288862e-03,6.6524837096e-09,9.4080326856e-09,0,2.2204460493e-16,inf,5.0845068803e+19,1.6111830052e+12,1.0169013761e+20,3.2223660103e+12,2.4645381865e-19,2.5122713420e-20,-3.9774895320e+00,2025-11-22T13:30:24.765331,1.6180339887e+00
Star_0654,4.2298244010e-01,8.4131207336e+29,1.2783192073e+19,1.2783192073e+16,8.5449144875e+07,1.3511459754e+03,4.1427203141e+02,1.2495436586e+03,1.2495436586e+00,1.0230288462e+16,1.0230288462e+16,1.8743154879e+03,3.7486309759e+03,False,False,1.0000000000e+00,0,1.0000000000e+00,2.0000000000e+00,2.5566384147e+19,2.5566384147e+16,2.0958575685e+00,2.9639901982e+00,2.9639901982e+00,4.1917151371e+00,2.0958575685e-03,2.9639901982e-03,2.9639901982e-03,4.1917151371e-03,6.9910283352e-09,9.8868070865e-09,0,2.2204460493e-16,inf,3.8322816311e+19,1.2143767685e+12,7.6645632622e+19,2.4287535371e+12,3.4362457534e-19,3.5027989331e-20,-4.3926189476e+00,2025-11-22T13:30:24.765331,1.6180339887e+00
Star_0655,4.9820125970e-01,9.9092230554e+29,3.9681853276e+19,3.9681853276e+16,2.6525302992e+08,4.1942557104e+03,1.2859919395e+03,1.4717495710e+03,1.4717495710e+00,2.6962367822e+16,2.6962367822e+16,2.2076243566e+03,4.4152487131e+03,False,False,1.0000000000e+00,0,1.0000000000e+00,2.0000000000e+00,7.9363706553e+19,7.9363706553e+16,1.2910013326e+00,1.8257515936e+00,1.8257515936e+00,2.5820026652e+00,1.2910013326e-03,1.8257515936e-03,1.8257515936e-03,2.5820026652e-03,4.3063169141e-09,6.0900517839e-09,0,0.0000000000e+00,inf,1.9312794741e+20,6.1198553568e+12,3.8625589481e+20,1.2239710714e+13,4.2001174421e-20,4.2814652825e-21,-1.6666844408e+00,2025-11-22T13:30:24.765331,1.6180339887e+00
Star_0656,3.3209278580e-01,6.6053255096e+29,1.3231972520e+19,1.3231972520e+16,8.8449014171e+07,1.3985807547e+03,4.2881590952e+02,9.8104411727e+02,9.8104411727e-01,1.3487642693e+16,1.3487642693e+16,1.4715661759e+03,2.9431323518e+03,False,False,1.0000000000e+00,0,1.0000000000e+00,2.0000000000e+00,2.6463945040e+19,2.6463945040e+16,1.8253143955e+00,2.5813843737e+00,2.5813843737e+00,3.6506287910e+00,1.8253143955e-03,2.5813843737e-03,2.5813843737e-03,3.6506287910e-03,6.0885934480e-09,8.6105714299e-09,0,2.2204460493e-16,inf,4.5547734421e+19,1.4433206081e+12,9.1095468842e+19,2.8866412161e+12,2.5179712529e-19,2.5667392996e-20,-3.3317726425e+00,2025-11-22T13:30:24.765331,1.6180339887e+00
Star_0657,1.1328226035e+00,2.2531841584e+30,1.8832385164e+19,1.8832385164e+16,1.2588492757e+08,1.9905279742e+03,6.1031160399e+02,3.3465013352e+03,3.3465013352e+00,5.6274847305e+15,5.6274847305e+15,5.0197520027e+03,1.0039504005e+04,False,False,1.0000000000e+00,0,1.0000000000e+00,2.0000000000e+00,3.7664770329e+19,3.7664770329e+16,2.8258463385e+00,3.9963502172e+00,3.9963502172e+00,5.6516926771e+00,2.8258463385e-03,3.9963502172e-03,3.9963502172e-03,5.6516926771e-03,9.4260087709e-09,1.3330389443e-08,0,2.2204460493e-16,inf,4.1873248432e+19,1.3268831734e+12,8.3746496863e+19,2.6537663467e+12,4.2402528726e-19,4.3223780557e-20,-7.9854075291e+00,2025-11-22T13:30:24.765331,1.6180339887e+00
Star_0658,1.9943092890e-01,3.9666811758e+29,1.4400608616e+20,1.4400608616e+17,9.6260752780e+08,1.5221021685e+04,4.6668855093e+03,5.8914420296e+02,5.8914420296e-01,2.4443266256e+17,2.4443266256e+17,8.8371630444e+02,1.7674326089e+03,False,False,1.0000000000e+00,0,1.0000000000e+00,2.0000000000e+00,2.8801217232e+20,2.8801217232e+17,4.2877167309e-01,6.0637471525e-01,6.0637471525e-01,8.5754334618e-01,4.2877167309e-04,6.0637471525e-04,6.0637471525e-04,8.5754334618e-04,1.4302283518e-09,2.0226483324e-09,0,0.0000000000e+00,inf,2.1102535020e+21,6.6869898281e+13,4.2205070040e+21,1.3373979656e+14,1.2766484567e-21,1.3013745736e-22,-1.8384514765e-01,2025-11-22T13:30:24.765331,1.6180339887e+00
Star_0659,4.3327160440e-01,8.6177722115e+29,6.5348353250e+18,6.5348353250e+15,4.3682054312e+07,6.9071296111e+02,2.1177805117e+02,1.2799391521e+03,1.2799391521e+00,5.1055828039e+15,5.1055828039e+15,1.9199087282e+03,3.8398174563e+03,False,False,1.0000000000e+00,0,1.0000000000e+00,2.0000000000e+00,1.3069670650e+19,1.3069670650e+16,2.9667642909e+00,4.1956382966e+00,4.1956382966e+00,5.9335285819e+00,2.9667642909e-03,4.1956382966e-03,4.1956382966e-03,5.9335285819e-03,9.8960604637e-09,1.3995142922e-08,0,2.2204460493e-16,inf,1.3839852874e+19,4.3855847321e+11,2.7679705749e+19,8.7711694643e+11,1.3468878587e-18,1.3729743718e-19,-8.8016903580e+00,2025-11-22T13:30:24.765830,1.6180339887e+00
Star_0660,2.5240427150e-01,5.0203209601e+29,1.2932181659e+20,1.2932181659e+17,8.6445064565e+08,1.3668937384e+04,4.1910041997e+03,7.4563416105e+02,7.4563416105e-01,1.7343869601e+17,1.7343869601e+17,1.1184512416e+03,2.2369024831e+03,False,False,1.0000000000e+00,0,1.0000000000e+00,2.0000000000e+00,2.5864363318e+20,2.5864363318e+17,5.0901749022e-01,7.1985943816e-01,7.1985943816e-01,1.0180349804e+00,5.0901749022e-04,7.1985943816e-04,7.1985943816e-04,1.0180349804e-03,1.6978995857e-09,2.4011926216e-09,0,0.0000000000e+00,inf,1.5963163418e+21,5.0584212417e+13,3.1926326836e+21,1.0116842483e+14,2.0035196859e-21,2.0423238388e-22,-2.5909880535e-01,2025-11-22T13:30:24.765830,1.6180339887e+00
Star_0661,3.9566098230e-01,7.8696969379e+29,1.0457139157e+19,1.0457139157e+16,6.9900662812e+07,1.1052889924e+03,3.3889033790e+02,1.1688326146e+03,1.1688326146e+00,8.9466524342e+15,8.9466524342e+15,1.7532489219e+03,3.5064978438e+03,False,False,1.0000000000e+00,0,1.0000000000e+00,2.0000000000e+00,2.0914278313e+19,2.0914278313e+16,2.2411732084e+00,3.1694975469e+00,3.1694975469e+00,4.4823464168e+00,2.2411732084e-03,3.1694975469e-03,3.1694975469e-03,4.4823464168e-03,7.4757491344e-09,1.0572305815e-08,0,2.2204460493e-16,inf,2.9316851932e+19,9.2899497846e+11,5.8633703865e+19,1.8579899569e+12,4.8032805863e-19,4.8963104855e-20,-5.0228573500e+00,2025-11-22T13:30:24.765830,1.6180339887e+00
Star_0662,1.1402616749e+00,2.2679804714e+30,1.5689429744e+20,1.5689429744e+17,1.0487586727e+09,1.6583267883e+04,5.0845609567e+03,3.3684772935e+03,3.3684772935e+00,4.6577216875e+16,4.6577216875e+16,5.0527159403e+03,1.0105431881e+04,False,False,1.0000000000e+00,0,1.0000000000e+00,2.0000000000e+00,3.1378859488e+20,3.1378859488e+17,9.8224298940e-01,1.3891013572e+00,1.3891013572e+00,1.9644859788e+00,9.8224298940e-04,1.3891013572e-03,1.3891013572e-03,1.9644859788e-03,3.2764099403e-09,4.6335433734e-09,0,0.0000000000e+00,inf,1.0036171855e+21,3.1802709504e+13,2.0072343709e+21,6.3605419009e+13,6.1493713027e-21,6.2684722759e-22,-9.6480129023e-01,2025-11-22T13:30:24.765830,1.6180339887e+00
Star_0663,4.5959744940e-01,9.1413932686e+29,2.7974779426e+18,2.7974779426e+15,1.8699718868e+07,2.9568522805e+02,9.0659427118e+01,1.3577090299e+03,1.3577090299e+00,2.0604399624e+15,2.0604399624e+15,2.0365635449e+03,4.0731270897e+03,False,False,1.0000000000e+00,0,1.0000000000e+00,2.0000000000e+00,5.5949558852e+18,5.5949558852e+15,4.6700950828e+00,6.6045118036e+00,6.6045118036e+00,9.3401901656e+00,4.6700950828e-03,6.6045118036e-03,6.6045118036e-03,9.3401901656e-03,1.5577760408e-08,2.2030280040e-08,0,2.2204460493e-16,inf,3.7637504150e+18,1.1926605366e+11,7.5275008300e+18,2.3853210732e+11,7.7962323671e-18,7.9472297320e-19,-2.1809788082e+01,2025-11-22T13:30:24.765830,1.6180339887e+00
Star_0664,3.0847096000e-01,6.1354873944e+29,1.5536416675e+20,1.5536416675e+17,1.0385305264e+09,1.6421537549e+04,5.0349731586e+03,9.1126225440e+02,9.1126225440e-01,1.7049336347e+17,1.7049336347e+17,1.3668933816e+03,2.7337867632e+03,False,False,1.0000000000e+00,0,1.0000000000e+00,2.0000000000e+00,3.1072833351e+20,3.1072833351e+17,5.1339539141e-01,7.2605072539e-01,7.2605072539e-01,1.0267907828e+00,5.1339539141e-04,7.2605072539e-04,7.2605072539e-04,1.0267907828e-03,1.7125026921e-09,2.4218445328e-09,0,0.0000000000e+00,inf,1.9014230867e+21,6.0252461742e+13,3.8028461733e+21,1.2050492348e+14,1.6964969042e-21,1.7293546424e-22,-2.6357482792e-01,2025-11-22T13:30:24.765830,1.6180339887e+00
Star_0665,8.5047606860e-01,1.6915969004e+30,3.9545126484e+19,3.9545126484e+16,2.6433908077e+08,4.1798040888e+03,1.2815609581e+03,2.5124139387e+03,2.5124139387e+00,1.5739892967e+16,1.5739892967e+16,3.7686209080e+03,7.5372418161e+03,False,False,1.0000000000e+00,0,1.0000000000e+00,2.0000000000e+00,7.9090252968e+19,7.9090252968e+16,1.6896813779e+00,2.3895703207e+00,2.3895703207e+00,3.3793627558e+00,1.6896813779e-03,2.3895703207e-03,2.3895703207e-03,3.3793627558e-03,5.6361703998e-09,7.9707486193e-09,0,2.2204460493e-16,inf,1.4705101266e+20,4.6597654024e+12,2.9410202532e+20,9.3195308048e+12,7.2196586852e-20,7.3594889757e-21,-2.8550231587e+00,2025-11-22T13:30:24.766329,1.6180339887e+00
Star_0666,4.0596072220e-01,8.0745587646e+29,5.9993762750e+18,5.9993762750e+15,4.0102782587e+07,6.3411650724e+02,1.9442513125e+02,1.1992593498e+03,1.1992593498e+00,5.0025678567e+15,5.0025678567e+15,1.7988890246e+03,3.5977780493e+03,False,False,1.0000000000e+00,0,1.0000000000e+00,2.0000000000e+00,1.1998752550e+19,1.1998752550e+16,2.9971550523e+00,4.2386173235e+00,4.2386173235e+00,5.9943101046e+00,2.9971550523e-03,4.2386173235e-03,4.2386173235e-03,5.9943101046e-03,9.9974331320e-09,1.4138505524e-08,0,2.2204460493e-16,inf,1.2576991248e+19,3.9854080311e+11,2.5153982497e+19,7.9708160623e+11,1.4973120531e-18,1.5263119808e-19,-8.9829384077e+00,2025-11-22T13:30:24.766329,1.6180339887e+00
Star_0667,2.9899690250e-01,5.9470483907e+29,2.0142707070e+19,2.0142707070e+16,1.3464376384e+08,2.1290251633e+03,6.5277593642e+02,8.8327468955e+02,8.8327468955e-01,2.2804578585e+16,2.2804578585e+16,1.3249120343e+03,2.6498240687e+03,False,False,1.0000000000e+00,0,1.0000000000e+00,2.0000000000e+00,4.0285414140e+19,4.0285414140e+16,1.4037658713e+00,1.9852247336e+00,1.9852247336e+00,2.8075317426e+00,1.4037658713e-03,1.9852247336e-03,1.9852247336e-03,2.8075317426e-03,4.6824589272e-09,6.6219969201e-09,0,0.0000000000e+00,inf,9.0157741899e+19,2.8569264424e+12,1.8031548380e+20,5.7138528848e+12,9.7829880289e-20,9.9724648613e-21,-1.9705586214e+00,2025-11-22T13:30:24.766329,1.6180339887e+00
Star_0668,4.8364646750e-01,9.6197282386e+29,3.7577622642e+19,3.7577622642e+16,2.5118731713e+08,3.9718446932e+03,1.2177989643e+03,1.4287528729e+03,1.4287528729e+00,2.6300995333e+16,2.6300995333e+16,2.1431293094e+03,4.2862586187e+03,False,False,1.0000000000e+00,0,1.0000000000e+00,2.0000000000e+00,7.5155245285e+19,7.5155245285e+16,1.3071325002e+00,1.8485645097e+00,1.8485645097e+00,2.6142650005e+00,1.3071325002e-03,1.8485645097e-03,1.8485645097e-03,2.6142650005e-03,4.3601246975e-09,6.1661474808e-09,0,0.0000000000e+00,inf,1.8062986455e+20,5.7238150096e+12,3.6125972909e+20,1.1447630019e+13,4.5468426501e-20,4.6349058615e-21,-1.7085953732e+00,2025-11-22T13:30:24.766329,1.6180339887e+00
Star_0669,4.1549769350e-01,8.2642491237e+29,1.5855192236e+19,1.5855192236e+16,1.0598390532e+08,1.6758473984e+03,5.1382805315e+02,1.2274327699e+03,1.2274327699e+00,1.2917361036e+16,1.2917361036e+16,1.8411491549e+03,3.6822983098e+03,False,False,1.0000000000e+00,0,1.0000000000e+00,2.0000000000e+00,3.1710384472e+19,3.1710384472e+16,1.8651716515e+00,2.6377510456e+00,2.6377510456e+00,3.7303433029e+00,1.8651716515e-03,2.6377510456e-03,2.6377510456e-03,3.7303433029e-03,6.2215429431e-09,8.7985904090e-09,0,2.2204460493e-16,inf,5.3411229375e+19,1.6924997267e+12,1.0682245875e+20,3.3849994534e+12,2.1941489183e-19,2.2366451766e-20,-3.4788652894e+00,2025-11-22T13:30:24.766329,1.6180339887e+00
Star_0670,2.7971920620e-01,5.5636150113e+29,1.4293790533e+20,1.4293790533e+17,9.5546728162e+08,1.5108118099e+04,4.6322683777e+03,8.2632593499e+02,8.2632593499e-01,1.7298005457e+17,1.7298005457e+17,1.2394889025e+03,2.4789778050e+03,False,False,1.0000000000e+00,0,1.0000000000e+00,2.0000000000e+00,2.8587581066e+20,2.8587581066e+17,5.0969185112e-01,7.2081312848e-01,7.2081312848e-01,1.0193837022e+00,5.0969185112e-04,7.2081312848e-04,7.2081312848e-04,1.0193837022e-03,1.7001490115e-09,2.4043737901e-09,0,0.0000000000e+00,inf,1.7620555334e+21,5.5836170477e+13,3.5241110669e+21,1.1167234095e+14,1.8174729964e-21,1.8526737985e-22,-2.5978578309e-01,2025-11-22T13:30:24.766329,1.6180339887e+00
Star_0671,7.4519005740e-01,1.4821830242e+30,4.6034598574e+19,4.6034598574e+16,3.0771790491e+08,4.8657222888e+03,1.4918688976e+03,2.2013857371e+03,2.2013857371e+00,2.0911645696e+16,2.0911645696e+16,3.3020786057e+03,6.6041572114e+03,False,False,1.0000000000e+00,0,1.0000000000e+00,2.0000000000e+00,9.2069197149e+19,9.2069197149e+16,1.4659244858e+00,2.0731302892e+00,2.0731302892e+00,2.9318489716e+00,1.4659244858e-03,2.0731302892e-03,2.0731302892e-03,2.9318489716e-03,4.8897977473e-09,6.9152182915e-09,0,0.0000000000e+00,inf,1.9731160520e+20,6.2524274722e+12,3.9462321039e+20,1.2504854944e+13,4.6680858844e-20,4.7584973338e-21,-2.1489345980e+00,2025-11-22T13:30:24.766329,1.6180339887e+00
Star_0672,4.5303444310e-01,9.0108550733e+29,6.0740424989e+19,6.0740424989e+16,4.0601888361e+08,6.4200850849e+03,1.9684488119e+03,1.3383210787e+03,1.3383210787e+00,4.5385540103e+16,4.5385540103e+16,2.0074816181e+03,4.0149632361e+03,False,False,1.0000000000e+00,0,1.0000000000e+00,2.0000000000e+00,1.2148084998e+20,1.2148084998e+17,9.9505469013e-01,1.4072198381e+00,1.4072198381e+00,1.9901093803e+00,9.9505469013e-04,1.4072198381e-03,1.4072198381e-03,1.9901093803e-03,3.3191451739e-09,4.6939801204e-09,0,0.0000000000e+00,inf,3.8354007034e+20,1.2153651429e+13,7.6708014067e+20,2.4307302858e+13,1.6301068630e-20,1.6616787594e-21,-9.9013383635e-01,2025-11-22T13:30:24.766329,1.6180339887e+00
Star_0673,4.1900843170e-01,8.3340777065e+29,4.6866598962e+19,4.6866598962e+16,3.1327940483e+08,4.9536622938e+03,1.5188319980e+03,1.2378039349e+03,1.2378039349e+00,3.7862699933e+16,3.7862699933e+16,1.8567059023e+03,3.7134118046e+03,False,False,1.0000000000e+00,0,1.0000000000e+00,2.0000000000e+00,9.3733197924e+19,9.3733197924e+16,1.0894314671e+00,1.5406887561e+00,1.5406887561e+00,2.1788629343e+00,1.0894314671e-03,1.5406887561e-03,1.5406887561e-03,2.1788629343e-03,3.6339522162e-09,5.1391845091e-09,0,0.0000000000e+00,inf,2.7029834815e+20,8.5652377923e+12,5.4059669631e+20,1.7130475585e+13,2.5324238325e-20,2.5814717967e-21,-1.1868609216e+00,2025-11-22T13:30:24.766329,1.6180339887e+00
Star_0674,1.3896916360e-01,2.7640966640e+29,9.5096388784e+18,9.5096388784e+15,6.3567104802e+07,1.0051409870e+03,3.0818416821e+02,4.1053249652e+02,4.1053249652e-01,2.3164156209e+16,2.3164156209e+16,6.1579874479e+02,1.2315974896e+03,False,False,1.0000000000e+00,0,1.0000000000e+00,2.0000000000e+00,1.9019277757e+19,1.9019277757e+16,1.3928279160e+00,1.9697561288e+00,1.9697561288e+00,2.7856558319e+00,1.3928279160e-03,1.9697561288e-03,1.9697561288e-03,2.7856558319e-03,4.6459738356e-09,6.5703992087e-09,0,0.0000000000e+00,inf,4.2898927134e+19,1.3593849702e+12,8.5797854268e+19,2.7187699403e+12,2.0400034410e-19,2.0795142111e-20,-1.9399696035e+00,2025-11-22T13:30:24.766329,1.6180339887e+00
Star_0675,5.5009522380e-01,1.0941394001e+30,5.6850018224e+19,5.6850018224e+16,3.8001349080e+08,6.0088804803e+03,1.8423702312e+03,1.6250509084e+03,1.6250509084e+00,3.4983530626e+16,3.4983530626e+16,2.4375763627e+03,4.8751527253e+03,False,False,1.0000000000e+00,0,1.0000000000e+00,2.0000000000e+00,1.1370003645e+20,1.1370003645e+17,1.1333756723e+00,1.6028352471e+00,1.6028352471e+00,2.2667513447e+00,1.1333756723e-03,1.6028352471e-03,1.6028352471e-03,2.2667513447e-03,3.7805343067e-09,5.3464828895e-09,0,0.0000000000e+00,inf,3.1516399014e+20,9.9869441953e+12,6.3032798027e+20,1.9973888391e+13,2.2595250710e-20,2.3032875342e-21,-1.2845404147e+00,2025-11-22T13:30:24.767336,1.6180339887e+00
Star_0676,1.3535355288e+00,2.6921821668e+30,1.5710908544e+19,1.5710908544e+16,1.0501944214e+08,1.6605970345e+03,5.0915217110e+02,3.9985152488e+03,3.9985152488e+00,3.9291856016e+15,3.9291856016e+15,5.9977728733e+03,1.1995545747e+04,False,False,1.0000000000e+00,0,1.0000000000e+00,2.0000000000e+00,3.1421817087e+19,3.1421817087e+16,3.3818507190e+00,4.7826591527e+00,4.7826591527e+00,6.7637014379e+00,3.3818507190e-03,4.7826591527e-03,4.7826591527e-03,6.7637014379e-03,1.1280639752e-08,1.5953233729e-08,0,2.2204460493e-16,inf,2.9189505371e+19,9.2495960943e+11,5.8379010741e+19,1.8499192189e+12,7.2796008286e-19,7.4205920781e-20,-1.1436914285e+01,2025-11-22T13:30:24.767336,1.6180339887e+00
Star_0677,1.7567987845e+00,3.4942727824e+30,7.9057840587e+19,7.9057840587e+16,5.2846150125e+08,8.3561822838e+03,2.5620715101e+03,5.1898059412e+03,5.1898059412e+00,1.5233294170e+16,1.5233294170e+16,7.7847089118e+03,1.5569417824e+04,False,False,1.0000000000e+00,0,1.0000000000e+00,2.0000000000e+00,1.5811568117e+20,1.5811568117e+17,1.7175476347e+00,2.4289791590e+00,2.4289791590e+00,3.4350952694e+00,1.7175476347e-03,2.4289791590e-03,2.4289791590e-03,3.4350952694e-03,5.7291222274e-09,8.1022023544e-09,0,2.2204460493e-16,inf,2.8921181128e+20,9.1645692726e+12,5.7842362255e+20,1.8329138545e+13,3.7314071010e-20,3.8036769633e-21,-2.9499698775e+00,2025-11-22T13:30:24.767336,1.6180339887e+00
Star_0678,1.8809428310e-01,3.7411952909e+29,5.9299530280e+19,5.9299530280e+16,3.9638723449e+08,6.2677867329e+03,1.9217529339e+03,5.5565431656e+02,5.5565431656e-01,1.0672018288e+17,1.0672018288e+17,8.3348147484e+02,1.6669629497e+03,False,False,1.0000000000e+00,0,1.0000000000e+00,2.0000000000e+00,1.1859906056e+20,1.1859906056e+17,6.4890694863e-01,9.1769300747e-01,9.1769300747e-01,1.2978138973e+00,6.4890694863e-04,9.1769300747e-04,9.1769300747e-04,1.2978138973e-03,2.1645205919e-09,3.0610943771e-09,0,0.0000000000e+00,inf,5.7418084082e+20,1.8194692905e+13,1.1483616816e+21,3.6389385810e+13,7.1009032617e-21,7.2384334981e-22,-4.2108022798e-01,2025-11-22T13:30:24.767336,1.6180339887e+00
Star_0679,9.1245713170e-01,1.8148772350e+30,8.6087298961e+18,8.6087298961e+15,5.7544985936e+07,9.0991754530e+02,2.7898790861e+02,2.6955138431e+03,2.6955138431e+00,3.1937249805e+15,3.1937249805e+15,4.0432707647e+03,8.0865415293e+03,False,False,1.0000000000e+00,0,1.0000000000e+00,2.0000000000e+00,1.7217459792e+19,1.7217459792e+16,3.7510853632e+00,5.3048357942e+00,5.3048357942e+00,7.5021707263e+00,3.7510853632e-03,5.3048357942e-03,5.3048357942e-03,7.5021707263e-03,1.2512273952e-08,1.7695027519e-08,0,2.2204460493e-16,inf,1.4419891834e+19,4.5693879870e+11,2.8839783668e+19,9.1387759740e+11,1.6344619440e-18,1.6661181897e-19,-1.4070641402e+01,2025-11-22T13:30:24.767336,1.6180339887e+00
Star_0680,4.8744370190e-01,9.6952552308e+29,3.9367309863e+19,3.9367309863e+16,2.6315046700e+08,4.1610093926e+03,1.2757983557e+03,1.4399703839e+03,1.4399703839e+00,2.7338971901e+16,2.7338971901e+16,2.1599555758e+03,4.3199111516e+03,False,False,1.0000000000e+00,0,1.0000000000e+00,2.0000000000e+00,7.8734619727e+19,7.8734619727e+16,1.2820784956e+00,1.8131327965e+00,1.8131327965e+00,2.5641569911e+00,1.2820784956e-03,1.8131327965e-03,1.8131327965e-03,2.5641569911e-03,4.2765535335e-09,6.0479600073e-09,0,0.0000000000e+00,inf,1.9293054503e+20,6.1136000528e+12,3.8586109005e+20,1.2227200106e+13,4.1753558333e-20,4.2562240911e-21,-1.6437252688e+00,2025-11-22T13:30:24.767336,1.6180339887e+00
Star_0681,4.5170435420e-01,8.9843996050e+29,1.1943120568e+20,1.1943120568e+17,7.9833693638e+08,1.2623528769e+04,3.8704736585e+03,1.3343918278e+03,1.3343918278e+00,8.9502350955e+16,8.9502350955e+16,2.0015877417e+03,4.0031754833e+03,False,False,1.0000000000e+00,0,1.0000000000e+00,2.0000000000e+00,2.3886241136e+20,2.3886241136e+17,7.0857933686e-01,1.0020825082e+00,1.0020825082e+00,1.4171586737e+00,7.0857933686e-04,1.0020825082e-03,1.0020825082e-03,1.4171586737e-03,2.3635662538e-09,3.3425874516e-09,0,0.0000000000e+00,inf,1.0590322886e+21,3.3558708158e+13,2.1180645772e+21,6.7117416317e+13,4.2039655696e-21,4.2853879405e-22,-5.0208467663e-01,2025-11-22T13:30:24.767336,1.6180339887e+00
Star_0682,1.8591745387e+00,3.6978981575e+30,1.9558885221e+19,1.9558885221e+16,1.3074121137e+08,2.0673169032e+03,6.3385569631e+02,5.4922368753e+03,5.4922368753e+00,3.5611874843e+15,3.5611874843e+15,8.2383553129e+03,1.6476710626e+04,False,False,1.0000000000e+00,0,1.0000000000e+00,2.0000000000e+00,3.9117770442e+19,3.9117770442e+16,3.5522889583e+00,5.0236952222e+00,5.0236952222e+00,7.1045779165e+00,3.5522889583e-03,5.0236952222e-03,5.0236952222e-03,7.1045779165e-03,1.1849160522e-08,1.6757243514e-08,0,2.2204460493e-16,inf,3.4595186847e+19,1.0962553188e+12,6.9190373695e+19,2.1925106375e+12,6.4516748783e-19,6.5766308647e-20,-1.2618756843e+01,2025-11-22T13:30:24.767336,1.6180339887e+00
Star_0683,1.6444351143e+00,3.2707814423e+30,3.6756131130e+19,3.6756131130e+16,2.4569606370e+08,3.8850154455e+03,1.1911764309e+03,4.8578694392e+03,4.8578694392e+00,7.5663069149e+15,7.5663069149e+15,7.2868041588e+03,1.4573608318e+04,False,False,1.0000000000e+00,0,1.0000000000e+00,2.0000000000e+00,7.3512262259e+19,7.3512262259e+16,2.4370460085e+00,3.4465035173e+00,3.4465035173e+00,4.8740920169e+00,2.4370460085e-03,3.4465035173e-03,3.4465035173e-03,4.8740920169e-03,8.1291104677e-09,1.1496298273e-08,0,2.2204460493e-16,inf,9.4764556049e+19,3.0029075737e+12,1.8952911210e+20,6.0058151475e+12,1.6158374303e-19,1.6471329565e-20,-5.9391932474e+00,2025-11-22T13:30:24.767336,1.6180339887e+00
Star_0684,1.5126896220e+00,3.0087396582e+30,4.2751004617e+19,4.2751004617e+16,2.8576874744e+08,4.5186560213e+03,1.3854556379e+03,4.4686765819e+03,4.4686765819e+00,9.5668155513e+15,9.5668155513e+15,6.7030148729e+03,1.3406029746e+04,False,False,1.0000000000e+00,0,1.0000000000e+00,2.0000000000e+00,8.5502009235e+19,8.5502009235e+16,2.1673148400e+00,3.0650460406e+00,3.0650460406e+00,4.3346296799e+00,2.1673148400e-03,3.0650460406e-03,3.0650460406e-03,4.3346296799e-03,7.2293841360e-09,1.0223893093e-08,0,2.2204460493e-16,inf,1.2393791577e+20,3.9273555584e+12,2.4787583154e+20,7.8547111168e+12,1.0987469552e-19,1.1200274773e-20,-4.6972536155e+00,2025-11-22T13:30:24.767336,1.6180339887e+00
Star_0685,4.9828463710e-01,9.9108814319e+29,2.6211750214e+19,2.6211750214e+16,1.7521223405e+08,2.7705052546e+03,8.4945880073e+02,1.4719958784e+03,1.4719958784e+00,1.7806945385e+16,1.7806945385e+16,2.2079938176e+03,4.4159876353e+03,False,False,1.0000000000e+00,0,1.0000000000e+00,2.0000000000e+00,5.2423500428e+19,5.2423500428e+16,1.5885869543e+00,2.2466012158e+00,2.2466012158e+00,3.1771739087e+00,1.5885869543e-03,2.2466012158e-03,2.2466012158e-03,3.1771739087e-03,5.2989557007e-09,7.4938550183e-09,0,2.2204460493e-16,inf,1.0367281651e+20,3.2851933134e+12,2.0734563301e+20,6.5703866267e+12,9.6277756764e-20,9.8142463572e-21,-2.5236085115e+00,2025-11-22T13:30:24.767336,1.6180339887e+00
Star_0686,1.0701523310e-01,2.1285329864e+29,6.0773553084e+19,6.0773553084e+16,4.0624032810e+08,6.4235866277e+03,1.9695224126e+03,3.1613654190e+02,3.1613654190e-01,1.9223830538e+17,1.9223830538e+17,4.7420481284e+02,9.4840962569e+02,False,False,1.0000000000e+00,0,1.0000000000e+00,2.0000000000e+00,1.2154710617e+20,1.2154710617e+17,4.8348804549e-01,6.8375535118e-01,6.8375535118e-01,9.6697609098e-01,4.8348804549e-04,6.8375535118e-04,6.8375535118e-04,9.6697609098e-04,1.6127425243e-09,2.2807623505e-09,0,0.0000000000e+00,inf,7.8978477206e+20,2.5026769211e+13,1.5795695441e+21,5.0053538423e+13,3.8464213177e-21,3.9209187744e-22,-2.3376069013e-01,2025-11-22T13:30:24.767336,1.6180339887e+00
Star_0687,2.2841955430e-01,4.5432649350e+29,9.5805734259e+19,9.5805734259e+16,6.4041266216e+08,1.0126385610e+04,3.1048298363e+03,6.7478027105e+02,6.7478027105e-01,1.4198063928e+17,1.4198063928e+17,1.0121704066e+03,2.0243408132e+03,False,False,1.0000000000e+00,0,1.0000000000e+00,2.0000000000e+00,1.9161146852e+20,1.9161146852e+17,5.6258887701e-01,7.9562081991e-01,7.9562081991e-01,1.1251777540e+00,5.6258887701e-04,7.9562081991e-04,7.9562081991e-04,1.1251777540e-03,1.8765944973e-09,2.6539053892e-09,0,0.0000000000e+00,inf,1.0699912608e+21,3.3905977033e+13,2.1399825216e+21,6.7811954066e+13,3.3036252682e-21,3.3676098555e-22,-3.1650624454e-01,2025-11-22T13:30:24.768356,1.6180339887e+00
Star_0688,4.1064016910e-01,8.1676329634e+29,1.0210677809e+19,1.0210677809e+16,6.8253193907e+07,1.0792387494e+03,3.3090312761e+02,1.2130830281e+03,1.2130830281e+00,8.4171302144e+15,8.4171302144e+15,1.8196245422e+03,3.6392490843e+03,False,False,1.0000000000e+00,0,1.0000000000e+00,2.0000000000e+00,2.0421355617e+19,2.0421355617e+16,2.3105942177e+00,3.2676736798e+00,3.2676736798e+00,4.6211884354e+00,2.3105942177e-03,3.2676736798e-03,3.2676736798e-03,4.6211884354e-03,7.7073126959e-09,1.0899786144e-08,0,2.2204460493e-16,inf,2.7765836291e+19,8.7984625861e+11,5.5531672582e+19,1.7596925172e+12,5.2286887697e-19,5.3299579711e-20,-5.3388456388e+00,2025-11-22T13:30:24.768356,1.6180339887e+00
Star_0689,1.9667819220e+00,3.9119292429e+30,7.9772898118e+19,7.9772898118e+16,5.3324129758e+08,8.4317617713e+03,2.5852447781e+03,5.8101227038e+03,5.8101227038e+00,1.3729985094e+16,1.3729985094e+16,8.7151840557e+03,1.7430368111e+04,False,False,1.0000000000e+00,0,1.0000000000e+00,2.0000000000e+00,1.5954579624e+20,1.5954579624e+17,1.8091337359e+00,2.5585014654e+00,2.5585014654e+00,3.6182674717e+00,1.8091337359e-03,2.5585014654e-03,2.5585014654e-03,3.6182674717e-03,6.0346205770e-09,8.5342422637e-09,0,2.2204460493e-16,inf,2.7705409027e+20,8.7793143417e+12,5.5410818054e+20,1.7558628683e+13,4.1028531637e-20,4.1823171904e-21,-3.2729648742e+00,2025-11-22T13:30:24.768356,1.6180339887e+00
Star_0690,3.2396351970e-01,6.4436344068e+29,3.2245744682e+19,3.2245744682e+16,2.1554642167e+08,3.4082808036e+03,1.0450058231e+03,9.5702923641e+02,9.5702923641e-01,3.3693583702e+16,3.3693583702e+16,1.4355438546e+03,2.8710877092e+03,False,False,1.0000000000e+00,0,1.0000000000e+00,2.0000000000e+00,6.4491489365e+19,6.4491489365e+16,1.1548673472e+00,1.6332290652e+00,1.6332290652e+00,2.3097346945e+00,1.1548673472e-03,1.6332290652e-03,1.6332290652e-03,2.3097346945e-03,3.8522228175e-09,5.4478657538e-09,0,0.0000000000e+00,inf,1.7543658992e+20,5.5592500672e+12,3.5087317984e+20,1.1118500134e+13,4.1361072688e-20,4.2162153607e-21,-1.3337185897e+00,2025-11-22T13:30:24.768356,1.6180339887e+00
Star_0691,1.4148115970e-01,2.8140602664e+29,2.7125929784e+19,2.7125929784e+16,1.8132306005e+08,2.8671313586e+03,8.7908512765e+02,4.1795325091e+02,4.1795325091e-01,6.4901827477e+16,6.4901827477e+16,6.2692987636e+02,1.2538597527e+03,False,False,1.0000000000e+00,0,1.0000000000e+00,2.0000000000e+00,5.4251859568e+19,5.4251859568e+16,8.3210329600e-01,1.1767717665e+00,1.1767717665e+00,1.6642065920e+00,8.3210329600e-04,1.1767717665e-03,1.1767717665e-03,1.6642065920e-03,2.7755978304e-09,3.9252880955e-09,0,0.0000000000e+00,inf,2.0482702602e+20,6.4905767872e+12,4.0965405204e+20,1.2981153574e+13,2.5525241005e-20,2.6019613665e-21,-6.9239589522e-01,2025-11-22T13:30:24.768356,1.6180339887e+00
Star_0692,1.9658297110e+00,3.9100352952e+30,2.1641665591e+19,2.1641665591e+16,1.4466354005e+08,2.2874606904e+03,7.0135352080e+02,5.8073097520e+03,5.8073097520e+00,3.7266249805e+15,3.7266249805e+15,8.7109646280e+03,1.7421929256e+04,False,False,1.0000000000e+00,0,1.0000000000e+00,2.0000000000e+00,4.3283331183e+19,4.3283331183e+16,3.4725448185e+00,4.9109199783e+00,4.9109199783e+00,6.9450896370e+00,3.4725448185e-03,4.9109199783e-03,4.9109199783e-03,6.9450896370e-03,1.1583162704e-08,1.6381065791e-08,0,2.2204460493e-16,inf,3.9158197338e+19,1.2408483959e+12,7.8316394675e+19,2.4816967917e+12,5.5719221174e-19,5.6798390595e-20,-1.2058567517e+01,2025-11-22T13:30:24.768861,1.6180339887e+00
Star_0693,2.9528096200e-01,5.8731383342e+29,6.9891792230e+19,6.9891792230e+16,4.6719112453e+08,7.3873578089e+03,2.2650222715e+03,8.7229733105e+02,8.7229733105e-01,8.0123817582e+16,8.0123817582e+16,1.3084459966e+03,2.6168919931e+03,False,False,1.0000000000e+00,0,1.0000000000e+00,2.0000000000e+00,1.3978358446e+20,1.3978358446e+17,7.4890182399e-01,1.0591071164e+00,1.0591071164e+00,1.4978036480e+00,7.4890182399e-04,1.0591071164e-03,1.0591071164e-03,1.4978036480e-03,2.4980675931e-09,3.5328010699e-09,0,0.0000000000e+00,inf,5.8638271128e+20,1.8581346848e+13,1.1727654226e+21,3.7162693696e+13,8.0246038064e-21,8.1800242675e-22,-5.6085394197e-01,2025-11-22T13:30:24.768861,1.6180339887e+00
Star_0694,3.9795180640e-01,7.9152614293e+29,1.3214276004e+20,1.3214276004e+17,8.8330721952e+08,1.3967102848e+04,4.2824240866e+03,1.1755999989e+03,1.1755999989e+00,1.1240452549e+17,1.1240452549e+17,1.7633999984e+03,3.5267999968e+03,False,False,1.0000000000e+00,0,1.0000000000e+00,2.0000000000e+00,2.6428552008e+20,2.6428552008e+17,6.3228635084e-01,8.9418793265e-01,8.9418793265e-01,1.2645727017e+00,6.3228635084e-04,8.9418793265e-04,8.9418793265e-04,1.2645727017e-03,2.1090802452e-09,2.9826898869e-09,0,0.0000000000e+00,inf,1.3131351756e+21,4.1610742756e+13,2.6262703512e+21,8.3221485513e+13,3.0254100136e-21,3.0840061301e-22,-3.9978602945e-01,2025-11-22T13:30:24.768861,1.6180339887e+00
Star_0695,4.2714801350e-01,8.4959739885e+29,3.6668799292e+19,3.6668799292e+16,2.4511229473e+08,3.8757847259e+03,1.1883462194e+03,1.2618492896e+03,1.2618492896e+00,2.9059571213e+16,2.9059571213e+16,1.8927739344e+03,3.7855478689e+03,False,False,1.0000000000e+00,0,1.0000000000e+00,2.0000000000e+00,7.3337598583e+19,7.3337598583e+16,1.2435438505e+00,1.7586365788e+00,1.7586365788e+00,2.4870877010e+00,1.2435438505e-03,1.7586365788e-03,1.7586365788e-03,2.4870877010e-03,4.1480157933e-09,5.8661801918e-09,0,0.0000000000e+00,inf,1.8527441622e+20,5.8709919708e+12,3.7054883243e+20,1.1741983942e+13,4.2172128294e-20,4.2988917731e-21,-1.5464013081e+00,2025-11-22T13:30:24.768861,1.6180339887e+00
Star_0696,1.6428689362e+00,3.2676663141e+30,3.5635956274e+19,3.5635956274e+16,2.3820826386e+08,3.7666162429e+03,1.1548743000e+03,4.8532427509e+03,4.8532427509e+00,7.3427104522e+15,7.3427104522e+15,7.2798641264e+03,1.4559728253e+04,False,False,1.0000000000e+00,0,1.0000000000e+00,2.0000000000e+00,7.1271912548e+19,7.1271912548e+16,2.4738735865e+00,3.4985855777e+00,3.4985855777e+00,4.9477471731e+00,2.4738735865e-03,3.4985855777e-03,3.4985855777e-03,4.9477471731e-03,8.2519540453e-09,1.1670025327e-08,0,2.2204460493e-16,inf,9.0508794825e+19,2.8680506384e+12,1.8101758965e+20,5.7361012767e+12,1.7173807474e-19,1.7506429638e-20,-6.1200505222e+00,2025-11-22T13:30:24.768861,1.6180339887e+00
Star_0697,1.5736629788e+00,3.1300156648e+30,6.3139023045e+19,6.3139023045e+16,4.2205229308e+08,6.6736098769e+03,2.0461815162e+03,4.6487995944e+03,4.6487995944e+00,1.3581790689e+16,1.3581790689e+16,6.9731993916e+03,1.3946398783e+04,False,False,1.0000000000e+00,0,1.0000000000e+00,2.0000000000e+00,1.2627804609e+20,1.2627804609e+17,1.8189769197e+00,2.5724218295e+00,2.5724218295e+00,3.6379538394e+00,1.8189769197e-03,2.5724218295e-03,2.5724218295e-03,3.6379538394e-03,6.0674539040e-09,8.5806756001e-09,0,2.2204460493e-16,inf,2.1809742477e+20,6.9110903483e+12,4.3619484955e+20,1.3822180697e+13,5.2403044500e-20,5.3417986239e-21,-3.3086770343e+00,2025-11-22T13:30:24.768861,1.6180339887e+00
Star_0698,3.1923211960e-01,6.3495268588e+29,3.3317394103e+19,3.3317394103e+16,2.2270985363e+08,3.5215510097e+03,1.0797353632e+03,9.4305208174e+02,9.4305208174e-01,3.5329325653e+16,3.5329325653e+16,1.4145781226e+03,2.8291562452e+03,False,False,1.0000000000e+00,0,1.0000000000e+00,2.0000000000e+00,6.6634788206e+19,6.6634788206e+16,1.1278154277e+00,1.5949718737e+00,1.5949718737e+00,2.2556308554e+00,1.1278154277e-03,1.5949718737e-03,1.5949718737e-03,2.2556308554e-03,3.7619873269e-09,5.3202534992e-09,0,0.0000000000e+00,inf,1.8561491177e+20,5.8817816236e+12,3.7122982353e+20,1.1763563247e+13,3.8177284665e-20,3.8916702003e-21,-1.2719676390e+00,2025-11-22T13:30:24.768861,1.6180339887e+00
Star_0699,3.3403962820e-01,6.6440482049e+29,2.0327930740e+19,2.0327930740e+16,1.3588188998e+08,2.1486027630e+03,6.5877858315e+02,9.8679533611e+02,9.8679533611e-01,2.0599946105e+16,2.0599946105e+16,1.4801930042e+03,2.9603860083e+03,False,False,1.0000000000e+00,0,1.0000000000e+00,2.0000000000e+00,4.0655861481e+19,4.0655861481e+16,1.4769733633e+00,2.0887557616e+00,2.0887557616e+00,2.9539467266e+00,1.4769733633e-03,2.0887557616e-03,2.0887557616e-03,2.9539467266e-03,4.9266528356e-09,6.9673392571e-09,0,0.0000000000e+00,inf,8.6476952752e+19,2.7402892727e+12,1.7295390550e+20,5.4805785454e+12,1.0731295495e-19,1.0939139139e-20,-2.1814503158e+00,2025-11-22T13:30:24.768861,1.6180339887e+00
Star_0700,3.9068718520e-01,7.7707681136e+29,1.6093372446e+19,1.6093372446e+16,1.0757601902e+08,1.7010223492e+03,5.2154689198e+02,1.1541393885e+03,1.1541393885e+00,1.3944045759e+16,1.3944045759e+16,1.7312090828e+03,3.4624181656e+03,False,False,1.0000000000e+00,0,1.0000000000e+00,2.0000000000e+00,3.2186744892e+19,3.2186744892e+16,1.7951936585e+00,2.5387872190e+00,2.5387872190e+00,3.5903873171e+00,1.7951936585e-03,2.5387872190e-03,2.5387872190e-03,3.5903873171e-03,5.9881214842e-09,8.4684826161e-09,0,2.2204460493e-16,inf,5.6326870816e+19,1.7848908287e+12,1.1265374163e+20,3.5697816574e+12,2.0025139433e-19,2.0412986170e-20,-3.2227202717e+00,2025-11-22T13:30:24.768861,1.6180339887e+00
Star_0701,1.2978556322e+00,2.5814348524e+30,6.0739298618e+19,6.0739298618e+16,4.0601135440e+08,6.4199660309e+03,1.9684123090e+03,3.8340297877e+03,3.8340297877e+00,1.5842156160e+16,1.5842156160e+16,5.7510446816e+03,1.1502089363e+04,False,False,1.0000000000e+00,0,1.0000000000e+00,2.0000000000e+00,1.2147859724e+20,1.2147859724e+17,1.6842189912e+00,2.3818453394e+00,2.3818453394e+00,3.3684379824e+00,1.6842189912e-03,2.3818453394e-03,2.3818453394e-03,3.3684379824e-03,5.6179498392e-09,7.9449808553e-09,0,2.2204460493e-16,inf,2.2659539563e+20,7.1803747951e+12,4.5319079127e+20,1.4360749590e+13,4.6701125546e-20,4.7605632565e-21,-2.8365936103e+00,2025-11-22T13:30:24.768861,1.6180339887e+00
Star_0702,2.3327140390e-01,4.6397682236e+29,6.7741296255e+19,6.7741296255e+16,4.5281615144e+08,7.1600566806e+03,2.1953299496e+03,6.8911324880e+02,6.8911324880e-01,9.8302124321e+16,9.8302124321e+16,1.0336698732e+03,2.0673397464e+03,False,False,1.0000000000e+00,0,1.0000000000e+00,2.0000000000e+00,1.3548259251e+20,1.3548259251e+17,6.7612073288e-01,9.5617911024e-01,9.5617911024e-01,1.3522414658e+00,6.7612073288e-04,9.5617911024e-04,9.5617911024e-04,1.3522414658e-03,2.2552960051e-09,3.1894701976e-09,0,0.0000000000e+00,inf,6.2951939885e+20,1.9948265992e+13,1.2590387977e+21,3.9896531983e+13,6.7483096827e-21,6.8790108896e-22,-4.5713924543e-01,2025-11-22T13:30:24.768861,1.6180339887e+00
Star_0703,4.8385817510e-01,9.6239391027e+29,1.2358620089e+20,1.2358620089e+17,8.2611096853e+08,1.3062699597e+04,4.0051269045e+03,1.4293782839e+03,1.4293782839e+00,8.6461507272e+16,8.6461507272e+16,2.1440674259e+03,4.2881348518e+03,False,False,1.0000000000e+00,0,1.0000000000e+00,2.0000000000e+00,2.4717240178e+20,2.4717240178e+17,7.2093200164e-01,1.0195518143e+00,1.0195518143e+00,1.4418640033e+00,7.2093200164e-04,1.0195518143e-03,1.0195518143e-03,1.4418640033e-03,2.4047703083e-09,3.4008587843e-09,0,0.0000000000e+00,inf,1.0770988108e+21,3.4131201700e+13,2.1541976215e+21,6.8262403400e+13,4.2055095734e-21,4.2869618485e-22,-5.1974295099e-01,2025-11-22T13:30:24.768861,1.6180339887e+00
Star_0704,2.7861429230e-01,5.5416382738e+29,8.5338108906e+19,8.5338108906e+16,5.7044190445e+08,9.0199882577e+03,2.7655996664e+03,8.2306187950e+02,8.2306187950e-01,1.0368370961e+17,1.0368370961e+17,1.2345928193e+03,2.4691856385e+03,False,False,1.0000000000e+00,0,1.0000000000e+00,2.0000000000e+00,1.7067621781e+20,1.7067621781e+17,6.5834030079e-01,9.3103378204e-01,9.3103378204e-01,1.3166806016e+00,6.5834030079e-04,9.3103378204e-04,9.3103378204e-04,1.3166806016e-03,2.1959868677e-09,3.1055944110e-09,0,0.0000000000e+00,inf,8.1446502877e+20,2.5808839353e+13,1.6289300575e+21,5.1617678706e+13,5.0787620818e-21,5.1771275044e-22,-4.3341195165e-01,2025-11-22T13:30:24.769866,1.6180339887e+00
Star_0705,1.4776348150e-01,2.9390156470e+29,9.4433557672e+19,9.4433557672e+16,6.3124035877e+08,9.9813505626e+03,3.0603609448e+03,4.3651202457e+02,4.3651202457e-01,2.1633666969e+17,2.1633666969e+17,6.5476803685e+02,1.3095360737e+03,False,False,1.0000000000e+00,0,1.0000000000e+00,2.0000000000e+00,1.8886711534e+20,1.8886711534e+17,4.5576464765e-01,6.4454854595e-01,6.4454854595e-01,9.1152929529e-01,4.5576464765e-04,6.4454854595e-04,6.4454854595e-04,9.1152929529e-04,1.5202672232e-09,2.1499825254e-09,0,0.0000000000e+00,inf,1.3018639009e+21,4.1253577613e+13,2.6037278018e+21,8.2507155226e+13,2.1996567657e-21,2.2422597000e-22,-2.0772141404e-01,2025-11-22T13:30:24.769866,1.6180339887e+00
Star_0706,1.6797894065e+00,3.3411011295e+30,1.6250829640e+19,1.6250829640e+16,1.0862854037e+08,1.7176651136e+03,5.2664969504e+02,4.9623104926e+03,4.9623104926e+00,3.2748514354e+15,3.2748514354e+15,7.4434657390e+03,1.4886931478e+04,False,False,1.0000000000e+00,0,1.0000000000e+00,2.0000000000e+00,3.2501659280e+19,3.2501659280e+16,3.7043320030e+00,5.2387165581e+00,5.2387165581e+00,7.4086640059e+00,3.7043320030e-03,5.2387165581e-03,5.2387165581e-03,7.4086640059e-03,1.2356321529e-08,1.7474477487e-08,0,2.2204460493e-16,inf,2.7564206972e+19,8.7345701106e+11,5.5128413944e+19,1.7469140221e+12,8.4439231055e-19,8.6074649394e-20,-1.3722075588e+01,2025-11-22T13:30:24.769866,1.6180339887e+00
Star_0707,8.4252373180e-01,1.6757797026e+30,2.2516100867e+19,2.2516100867e+16,1.5050869564e+08,2.3798859388e+03,7.2969183223e+02,2.4889217294e+03,2.4889217294e+00,9.0465283023e+15,9.0465283023e+15,3.7333825941e+03,7.4667651881e+03,False,False,1.0000000000e+00,0,1.0000000000e+00,2.0000000000e+00,4.5032201734e+19,4.5032201734e+16,2.2287673243e+00,3.1519529774e+00,3.1519529774e+00,4.4575346485e+00,2.2287673243e-03,3.1519529774e-03,3.1519529774e-03,4.4575346485e-03,7.4343675593e-09,1.0513783430e-08,0,2.2204460493e-16,inf,6.3475820290e+19,2.0114273674e+12,1.2695164058e+20,4.0228547348e+12,2.2061563035e-19,2.2488851208e-20,-4.9674037857e+00,2025-11-22T13:30:24.769866,1.6180339887e+00
Star_0708,1.2975535187e+00,2.5808339487e+30,6.6621421157e+19,6.6621421157e+16,4.4533035533e+08,7.0416891615e+03,2.1590375330e+03,3.8331373062e+03,3.8331373062e+00,1.7380389961e+16,1.7380389961e+16,5.7497059593e+03,1.1499411919e+04,False,False,1.0000000000e+00,0,1.0000000000e+00,2.0000000000e+00,1.3324284231e+20,1.3324284231e+17,1.6079626138e+00,2.2740025362e+00,2.2740025362e+00,3.2159252275e+00,1.6079626138e-03,2.2740025362e-03,2.2740025362e-03,3.2159252275e-03,5.3635859437e-09,7.5852559846e-09,0,2.2204460493e-16,inf,2.6032616118e+20,8.2492382556e+12,5.2065232235e+20,1.6498476511e+13,3.8809495840e-20,3.9561157839e-21,-2.5855437673e+00,2025-11-22T13:30:24.769866,1.6180339887e+00
Star_0709,3.7212408830e-01,7.4015481163e+29,1.5428901907e+20,1.5428901907e+17,1.0313437104e+09,1.6307897587e+04,5.0001302482e+03,1.0993016510e+03,1.0993016510e+00,1.4035184876e+17,1.4035184876e+17,1.6489524765e+03,3.2979049531e+03,False,False,1.0000000000e+00,0,1.0000000000e+00,2.0000000000e+00,3.0857803814e+20,3.0857803814e+17,5.6584389720e-01,8.0022411361e-01,8.0022411361e-01,1.1316877944e+00,5.6584389720e-04,8.0022411361e-04,8.0022411361e-04,1.1316877944e-03,1.8874520759e-09,2.6692603241e-09,0,0.0000000000e+00,inf,1.7132401754e+21,5.4289305124e+13,3.4264803507e+21,1.0857861025e+14,2.0751918570e-21,2.1153841560e-22,-3.2017931600e-01,2025-11-22T13:30:24.769866,1.6180339887e+00
Star_0710,6.3440335250e-01,1.2618282681e+30,1.0052720380e+19,1.0052720380e+16,6.7197328743e+07,1.0625431117e+03,3.2578411317e+02,1.8741077902e+03,1.8741077902e+00,5.3640033046e+15,5.3640033046e+15,2.8111616854e+03,5.6223233707e+03,False,False,1.0000000000e+00,0,1.0000000000e+00,2.0000000000e+00,2.0105440760e+19,2.0105440760e+16,2.8944175760e+00,4.0933245912e+00,4.0933245912e+00,5.7888351521e+00,2.8944175760e-03,4.0933245912e-03,4.0933245912e-03,5.7888351521e-03,9.6547377987e-09,1.3653861136e-08,0,2.2204460493e-16,inf,2.1822388557e+19,6.9150976489e+11,4.3644777113e+19,1.3830195298e+12,8.3337174294e-19,8.4951248007e-20,-8.3776531044e+00,2025-11-22T13:30:24.769866,1.6180339887e+00
Star_0711,1.1763568910e-01,2.3397738562e+29,1.5849716961e+19,1.5849716961e+16,1.0594730589e+08,1.6752686778e+03,5.1365061284e+02,3.4751071299e+02,3.4751071299e-01,4.5609290212e+16,4.5609290212e+16,5.2126606949e+02,1.0425321390e+03,False,False,1.0000000000e+00,0,1.0000000000e+00,2.0000000000e+00,3.1699433921e+19,3.1699433921e+16,9.9261091905e-01,1.4037638239e+00,1.4037638239e+00,1.9852218381e+00,9.9261091905e-04,1.4037638239e-03,1.4037638239e-03,1.9852218381e-03,3.3109936310e-09,4.6824520979e-09,0,0.0000000000e+00,inf,1.0032804074e+20,3.1792037653e+12,2.0065608149e+20,6.3584075306e+12,6.2163661287e-20,6.3367646572e-21,-9.8527643663e-01,2025-11-22T13:30:24.769866,1.6180339887e+00
Star_0712,1.4494994820e-01,2.8830544697e+29,6.5583162272e+19,6.5583162272e+16,4.3839012214e+08,6.9319482372e+03,2.1253900986e+03,4.2820049113e+02,4.2820049113e-01,1.5315994173e+17,1.5315994173e+17,6.4230073670e+02,1.2846014734e+03,False,False,1.0000000000e+00,0,1.0000000000e+00,2.0000000000e+00,1.3116632454e+20,1.3116632454e+17,5.4166791175e-01,7.6603410709e-01,7.6603410709e-01,1.0833358235e+00,5.4166791175e-04,7.6603410709e-04,7.6603410709e-04,1.0833358235e-03,1.8068096688e-09,2.5552147382e-09,0,0.0000000000e+00,inf,7.6074501120e+20,2.4106554719e+13,1.5214900224e+21,4.8213109438e+13,4.4737721764e-21,4.5604201594e-22,-2.9340412661e-01,2025-11-22T13:30:24.769866,1.6180339887e+00
Star_0713,1.4616842790e-01,2.9072900309e+29,3.1022522385e+19,3.1022522385e+16,2.0736980204e+08,3.2789897881e+03,1.0053641762e+03,4.3180003437e+02,4.3180003437e-01,7.1844650107e+16,7.1844650107e+16,6.4770005156e+02,1.2954001031e+03,False,False,1.0000000000e+00,0,1.0000000000e+00,2.0000000000e+00,6.2045044771e+19,6.2045044771e+16,7.9087616658e-01,1.1184678009e+00,1.1184678009e+00,1.5817523332e+00,7.9087616658e-04,1.1184678009e-03,1.1184678009e-03,1.5817523332e-03,2.6380789292e-09,3.7308070003e-09,0,0.0000000000e+00,inf,2.4646115926e+20,7.8098828573e+12,4.9292231851e+20,1.5619765715e+13,2.0162290580e-20,2.0552793660e-21,-6.2548511086e-01,2025-11-22T13:30:24.769866,1.6180339887e+00
Star_0714,1.8682260829e+00,3.7159016789e+30,2.7172470956e+19,2.7172470956e+16,1.8163416414e+08,2.8720506242e+03,8.8059341335e+02,5.5189762823e+03,5.5189762823e+00,4.9234621723e+15,4.9234621723e+15,8.2784644235e+03,1.6556928847e+04,False,False,1.0000000000e+00,0,1.0000000000e+00,2.0000000000e+00,5.4344941912e+19,5.4344941912e+16,3.0211368789e+00,4.2725327479e+00,4.2725327479e+00,6.0422737578e+00,3.0211368789e-03,4.2725327479e-03,4.2725327479e-03,6.0422737578e-03,1.0077427895e-08,1.4251635203e-08,0,2.2204460493e-16,inf,5.6511729561e+19,1.7907486489e+12,1.1302345912e+20,3.5814972977e+12,3.3590128980e-19,3.4240702324e-20,-9.1272680411e+00,2025-11-22T13:30:24.769866,1.6180339887e+00
Star_0715,2.0454382790e-01,4.0683767369e+29,1.0952691252e+20,1.0952691252e+17,7.3213176819e+08,1.1576673980e+04,3.5494997090e+03,6.0424835367e+02,6.0424835367e-01,1.8126141653e+17,1.8126141653e+17,9.0637253051e+02,1.8127450610e+03,False,False,1.0000000000e+00,0,1.0000000000e+00,2.0000000000e+00,2.1905382504e+20,2.1905382504e+17,4.9791248968e-01,7.0415459578e-01,7.0415459578e-01,9.9582497935e-01,4.9791248968e-04,7.0415459578e-04,7.0415459578e-04,9.9582497935e-04,1.6608572911e-09,2.3488069062e-09,0,0.0000000000e+00,inf,1.3821261803e+21,4.3796935772e+13,2.7642523607e+21,8.7593871545e+13,2.2635244769e-21,2.3073644005e-22,-2.4791684738e-01,2025-11-22T13:30:24.769866,1.6180339887e+00
Star_0716,3.9925444680e-01,7.9411709469e+29,8.6808067256e+18,8.6808067256e+15,5.8026782925e+07,9.1753585515e+02,2.8132374261e+02,1.1794481635e+03,1.1794481635e+00,7.3600578593e+15,7.3600578593e+15,1.7691722453e+03,3.5383444905e+03,False,False,1.0000000000e+00,0,1.0000000000e+00,2.0000000000e+00,1.7361613451e+19,1.7361613451e+16,2.4709564485e+00,3.4944601215e+00,3.4944601215e+00,4.9419128970e+00,2.4709564485e-03,3.4944601215e-03,3.4944601215e-03,4.9419128970e-03,8.2422235201e-09,1.1656264286e-08,0,2.2204460493e-16,inf,2.2073686206e+19,6.9947290688e+11,4.4147372412e+19,1.3989458138e+12,7.0334773752e-19,7.1697017076e-20,-6.1056257703e+00,2025-11-22T13:30:24.770889,1.6180339887e+00
Star_0717,5.8631901270e-01,1.1661885163e+30,2.3166671269e+19,2.3166671269e+16,1.5485742827e+08,2.4486493256e+03,7.5077522992e+02,1.7320605652e+03,1.7320605652e+00,1.3375208544e+16,1.3375208544e+16,2.5980908477e+03,5.1961816955e+03,False,False,1.0000000000e+00,0,1.0000000000e+00,2.0000000000e+00,4.6333342539e+19,4.6333342539e+16,1.8329702829e+00,2.5922114335e+00,2.5922114335e+00,3.6659405658e+00,1.8329702829e-03,2.5922114335e-03,2.5922114335e-03,3.6659405658e-03,6.1141307394e-09,8.6466866138e-09,0,2.2204460493e-16,inf,7.9412355942e+19,2.5164257086e+12,1.5882471188e+20,5.0328514172e+12,1.4502644851e-19,1.4783531958e-20,-3.3597800580e+00,2025-11-22T13:30:24.770889,1.6180339887e+00
Star_0718,1.7235106191e+00,3.4280626214e+30,1.6500827929e+19,1.6500827929e+16,1.1029965193e+08,1.7440892008e+03,5.3475152894e+02,5.0914684878e+03,5.0914684878e+00,3.2408779448e+15,3.2408779448e+15,7.6372027317e+03,1.5274405463e+04,False,False,1.0000000000e+00,0,1.0000000000e+00,2.0000000000e+00,3.3001655857e+19,3.3001655857e+16,3.7236972792e+00,5.2661031944e+00,5.2661031944e+00,7.4473945584e+00,3.7236972792e-03,5.2661031944e-03,5.2661031944e-03,7.4473945584e-03,1.2420917137e-08,1.7565829473e-08,0,2.2204460493e-16,inf,2.7842692846e+19,8.8228169589e+11,5.5685385692e+19,1.7645633918e+12,8.4031670939e-19,8.5659195656e-20,-1.3865921427e+01,2025-11-22T13:30:24.770889,1.6180339887e+00
Star_0719,4.9753332510e-01,9.8959378362e+29,2.8433387100e+19,2.8433387100e+16,1.9006274799e+08,3.0053257689e+03,9.2145662573e+02,1.4697764077e+03,1.4697764077e+00,1.9345382707e+16,1.9345382707e+16,2.2046646116e+03,4.4093292231e+03,False,False,1.0000000000e+00,0,1.0000000000e+00,2.0000000000e+00,5.6866774200e+19,5.6866774200e+16,1.5241125606e+00,2.1554206538e+00,2.1554206538e+00,3.0482251213e+00,1.5241125606e-03,2.1554206538e-03,2.1554206538e-03,3.0482251213e-03,5.0838922727e-09,7.1897094016e-09,0,0.0000000000e+00,inf,1.1721722180e+20,3.7143896176e+12,2.3443444359e+20,7.4287792351e+12,8.1696882939e-20,8.3279187501e-21,-2.3229190975e+00,2025-11-22T13:30:24.770889,1.6180339887e+00
Star_0720,4.7721275510e-01,9.4917616989e+29,5.7366970510e+19,5.7366970510e+16,3.8346905421e+08,6.0635208233e+03,1.8591233921e+03,1.4097468723e+03,1.4097468723e+00,4.0693100044e+16,4.0693100044e+16,2.1146203084e+03,4.2292406168e+03,False,False,1.0000000000e+00,0,1.0000000000e+00,2.0000000000e+00,1.1473394102e+20,1.1473394102e+17,1.0508611026e+00,1.4861420235e+00,1.4861420235e+00,2.1017222053e+00,1.0508611026e-03,1.4861420235e-03,1.4861420235e-03,2.1017222053e-03,3.5052953288e-09,4.9572361941e-09,0,0.0000000000e+00,inf,3.4300185374e+20,1.0869072862e+13,6.8600370748e+20,2.1738145723e+13,1.9249910658e-20,1.9622742770e-21,-1.1043090570e+00,2025-11-22T13:30:24.771404,1.6180339887e+00
Star_0721,1.0954368520e-01,2.1788238986e+29,7.4520476194e+19,7.4520476194e+16,4.9813152536e+08,7.8765961520e+03,2.4150266129e+03,3.2360590939e+02,3.2360590939e-01,2.3028156789e+17,2.3028156789e+17,4.8540886408e+02,9.7081772816e+02,False,False,1.0000000000e+00,0,1.0000000000e+00,2.0000000000e+00,1.4904095239e+20,1.4904095239e+17,4.4174955047e-01,6.2472820544e-01,6.2472820544e-01,8.8349910093e-01,4.4174955047e-04,6.2472820544e-04,6.2472820544e-04,8.8349910093e-04,1.4735178911e-09,2.0838689859e-09,0,0.0000000000e+00,inf,1.0599353426e+21,3.3587324213e+13,2.1198706852e+21,6.7174648426e+13,2.6186449054e-21,2.6693627986e-22,-1.9514266534e-01,2025-11-22T13:30:24.771404,1.6180339887e+00
Star_0722,2.3532825940e-01,4.6806790795e+29,3.7958637044e+19,3.7958637044e+16,2.5373420484e+08,4.0121168000e+03,1.2301467105e+03,6.9518946025e+02,6.9518946025e-01,5.4601859227e+16,5.4601859227e+16,1.0427841904e+03,2.0855683807e+03,False,False,1.0000000000e+00,0,1.0000000000e+00,2.0000000000e+00,7.5917274089e+19,7.5917274089e+16,9.0719780263e-01,1.2829714362e+00,1.2829714362e+00,1.8143956053e+00,9.0719780263e-04,1.2829714362e-03,1.2829714362e-03,1.8143956053e-03,3.0260861420e-09,4.2795320629e-09,0,0.0000000000e+00,inf,2.6289873043e+20,8.3307580560e+12,5.2579746086e+20,1.6661516112e+13,2.1681701904e-20,2.2101632930e-21,-8.2300785309e-01,2025-11-22T13:30:24.771404,1.6180339887e+00
Star_0723,2.8875015480e-01,5.7432405790e+29,1.5455918593e+20,1.5455918593e+17,1.0331496386e+09,1.6336453433e+04,5.0088856964e+03,8.5300450007e+02,8.5300450007e-01,1.8119386934e+17,1.8119386934e+17,1.2795067501e+03,2.5590135002e+03,False,False,1.0000000000e+00,0,1.0000000000e+00,2.0000000000e+00,3.0911837187e+20,3.0911837187e+17,4.9800528932e-01,7.0428583430e-01,7.0428583430e-01,9.9601057865e-01,4.9800528932e-04,7.0428583430e-04,7.0428583430e-04,9.9601057865e-04,1.6611668374e-09,2.3492446708e-09,0,0.0000000000e+00,inf,1.9500274936e+21,6.1792642458e+13,3.9000549872e+21,1.2358528492e+14,1.6046232820e-21,1.6357016126e-22,-2.4800926819e-01,2025-11-22T13:30:24.771404,1.6180339887e+00
Star_0724,1.0547380887e+00,2.0978740584e+30,5.1214867614e+19,5.1214867614e+16,3.4234537175e+08,5.4132615595e+03,1.6597487641e+03,3.1158297965e+03,3.1158297965e+00,1.6436991415e+16,1.6436991415e+16,4.6737446947e+03,9.3474893894e+03,False,False,1.0000000000e+00,0,1.0000000000e+00,2.0000000000e+00,1.0242973523e+20,1.0242973523e+17,1.6534632281e+00,2.3383501220e+00,2.3383501220e+00,3.3069264562e+00,1.6534632281e-03,2.3383501220e-03,2.3383501220e-03,3.3069264562e-03,5.5153596562e-09,7.7998964271e-09,0,2.2204460493e-16,inf,1.9461727255e+20,6.1670492226e+12,3.8923454509e+20,1.2334098445e+13,5.3381777088e-20,5.4415674912e-21,-2.7339406466e+00,2025-11-22T13:30:24.771404,1.6180339887e+00
Star_0725,2.3236764210e-01,4.6217924014e+29,8.2939942514e+19,8.2939942514e+16,5.5441138044e+08,8.7665090914e+03,2.6878809513e+03,6.8644342206e+02,6.8644342206e-01,1.2082560609e+17,1.2082560609e+17,1.0296651331e+03,2.0593302662e+03,False,False,1.0000000000e+00,0,1.0000000000e+00,2.0000000000e+00,1.6587988503e+20,1.6587988503e+17,6.0985447359e-01,8.6246446763e-01,8.6246446763e-01,1.2197089472e+00,6.0985447359e-04,8.6246446763e-04,8.6246446763e-04,1.2197089472e-03,2.0342555569e-09,2.8768717978e-09,0,0.0000000000e+00,inf,8.5451046233e+20,2.7077802568e+13,1.7090209247e+21,5.4155605137e+13,4.4842384463e-21,4.5710891400e-22,-3.7192247896e-01,2025-11-22T13:30:24.771913,1.6180339887e+00
Star_0726,1.0124341784e+00,2.0137315808e+30,1.1367643492e+20,1.1367643492e+17,7.5986921735e+08,1.2015266348e+04,3.6839755944e+03,2.9908586917e+03,2.9908586917e+00,3.8007959130e+16,3.8007959130e+16,4.4862880375e+03,8.9725760750e+03,False,False,1.0000000000e+00,0,1.0000000000e+00,2.0000000000e+00,2.2735286983e+20,2.2735286983e+17,1.0873476743e+00,1.5377418279e+00,1.5377418279e+00,2.1746953485e+00,1.0873476743e-03,1.5377418279e-03,1.5377418279e-03,2.1746953485e-03,3.6270014313e-09,5.1293546149e-09,0,0.0000000000e+00,inf,6.5687371440e+20,2.0815071945e+13,1.3137474288e+21,4.1630143890e+13,1.0400792087e-20,1.0602234543e-21,-1.1823249647e+00,2025-11-22T13:30:24.771913,1.6180339887e+00
Star_0727,2.9540505730e-01,5.8756065897e+29,3.3629118238e+19,3.3629118238e+16,2.2479357111e+08,3.5544993382e+03,1.0898375810e+03,8.7266392427e+02,8.7266392427e-01,3.8536161864e+16,3.8536161864e+16,1.3089958864e+03,2.6179917728e+03,False,False,1.0000000000e+00,0,1.0000000000e+00,2.0000000000e+00,6.7258236477e+19,6.7258236477e+16,1.0798700005e+00,1.5271668003e+00,1.5271668003e+00,2.1597400010e+00,1.0798700005e-03,1.5271668003e-03,1.5271668003e-03,2.1597400010e-03,3.6020585965e-09,5.0940801196e-09,0,0.0000000000e+00,inf,1.9566983203e+20,6.2004028198e+12,3.9133966405e+20,1.2400805640e+13,3.4675878497e-20,3.5347480629e-21,-1.1661192180e+00,2025-11-22T13:30:24.771913,1.6180339887e+00
Star_0728,1.2784236180e-01,2.5427845762e+29,1.5687723213e+20,1.5687723213e+17,1.0486445998e+09,1.6581464130e+04,5.0840079118e+03,3.7766251585e+02,3.7766251585e-01,4.1538999914e+17,4.1538999914e+17,5.6649377378e+02,1.1329875476e+03,False,False,1.0000000000e+00,0,1.0000000000e+00,2.0000000000e+00,3.1375446427e+20,3.1375446427e+17,3.2891046137e-01,4.6514963528e-01,4.6514963528e-01,6.5782092275e-01,3.2891046137e-04,4.6514963528e-04,4.6514963528e-04,6.5782092275e-04,1.0971272045e-09,1.5515721722e-09,0,0.0000000000e+00,inf,2.9968299453e+21,9.4963810471e+13,5.9936598907e+21,1.8992762094e+14,6.8959714631e-22,7.0295325822e-23,-1.0818209160e-01,2025-11-22T13:30:24.771913,1.6180339887e+00
Star_0729,4.3961045420e-01,8.7438519340e+29,2.9309002766e+19,2.9309002766e+16,1.9591579389e+08,3.0978757812e+03,9.4983319072e+02,1.2986649166e+03,1.2986649166e+00,2.2568564370e+16,2.2568564370e+16,1.9479973749e+03,3.8959947499e+03,False,False,1.0000000000e+00,0,1.0000000000e+00,2.0000000000e+00,5.8618005532e+19,5.8618005532e+16,1.4110868292e+00,1.9955781316e+00,1.9955781316e+00,2.8221736585e+00,1.4110868292e-03,1.9955781316e-03,1.9955781316e-03,2.8221736585e-03,4.7068790144e-09,6.6565321386e-09,0,0.0000000000e+00,inf,1.3050500631e+20,4.1354541000e+12,2.6101001261e+20,8.2709082000e+12,6.7937010875e-20,6.9252814347e-21,-1.9911660396e+00,2025-11-22T13:30:24.771913,1.6180339887e+00
Star_0730,1.6654273710e-01,3.3125350409e+29,8.6187001247e+19,8.6187001247e+16,5.7611631850e+08,9.1097136927e+03,2.7931101937e+03,4.9198832222e+02,4.9198832222e-01,1.7518098978e+17,1.7518098978e+17,7.3798248333e+02,1.4759649667e+03,False,False,1.0000000000e+00,0,1.0000000000e+00,2.0000000000e+00,1.7237400249e+20,1.7237400249e+17,5.0647990284e-01,7.1627074766e-01,7.1627074766e-01,1.0129598057e+00,5.0647990284e-04,7.1627074766e-04,7.1627074766e-04,1.0129598057e-03,1.6894351053e-09,2.3892220386e-09,0,0.0000000000e+00,inf,1.0692011605e+21,3.3880940266e+13,2.1384023211e+21,6.7761880532e+13,2.9763408433e-21,3.0339865885e-22,-2.5652189198e-01,2025-11-22T13:30:24.772426,1.6180339887e+00
Star_0731,2.9665420140e-01,5.9004520658e+29,6.2271120836e+18,6.2271120836e+15,4.1625080773e+07,6.5818751544e+02,2.0180549255e+02,8.7635405402e+02,8.7635405402e-01,7.1057035168e+15,7.1057035168e+15,1.3145310810e+03,2.6290621621e+03,False,False,1.0000000000e+00,0,1.0000000000e+00,2.0000000000e+00,1.2454224167e+19,1.2454224167e+16,2.5147925421e+00,3.5564537196e+00,3.5564537196e+00,5.0295850842e+00,2.5147925421e-03,3.5564537196e-03,3.5564537196e-03,5.0295850842e-03,8.3884449892e-09,1.1863052671e-08,0,2.2204460493e-16,inf,1.5558380461e+19,4.9301532629e+11,3.1116760922e+19,9.8603065257e+11,1.0155881964e-18,1.0352581003e-19,-6.3241815298e+00,2025-11-22T13:30:24.772426,1.6180339887e+00
Star_0732,4.2832498290e-01,8.5193839099e+29,7.8761239974e+19,7.8761239974e+16,5.2647887683e+08,8.3248324674e+03,2.5524594087e+03,1.2653262062e+03,1.2653262062e+00,6.2245798427e+16,6.2245798427e+16,1.8979893093e+03,3.7959786185e+03,False,False,1.0000000000e+00,0,1.0000000000e+00,2.0000000000e+00,1.5752247995e+20,1.5752247995e+17,8.4967078172e-01,1.2016159431e+00,1.2016159431e+00,1.6993415634e+00,8.4967078172e-04,1.2016159431e-03,1.2016159431e-03,1.6993415634e-03,2.8341966552e-09,4.0081593482e-09,0,0.0000000000e+00,inf,5.8242730765e+20,1.8456007670e+13,1.1648546153e+21,3.6912015340e+13,9.1661893279e-21,9.3437200080e-22,-7.2194043730e-01,2025-11-22T13:30:24.772426,1.6180339887e+00
Star_0733,2.4897020010e-01,4.9520172800e+29,2.3071098242e+19,2.3071098242e+16,1.5421857113e+08,2.4385475364e+03,7.4767794153e+02,7.3548947953e+02,7.3548947953e-01,3.1368359281e+16,3.1368359281e+16,1.1032342193e+03,2.2064684386e+03,False,False,1.0000000000e+00,0,1.0000000000e+00,2.0000000000e+00,4.6142196483e+19,4.6142196483e+16,1.1969053365e+00,1.6926797597e+00,1.6926797597e+00,2.3938106730e+00,1.1969053365e-03,1.6926797597e-03,1.6926797597e-03,2.3938106730e-03,3.9924464560e-09,5.6461719251e-09,0,0.0000000000e+00,inf,1.2111232282e+20,3.8378179208e+12,2.4222464563e+20,7.6756358416e+12,6.2094243173e-20,6.3296883968e-21,-1.4325823845e+00,2025-11-22T13:30:24.772426,1.6180339887e+00
Star_0734,2.0247713880e-01,4.0272702907e+29,4.0576543991e+18,4.0576543991e+15,2.7123358283e+07,4.2888218995e+02,1.3149866802e+02,5.9814309252e+02,5.9814309252e-01,6.7837519982e+15,6.7837519982e+15,8.9721463878e+02,1.7944292776e+03,False,False,1.0000000000e+00,0,1.0000000000e+00,2.0000000000e+00,8.1153087982e+18,8.1153087982e+15,2.5737758637e+00,3.6398687329e+00,3.6398687329e+00,5.1475517274e+00,2.5737758637e-03,3.6398687329e-03,3.6398687329e-03,5.1475517274e-03,8.5851921721e-09,1.2141295205e-08,0,2.2204460493e-16,inf,9.9056778260e+18,3.1389198881e+11,1.9811355652e+19,6.2778397762e+11,1.6325496321e-18,1.6641688401e-19,-6.6243221965e+00,2025-11-22T13:30:24.772426,1.6180339887e+00
Star_0735,1.9483384130e-01,3.8752451035e+29,9.9755399379e+17,9.9755399379e+14,6.6681416697e+06,1.0543853650e+02,3.2328288355e+01,5.7556382441e+02,5.7556382441e-01,1.7331770196e+15,1.7331770196e+15,8.6334573661e+02,1.7266914732e+03,False,False,1.0000000000e+00,0,1.0000000000e+00,2.0000000000e+00,1.9951079876e+18,1.9951079876e+15,5.0919513318e+00,7.2011066324e+00,7.2011066324e+00,1.0183902664e+01,5.0919513318e-03,7.2011066324e-03,7.2011066324e-03,1.0183902664e-02,1.6984921388e-08,2.4020306183e-08,0,4.4408920985e-16,inf,1.2309262576e+18,3.9005699344e+10,2.4618525152e+18,7.8011398688e+10,2.5991543844e-17,2.6494947853e-18,-2.5927968366e+01,2025-11-22T13:30:24.772922,1.6180339887e+00
Star_0736,1.6124959720e-01,3.2072544883e+29,1.3046563760e+19,1.3046563760e+16,8.7209650800e+07,1.3789835916e+03,4.2280726447e+02,4.7635171708e+02,4.7635171708e-01,2.7388509985e+16,2.7388509985e+16,7.1452757562e+02,1.4290551512e+03,False,False,1.0000000000e+00,0,1.0000000000e+00,2.0000000000e+00,2.6093127519e+19,2.6093127519e+16,1.2809185117e+00,1.8114923316e+00,1.8114923316e+00,2.5618370235e+00,1.2809185117e-03,1.8114923316e-03,1.8114923316e-03,2.5618370235e-03,4.2726842439e-09,6.0424880055e-09,0,0.0000000000e+00,inf,6.3996247203e+19,2.0279187011e+12,1.2799249441e+20,4.0558374023e+12,1.2576125514e-19,1.2819699811e-20,-1.6407522337e+00,2025-11-22T13:30:24.772922,1.6180339887e+00
Star_0737,1.2520415704e+00,2.4903106835e+30,2.7525007641e+19,2.7525007641e+16,1.8399069279e+08,2.9093127197e+03,8.9201826622e+02,3.6986892512e+03,3.6986892512e+00,7.4418275696e+15,7.4418275696e+15,5.5480338767e+03,1.1096067753e+04,False,False,1.0000000000e+00,0,1.0000000000e+00,2.0000000000e+00,5.5050015281e+19,5.5050015281e+16,2.4573436979e+00,3.4752087849e+00,3.4752087849e+00,4.9146873957e+00,2.4573436979e-03,3.4752087849e-03,3.4752087849e-03,4.9146873957e-03,8.1968162717e-09,1.1592048740e-08,0,2.2204460493e-16,inf,7.0378727948e+19,2.2301673115e+12,1.4075745590e+20,4.4603346229e+12,2.1938370112e-19,2.2363272285e-20,-6.0385380495e+00,2025-11-22T13:30:24.772922,1.6180339887e+00
Star_0738,2.2652454060e-01,4.5055731125e+29,1.3431198077e+19,1.3431198077e+16,8.9780735811e+07,1.4196383128e+03,4.3527232321e+02,6.6918216076e+02,6.6918216076e-01,2.0071064151e+16,2.0071064151e+16,1.0037732411e+03,2.0075464823e+03,False,False,1.0000000000e+00,0,1.0000000000e+00,2.0000000000e+00,2.6862396155e+19,2.6862396155e+16,1.4963063038e+00,2.1160966683e+00,2.1160966683e+00,2.9926126076e+00,1.4963063038e-03,2.1160966683e-03,2.1160966683e-03,2.9926126076e-03,4.9911405836e-09,7.0585387051e-09,0,0.0000000000e+00,inf,5.6399352328e+19,1.7871876292e+12,1.1279870466e+20,3.5743752584e+12,1.6669641397e-19,1.6992498875e-20,-2.2389325548e+00,2025-11-22T13:30:24.772922,1.6180339887e+00
Star_0739,3.4165811980e-01,6.7955800028e+29,6.1922098730e+19,6.1922098730e+16,4.1391777226e+08,6.5449845397e+03,2.0067439715e+03,1.0093013245e+03,1.0093013245e+00,6.1351448997e+16,6.1351448997e+16,1.5139519867e+03,3.0279039734e+03,False,False,1.0000000000e+00,0,1.0000000000e+00,2.0000000000e+00,1.2384419746e+20,1.2384419746e+17,8.5584140384e-01,1.2103425205e+00,1.2103425205e+00,1.7116828077e+00,8.5584140384e-04,1.2103425205e-03,1.2103425205e-03,1.7116828077e-03,2.8547796350e-09,4.0372680775e-09,0,0.0000000000e+00,inf,4.5460294301e+20,1.4405497978e+13,9.0920588601e+20,2.8810995957e+13,1.1828806251e-20,1.2057906474e-21,-7.3246450852e-01,2025-11-22T13:30:24.772922,1.6180339887e+00
Star_0740,3.5035793170e-01,6.9686192615e+29,1.5082262370e+19,1.5082262370e+16,1.0081726183e+08,1.5941509745e+03,4.8877928411e+02,1.0350016698e+03,1.0350016698e+00,1.4572210664e+16,1.4572210664e+16,1.5525025047e+03,3.1050050094e+03,False,False,1.0000000000e+00,0,1.0000000000e+00,2.0000000000e+00,3.0164524740e+19,3.0164524740e+16,1.7560746943e+00,2.4834646492e+00,2.4834646492e+00,3.5121493886e+00,1.7560746943e-03,2.4834646492e-03,2.4834646492e-03,3.5121493886e-03,5.8576346650e-09,8.2839463866e-09,0,2.2204460493e-16,inf,5.3963905766e+19,1.7100129847e+12,1.0792781153e+20,3.4200259694e+12,2.0446523580e-19,2.0842531682e-20,-3.0837983319e+00,2025-11-22T13:30:24.773421,1.6180339887e+00
Star_0741,1.7270144382e+00,3.4350317176e+30,1.2092913055e+19,1.2092913055e+16,8.0834980315e+07,1.2781855042e+03,3.9190177448e+02,5.1018192129e+03,5.1018192129e+00,2.3703139117e+15,2.3703139117e+15,7.6527288193e+03,1.5305457639e+04,False,False,1.0000000000e+00,0,1.0000000000e+00,2.0000000000e+00,2.4185826110e+19,2.4185826110e+16,4.3541438442e+00,6.1576892770e+00,6.1576892770e+00,8.7082876884e+00,4.3541438442e-03,6.1576892770e-03,6.1576892770e-03,8.7082876884e-03,1.4523860518e-08,2.0539840522e-08,0,2.2204460493e-16,inf,1.7450506081e+19,5.5297316908e+11,3.4901012161e+19,1.1059463382e+12,1.5677420758e-18,1.5981060916e-19,-1.8958568616e+01,2025-11-22T13:30:24.773421,1.6180339887e+00
Star_0742,9.4343046500e-01,1.8764831949e+30,7.7227550455e+19,7.7227550455e+16,5.1622694154e+08,8.1627259756e+03,2.5027562775e+03,2.7870129895e+03,2.7870129895e+00,2.7709792077e+16,2.7709792077e+16,4.1805194843e+03,8.3610389685e+03,False,False,1.0000000000e+00,0,1.0000000000e+00,2.0000000000e+00,1.5445510091e+20,1.5445510091e+17,1.2734710355e+00,1.8009600097e+00,1.8009600097e+00,2.5469420710e+00,1.2734710355e-03,1.8009600097e-03,1.8009600097e-03,2.5469420710e-03,4.2478421371e-09,6.0073559612e-09,0,0.0000000000e+00,inf,3.8103340932e+20,1.2074220135e+13,7.6206681865e+20,2.4148440269e+13,2.0999351510e-20,2.1406066778e-21,-1.6217284782e+00,2025-11-22T13:30:24.773421,1.6180339887e+00
Star_0743,3.6672072600e-01,7.2940752401e+29,3.1800388507e+19,3.1800388507e+16,2.1256944189e+08,3.3612079597e+03,1.0305729172e+03,1.0833394350e+03,1.0833394350e+00,2.9354039446e+16,2.9354039446e+16,1.6250091524e+03,3.2500183049e+03,False,False,1.0000000000e+00,0,1.0000000000e+00,2.0000000000e+00,6.3600777014e+19,6.3600777014e+16,1.2372907563e+00,1.7497933681e+00,1.7497933681e+00,2.4745815125e+00,1.2372907563e-03,1.7497933681e-03,1.7497933681e-03,2.4745815125e-03,4.1271577161e-09,5.8366824162e-09,0,0.0000000000e+00,inf,1.6148810037e+20,5.1172491053e+12,3.2297620073e+20,1.0234498211e+13,4.8140557000e-20,4.9072942915e-21,-1.5308884155e+00,2025-11-22T13:30:24.773421,1.6180339887e+00
Star_0744,2.5610202280e-01,5.0938692335e+29,4.2011365140e+19,4.2011365140e+16,2.8082463329e+08,4.4404782941e+03,1.3614857290e+03,7.5655778636e+02,7.5655778636e-01,5.5529618355e+16,5.5529618355e+16,1.1348366795e+03,2.2696733591e+03,False,False,1.0000000000e+00,0,1.0000000000e+00,2.0000000000e+00,8.4022730280e+19,8.4022730280e+16,8.9958739352e-01,1.2722086925e+00,1.2722086925e+00,1.7991747870e+00,8.9958739352e-04,1.2722086925e-03,1.2722086925e-03,1.7991747870e-03,3.0007005497e-09,4.2436314140e-09,0,0.0000000000e+00,inf,2.9342918107e+20,9.2982096570e+12,5.8685836214e+20,1.8596419314e+13,1.9262822712e-20,1.9635904905e-21,-8.0925747858e-01,2025-11-22T13:30:24.773421,1.6180339887e+00
Star_0745,1.6800853660e-01,3.3416897930e+29,3.0857000000e+19,3.0857000000e+16,2.0626336898e+08,3.2614945566e+03,1.0000000000e+03,4.9631847945e+02,4.9631847945e-01,6.2171773323e+16,6.2171773323e+16,7.4447771917e+02,1.4889554383e+03,False,False,1.0000000000e+00,0,1.0000000000e+00,2.0000000000e+00,6.1714000000e+19,6.1714000000e+16,8.5017646343e-01,1.2023310850e+00,1.2023310850e+00,1.7003529269e+00,8.5017646343e-04,1.2023310850e-03,1.2023310850e-03,1.7003529269e-03,2.8358834278e-09,4.0105448049e-09,0,0.0000000000e+00,inf,2.2804706713e+20,7.2263754888e+12,4.5609413425e+20,1.4452750978e+13,2.3424183134e-20,2.3877862522e-21,-7.2280001897e-01,2025-11-22T13:30:24.773421,1.6180339887e+00
Star_0746,2.3980165220e-01,4.7696548623e+29,3.2787388516e+19,3.2787388516e+16,2.1916703553e+08,3.4655309709e+03,1.0625591767e+03,7.0840442871e+02,7.0840442871e-01,4.6283432439e+16,4.6283432439e+16,1.0626066431e+03,2.1252132861e+03,False,False,1.0000000000e+00,0,1.0000000000e+00,2.0000000000e+00,6.5574777031e+19,6.5574777031e+16,9.8535545551e-01,1.3935030489e+00,1.3935030489e+00,1.9707109110e+00,9.8535545551e-04,1.3935030489e-03,1.3935030489e-03,1.9707109110e-03,3.2867920097e-09,4.6482258368e-09,0,0.0000000000e+00,inf,2.0907098716e+20,6.6250598003e+12,4.1814197431e+20,1.3250119601e+13,2.9612769350e-20,3.0186309225e-21,-9.7092537370e-01,2025-11-22T13:30:24.773926,1.6180339887e+00
Star_0747,2.7716860300e-01,5.5128835137e+29,5.0514957558e+19,5.0514957558e+16,3.3766682859e+08,5.3392831157e+03,1.6370663887e+03,8.1879113035e+02,8.1879113035e-01,6.1694558826e+16,6.1694558826e+16,1.2281866955e+03,2.4563733910e+03,False,False,1.0000000000e+00,0,1.0000000000e+00,2.0000000000e+00,1.0102991512e+20,1.0102991512e+17,8.5345823572e-01,1.2069722119e+00,1.2069722119e+00,1.7069164714e+00,8.5345823572e-04,1.2069722119e-03,1.2069722119e-03,1.7069164714e-03,2.8468302419e-09,4.0260259378e-09,0,0.0000000000e+00,inf,3.7189264317e+20,1.1784566734e+13,7.4378528635e+20,2.3569133469e+13,1.4419312523e-20,1.4698585650e-21,-7.2839096011e-01,2025-11-22T13:30:24.773926,1.6180339887e+00
Star_0748,1.1305841468e+00,2.2487318680e+30,3.7936651602e+19,3.7936651602e+16,2.5358724333e+08,4.0097930030e+03,1.2294342159e+03,3.3398886508e+03,3.3398886508e+00,1.1358657599e+16,1.1358657599e+16,5.0098329762e+03,1.0019665952e+04,False,False,1.0000000000e+00,0,1.0000000000e+00,2.0000000000e+00,7.5873303203e+19,7.5873303203e+16,1.9890339731e+00,2.8129188208e+00,2.8129188208e+00,3.9780679462e+00,1.9890339731e-03,2.8129188208e-03,2.8129188208e-03,3.9780679462e-03,6.6347031756e-09,9.3828872133e-09,0,2.2204460493e-16,inf,1.1983858253e+20,3.7974555268e+12,2.3967716506e+20,7.5949110536e+12,1.0428585495e-19,1.0630566254e-20,-3.9562561462e+00,2025-11-22T13:30:24.773926,1.6180339887e+00
Star_0749,3.4701549440e-01,6.9021381836e+29,1.0202057005e+20,1.0202057005e+17,6.8195568218e+08,1.0783275558e+04,3.3062374843e+03,1.0251276870e+03,1.0251276870e+00,9.9519866008e+16,9.9519866008e+16,1.5376915305e+03,3.0753830611e+03,False,False,1.0000000000e+00,0,1.0000000000e+00,2.0000000000e+00,2.0404114011e+20,2.0404114011e+17,6.7197143790e-01,9.5031112100e-01,9.5031112100e-01,1.3439428758e+00,6.7197143790e-04,9.5031112100e-04,9.5031112100e-04,1.3439428758e-03,2.2414554468e-09,3.1698966923e-09,0,0.0000000000e+00,inf,9.5393064443e+20,3.0228238029e+13,1.9078612889e+21,6.0456476059e+13,4.4260251938e-21,4.5117484137e-22,-4.5154561335e-01,2025-11-22T13:30:24.773926,1.6180339887e+00
Star_0750,3.4277369300e-01,6.8177687538e+29,7.7360164638e+19,7.7360164638e+16,5.1711339999e+08,8.1767429065e+03,2.5070539793e+03,1.0125968689e+03,1.0125968689e+00,7.6397791675e+16,7.6397791675e+16,1.5188953033e+03,3.0377906066e+03,False,False,1.0000000000e+00,0,1.0000000000e+00,2.0000000000e+00,1.5472032928e+20,1.5472032928e+17,7.6694691082e-01,1.0846267229e+00,1.0846267229e+00,1.5338938216e+00,7.6694691082e-04,1.0846267229e-03,1.0846267229e-03,1.5338938216e-03,2.5582595237e-09,3.6179253145e-09,0,0.0000000000e+00,inf,6.3377039918e+20,2.0082972063e+13,1.2675407984e+21,4.0165944126e+13,7.6034942113e-21,7.7507586251e-22,-5.8820756401e-01,2025-11-22T13:30:24.773926,1.6180339887e+00
Star_0751,4.4942545950e-01,8.9390723895e+29,5.6522079725e+19,5.6522079725e+16,3.7782138853e+08,5.9742183410e+03,1.8317425454e+03,1.3276596844e+03,1.3276596844e+00,4.2572716779e+16,4.2572716779e+16,1.9914895266e+03,3.9829790533e+03,False,False,1.0000000000e+00,0,1.0000000000e+00,2.0000000000e+00,1.1304415945e+20,1.1304415945e+17,1.0274010904e+00,1.4529645560e+00,1.4529645560e+00,2.0548021808e+00,1.0274010904e-03,1.4529645560e-03,1.4529645560e-03,2.0548021808e-03,3.4270411512e-09,4.8465680748e-09,0,0.0000000000e+00,inf,3.4566704686e+20,1.0953527735e+13,6.9133409373e+20,2.1907055471e+13,1.8675055937e-20,1.9036754268e-21,-1.0555530005e+00,2025-11-22T13:30:24.773926,1.6180339887e+00
Star_0752,2.1213631600e-01,4.2193913252e+29,3.1690331670e+19,3.1690331670e+16,2.1183376785e+08,3.3495752743e+03,1.0270062440e+03,6.2667752439e+02,6.2667752439e-01,5.0568802034e+16,5.0568802034e+16,9.4001628658e+02,1.8800325732e+03,False,False,1.0000000000e+00,0,1.0000000000e+00,2.0000000000e+00,6.3380663340e+19,6.3380663340e+16,9.4268017203e-01,1.3331510843e+00,1.3331510843e+00,1.8853603441e+00,9.4268017203e-04,1.3331510843e-03,1.3331510843e-03,1.8853603441e-03,3.1444425865e-09,4.4469133519e-09,0,0.0000000000e+00,inf,2.1122352229e+20,6.6932695227e+12,4.2244704458e+20,1.3386539045e+13,2.8041546425e-20,2.8584654867e-21,-8.8864590674e-01,2025-11-22T13:30:24.774431,1.6180339887e+00
Star_0753,6.1299354780e-01,1.2192441666e+30,1.1631484212e+19,1.1631484212e+16,7.7750562913e+07,1.2294138264e+03,3.7694799273e+02,1.8108605176e+03,1.8108605176e+00,6.4231806362e+15,6.4231806362e+15,2.7162907765e+03,5.4325815529e+03,False,False,1.0000000000e+00,0,1.0000000000e+00,2.0000000000e+00,2.3262968423e+19,2.3262968423e+16,2.6450302137e+00,3.7406376011e+00,3.7406376011e+00,5.2900604274e+00,2.6450302137e-03,3.7406376011e-03,3.7406376011e-03,5.2900604274e-03,8.8228711001e-09,1.2477423969e-08,0,2.2204460493e-16,inf,2.7630221508e+19,8.7554888546e+11,5.5260443016e+19,1.7510977709e+12,6.0148685276e-19,6.1313644522e-20,-6.9961848315e+00,2025-11-22T13:30:24.774431,1.6180339887e+00
Star_0754,1.3811668830e-01,2.7471409303e+29,7.7744810904e+18,7.7744810904e+15,5.1968456487e+07,8.2173988907e+02,2.5195194252e+02,4.0801417660e+02,4.0801417660e-01,1.9054438635e+16,1.9054438635e+16,6.1202126491e+02,1.2240425298e+03,False,False,1.0000000000e+00,0,1.0000000000e+00,2.0000000000e+00,1.5548962181e+19,1.5548962181e+16,1.5357043903e+00,2.1718139766e+00,2.1718139766e+00,3.0714087806e+00,1.5357043903e-03,2.1718139766e-03,2.1718139766e-03,3.0714087806e-03,5.1225584545e-09,7.2443916403e-09,0,0.0000000000e+00,inf,3.1808534030e+19,1.0079516196e+12,6.3617068059e+19,2.0159032391e+12,3.0334988882e-19,3.0922516699e-20,-2.3583879744e+00,2025-11-22T13:30:24.774431,1.6180339887e+00
Star_0755,4.2581836880e-01,8.4695273554e+29,4.2453246406e+19,4.2453246406e+16,2.8377838507e+08,4.4871838501e+03,1.3758060215e+03,1.2579213509e+03,1.2579213509e+00,3.3748728707e+16,3.3748728707e+16,1.8868820264e+03,3.7737640527e+03,False,False,1.0000000000e+00,0,1.0000000000e+00,2.0000000000e+00,8.4906492812e+19,8.4906492812e+16,1.1539234420e+00,1.6318941816e+00,1.6318941816e+00,2.3078468840e+00,1.1539234420e-03,1.6318941816e-03,1.6318941816e-03,2.3078468840e-03,3.8490742887e-09,5.4434130616e-09,0,0.0000000000e+00,inf,2.3116058167e+20,7.3250368111e+12,4.6232116334e+20,1.4650073622e+13,3.1364840684e-20,3.1972314663e-21,-1.3315393100e+00,2025-11-22T13:30:24.774431,1.6180339887e+00
Star_0756,1.4820971894e+00,2.9478913097e+30,3.0305459044e+19,3.0305459044e+16,2.0257659789e+08,3.2031982923e+03,9.8212590478e+02,4.3783026644e+03,4.3783026644e+00,6.9217368846e+15,6.9217368846e+15,6.5674539966e+03,1.3134907993e+04,False,False,1.0000000000e+00,0,1.0000000000e+00,2.0000000000e+00,6.0610918088e+19,6.0610918088e+16,2.5479925970e+00,3.6034056876e+00,3.6034056876e+00,5.0959851941e+00,2.5479925970e-03,3.6034056876e-03,3.6034056876e-03,5.0959851941e-03,8.4991884520e-09,1.2019667578e-08,0,2.2204460493e-16,inf,7.4731306211e+19,2.3680921937e+12,1.4946261242e+20,4.7361843873e+12,2.1422761705e-19,2.1837677579e-20,-6.4922662745e+00,2025-11-22T13:30:24.774431,1.6180339887e+00
Star_0757,2.1261488970e-01,4.2289101561e+29,1.4304734232e+19,1.4304734232e+16,9.5619881229e+07,1.5119685268e+03,4.6358149632e+02,6.2809129166e+02,6.2809129166e-01,2.2774928457e+16,2.2774928457e+16,9.4213693749e+02,1.8842738750e+03,False,False,1.0000000000e+00,0,1.0000000000e+00,2.0000000000e+00,2.8609468464e+19,2.8609468464e+16,1.4046793385e+00,1.9865165713e+00,1.9865165713e+00,2.8093586769e+00,1.4046793385e-03,1.9865165713e-03,1.9865165713e-03,2.8093586769e-03,4.6855059258e-09,6.6263060269e-09,0,0.0000000000e+00,inf,6.3985632512e+19,2.0275823419e+12,1.2797126502e+20,4.0551646838e+12,1.3793503689e-19,1.4060656156e-20,-1.9731240439e+00,2025-11-22T13:30:24.774431,1.6180339887e+00
Star_0758,1.9323017708e+00,3.8433482221e+30,3.5708984482e+19,3.5708984482e+16,2.3869642033e+08,3.7743351106e+03,1.1572409658e+03,5.7082639735e+03,5.7082639735e+00,6.2556645326e+15,6.2556645326e+15,8.5623959603e+03,1.7124791921e+04,False,False,1.0000000000e+00,0,1.0000000000e+00,2.0000000000e+00,7.1417968963e+19,7.1417968963e+16,2.6802109646e+00,3.7903906962e+00,3.7903906962e+00,5.3604219292e+00,2.6802109646e-03,3.7903906962e-03,3.7903906962e-03,5.3604219292e-03,8.9402214535e-09,1.2643382430e-08,0,2.2204460493e-16,inf,8.3712129228e+19,2.6526773021e+12,1.6742425846e+20,5.3053546042e+12,2.0116872320e-19,2.0506495739e-20,-7.1835308148e+00,2025-11-22T13:30:24.774936,1.6180339887e+00
Star_0759,1.8030112794e+00,3.5861894347e+30,2.4069174789e+18,2.4069174789e+15,1.6089020581e+07,2.5440413053e+02,7.8002316458e+01,5.3263234995e+03,5.3263234995e+00,4.5189096741e+14,4.5189096741e+14,7.9894852493e+03,1.5978970499e+04,False,False,1.0000000000e+00,0,1.0000000000e+00,2.0000000000e+00,4.8138349579e+18,4.8138349579e+15,9.9721516608e+00,1.4102752125e+01,1.4102752125e+01,1.9944303322e+01,9.9721516608e-03,1.4102752125e-02,1.4102752125e-02,1.9944303322e-02,3.3263517459e-08,4.7041717523e-08,0,1.1102230246e-15,inf,1.5165341497e+18,4.8056067307e+10,3.0330682993e+18,9.6112134615e+10,4.1315836383e-17,4.2116041165e-18,-9.9443808746e+01,2025-11-22T13:30:24.774936,1.6180339887e+00
Star_0760,3.2849976090e-01,6.5338602443e+29,7.8576607906e+19,7.8576607906e+16,5.2524470526e+08,8.3053173984e+03,2.5464759344e+03,9.7042986700e+02,9.7042986700e-01,8.0970929047e+16,8.0970929047e+16,1.4556448005e+03,2.9112896010e+03,False,False,1.0000000000e+00,0,1.0000000000e+00,2.0000000000e+00,1.5715321581e+20,1.5715321581e+17,7.4497404809e-01,1.0535524024e+00,1.0535524024e+00,1.4899480962e+00,7.4497404809e-04,1.0535524024e-03,1.0535524024e-03,1.4899480962e-03,2.4849659430e-09,3.5142725386e-09,0,0.0000000000e+00,inf,6.6272293585e+20,2.1000422588e+13,1.3254458717e+21,4.2000845175e+13,7.0629968271e-21,7.1997928921e-22,-5.5498633233e-01,2025-11-22T13:30:24.774936,1.6180339887e+00
Star_0761,2.9989409730e-01,5.9648935953e+29,4.5836181196e+18,4.5836181196e+15,3.0639158553e+07,4.8447501528e+02,1.4854386750e+02,8.8592511654e+02,8.8592511654e-01,5.1738211662e+15,5.1738211662e+15,1.3288876748e+03,2.6577753496e+03,False,False,1.0000000000e+00,0,1.0000000000e+00,2.0000000000e+00,9.1672362392e+18,9.1672362392e+15,2.9471347854e+00,4.1678779837e+00,4.1678779837e+00,5.8942695708e+00,2.9471347854e-03,4.1678779837e-03,4.1678779837e-03,5.8942695708e-03,9.8305834813e-09,1.3902544485e-08,0,2.2204460493e-16,inf,9.7721088853e+18,3.0965944449e+11,1.9544217771e+19,6.1931888897e+11,1.8949230099e-18,1.9316238633e-19,-8.6856034435e+00,2025-11-22T13:30:24.774936,1.6180339887e+00
Star_0762,2.9598575030e-01,5.8871565735e+29,8.8166803911e+19,8.8166803911e+16,5.8935029352e+08,9.3189730378e+03,2.8572707623e+03,8.7437936488e+02,8.7437936488e-01,1.0083358260e+17,1.0083358260e+17,1.3115690473e+03,2.6231380946e+03,False,False,1.0000000000e+00,0,1.0000000000e+00,2.0000000000e+00,1.7633360782e+20,1.7633360782e+17,6.6757967561e-01,9.4410023122e-01,9.4410023122e-01,1.3351593512e+00,6.6757967561e-04,9.4410023122e-04,9.4410023122e-04,1.3351593512e-03,2.2268061047e-09,3.1491793940e-09,0,0.0000000000e+00,inf,8.2981610608e+20,2.6295285639e+13,1.6596322122e+21,5.2590571278e+13,5.0547666868e-21,5.1526673668e-22,-4.4566262329e-01,2025-11-22T13:30:24.774936,1.6180339887e+00
Star_0763,2.6072424210e-01,5.1858051754e+29,1.0881886386e+20,1.0881886386e+17,7.2739882262e+08,1.1501835310e+04,3.5265535815e+03,7.7021240713e+02,7.7021240713e-01,1.4128422609e+17,1.4128422609e+17,1.1553186107e+03,2.3106372214e+03,False,False,1.0000000000e+00,0,1.0000000000e+00,2.0000000000e+00,2.1763772773e+20,2.1763772773e+17,5.6397371915e-01,7.9757928245e-01,7.9757928245e-01,1.1279474383e+00,5.6397371915e-04,7.9757928245e-04,7.9757928245e-04,1.1279474383e-03,1.8812138334e-09,2.6604381170e-09,0,0.0000000000e+00,inf,1.2123421063e+21,3.8416803125e+13,2.4246842126e+21,7.6833606250e+13,2.9228972312e-21,2.9795078810e-22,-3.1806635590e-01,2025-11-22T13:30:24.775437,1.6180339887e+00
Star_0764,9.2716935730e+00,1.8441398517e+31,8.3102744132e+19,8.3102744132e+16,5.5549962655e+08,8.7837167458e+03,2.6931569541e+03,2.7389756194e+04,2.7389756194e+01,3.0340811923e+15,3.0340811923e+15,4.1084634292e+04,8.2169268583e+04,False,False,1.0000000000e+00,0,1.0000000000e+00,2.0000000000e+00,1.6620548826e+20,1.6620548826e+17,3.8485054499e+00,5.4426086022e+00,5.4426086022e+00,7.6970108999e+00,3.8485054499e-03,5.4426086022e-03,5.4426086022e-03,7.6970108999e-03,1.2837232383e-08,1.8154588139e-08,0,2.2204460493e-16,inf,1.3567603001e+20,4.2993139532e+12,2.7135206002e+20,8.5986279064e+12,1.7822509176e-19,1.8167695388e-20,-1.4810994198e+01,2025-11-22T13:30:24.775437,1.6180339887e+00
Star_0765,4.5802721760e-01,9.1101613581e+29,1.9923999110e+19,1.9923999110e+16,1.3318181223e+08,2.1059083722e+03,6.4568814563e+02,1.3530703665e+03,1.3530703665e+00,1.4725028057e+16,1.4725028057e+16,2.0296055497e+03,4.0592110994e+03,False,False,1.0000000000e+00,0,1.0000000000e+00,2.0000000000e+00,3.9847998219e+19,3.9847998219e+16,1.7469385943e+00,2.4705442527e+00,2.4705442527e+00,3.4938771887e+00,1.7469385943e-03,2.4705442527e-03,2.4705442527e-03,3.4938771887e-03,5.8271599159e-09,8.2408485831e-09,0,2.2204460493e-16,inf,7.1660319872e+19,2.2707785089e+12,1.4332063974e+20,4.5415570178e+12,1.5317178221e-19,1.5613841204e-20,-3.0517944524e+00,2025-11-22T13:30:24.775437,1.6180339887e+00
Star_0766,2.3847383240e-01,4.7432445264e+29,5.0389956655e+19,5.0389956655e+16,3.3683126106e+08,5.3260708862e+03,1.6330154148e+03,7.0448188098e+02,7.0448188098e-01,7.1527682990e+16,7.1527682990e+16,1.0567228215e+03,2.1134456429e+03,False,False,1.0000000000e+00,0,1.0000000000e+00,2.0000000000e+00,1.0077991331e+20,1.0077991331e+17,7.9262657023e-01,1.1209432455e+00,1.1209432455e+00,1.5852531405e+00,7.9262657023e-04,1.1209432455e-03,1.1209432455e-03,1.5852531405e-03,2.6439176473e-09,3.7390641946e-09,0,0.0000000000e+00,inf,3.9944337873e+20,1.2657596862e+13,7.9888675745e+20,2.5315193724e+13,1.2467898795e-20,1.2709376957e-21,-6.2825687983e-01,2025-11-22T13:30:24.775437,1.6180339887e+00
Star_0767,1.7790213036e+01,3.5384733728e+31,2.4818238554e+19,2.4818238554e+16,1.6589731654e+08,2.6232151521e+03,8.0429849157e+02,5.2554540749e+04,5.2554540749e+01,4.7223775911e+14,4.7223775911e+14,7.8831811123e+04,1.5766362225e+05,False,False,1.0000000000e+00,0,1.0000000000e+00,2.0000000000e+00,4.9636477109e+19,4.9636477109e+16,9.7549567989e+00,1.3795592205e+01,1.3795592205e+01,1.9509913598e+01,9.7549567989e-03,1.3795592205e-02,1.3795592205e-02,1.9509913598e-02,3.2539033383e-08,4.6017142317e-08,0,1.1102230246e-15,inf,1.5985472314e+19,5.0654905044e+11,3.1970944628e+19,1.0130981009e+12,3.8342439952e-18,3.9085056016e-19,-9.5159182148e+01,2025-11-22T13:30:24.775437,1.6180339887e+00
Star_0768,4.2326034620e-01,8.4186482859e+29,7.1419125337e+19,7.1419125337e+16,4.7740057043e+08,7.5487924465e+03,2.3145194068e+03,1.2503646284e+03,1.2503646284e+00,5.7118638606e+16,5.7118638606e+16,1.8755469426e+03,3.7510938852e+03,False,False,1.0000000000e+00,0,1.0000000000e+00,2.0000000000e+00,1.4283825067e+20,1.4283825067e+17,8.8698603303e-01,1.2543876775e+00,1.2543876775e+00,1.7739720661e+00,8.8698603303e-04,1.2543876775e-03,1.2543876775e-03,1.7739720661e-03,2.9586669356e-09,4.1841869069e-09,0,0.0000000000e+00,inf,5.0591506772e+20,1.6031481092e+13,1.0118301354e+21,3.2062962185e+13,1.1015875917e-20,1.1229231312e-21,-7.8674422278e-01,2025-11-22T13:30:24.775437,1.6180339887e+00
Star_0769,2.6725459600e-01,5.3156939144e+29,2.2478460595e+19,2.2478460595e+16,1.5025708954e+08,2.3759074722e+03,7.2847200294e+02,7.8950389900e+02,7.8950389900e-01,2.8471627085e+16,2.8471627085e+16,1.1842558485e+03,2.3685116970e+03,False,False,1.0000000000e+00,0,1.0000000000e+00,2.0000000000e+00,4.4956921190e+19,4.4956921190e+16,1.2563179407e+00,1.7767018705e+00,1.7767018705e+00,2.5126358815e+00,1.2563179407e-03,1.7767018705e-03,1.7767018705e-03,2.5126358815e-03,4.1906255719e-09,5.9264395185e-09,0,0.0000000000e+00,inf,1.1242085204e+20,3.5624018317e+12,2.2484170409e+20,7.1248036634e+12,7.0215429637e-20,7.1575361505e-21,-1.5783347682e+00,2025-11-22T13:30:24.775941,1.6180339887e+00
Star_0770,1.0600092719e+00,2.1083584418e+30,5.3528101657e+19,5.3528101657e+16,3.5780816616e+08,5.6577636251e+03,1.7347150292e+03,3.1314015387e+03,3.1314015387e+00,1.7093975651e+16,1.7093975651e+16,4.6971023081e+03,9.3942046162e+03,False,False,1.0000000000e+00,0,1.0000000000e+00,2.0000000000e+00,1.0705620331e+20,1.0705620331e+17,1.6213775844e+00,2.2929741696e+00,2.2929741696e+00,3.2427551688e+00,1.6213775844e-03,2.2929741696e-03,2.2929741696e-03,3.2427551688e-03,5.4083334692e-09,7.6485385419e-09,0,2.2204460493e-16,inf,2.0743285530e+20,6.5731505343e+12,4.1486571060e+20,1.3146301069e+13,4.9111871892e-20,5.0063070226e-21,-2.6288652712e+00,2025-11-22T13:30:24.775941,1.6180339887e+00
Star_0771,2.6664188860e-01,5.3035071643e+29,2.5784195602e+19,2.5784195602e+16,1.7235424868e+08,2.7253139839e+03,8.3560280007e+02,7.8769388380e+02,7.8769388380e-01,3.2733776575e+16,3.2733776575e+16,1.1815408257e+03,2.3630816514e+03,False,False,1.0000000000e+00,0,1.0000000000e+00,2.0000000000e+00,5.1568391204e+19,5.1568391204e+16,1.1716763077e+00,1.6570005250e+00,1.6570005250e+00,2.3433526153e+00,1.1716763077e-03,1.6570005250e-03,1.6570005250e-03,2.3433526153e-03,3.9082914743e-09,5.5271588087e-09,0,0.0000000000e+00,inf,1.3826931372e+20,4.3814901551e+12,2.7653862744e+20,8.7629803102e+12,5.3242900851e-20,5.4274108921e-21,-1.3728253700e+00,2025-11-22T13:30:24.775941,1.6180339887e+00
Star_0772,1.1155938450e-01,2.2189161577e+29,3.1212684908e+19,3.1212684908e+16,2.0864094190e+08,3.2990894100e+03,1.0115268791e+03,3.2956054022e+02,3.2956054022e-01,9.4710018643e+16,9.4710018643e+16,4.9434081033e+02,9.8868162065e+02,False,False,1.0000000000e+00,0,1.0000000000e+00,2.0000000000e+00,6.2425369816e+19,6.2425369816e+16,6.8882316517e-01,9.7414306226e-01,9.7414306226e-01,1.3776463303e+00,6.8882316517e-04,9.7414306226e-04,9.7414306226e-04,1.3776463303e-03,2.2976667584e-09,3.2493914916e-09,0,0.0000000000e+00,inf,2.8471034821e+20,9.0219265157e+12,5.6942069642e+20,1.8043853031e+13,1.5201427057e-20,1.5495848172e-21,-4.7447735288e-01,2025-11-22T13:30:24.775941,1.6180339887e+00
Star_0773,1.9027613420e-01,3.7845923092e+29,2.1164854652e+19,2.1164854652e+16,1.4147630115e+08,2.2370631701e+03,6.8590124290e+02,5.6209978083e+02,5.6209978083e-01,3.7653198549e+16,3.7653198549e+16,8.4314967125e+02,1.6862993425e+03,False,False,1.0000000000e+00,0,1.0000000000e+00,2.0000000000e+00,4.2329709304e+19,4.2329709304e+16,1.0924580467e+00,1.5449689860e+00,1.5449689860e+00,2.1849160934e+00,1.0924580467e-03,1.5449689860e-03,1.5449689860e-03,2.1849160934e-03,3.6440477990e-09,5.1534618192e-09,0,0.0000000000e+00,inf,1.2172797315e+20,3.8573267026e+12,2.4345594630e+20,7.7146534052e+12,5.6388980858e-20,5.7481122180e-21,-1.1934645838e+00,2025-11-22T13:30:24.775941,1.6180339887e+00
Star_0774,3.0390191126e+01,6.0446090150e+31,1.5519660799e+20,1.5519660799e+17,1.0374104812e+09,1.6403827078e+04,5.0295429883e+03,8.9776470619e+04,8.9776470619e+01,1.7287002588e+15,1.7287002588e+15,1.3466470593e+05,2.6932941186e+05,False,False,1.0000000000e+00,0,1.0000000000e+00,2.0000000000e+00,3.1039321598e+20,3.1039321598e+17,5.0985403021e+00,7.2104248436e+00,7.2104248436e+00,1.0197080604e+01,5.0985403021e-03,7.2104248436e-03,7.2104248436e-03,1.0197080604e-02,1.7006899827e-08,2.4051388389e-08,0,4.4408920985e-16,inf,1.9125651446e+20,6.0605532254e+12,3.8251302893e+20,1.2121106451e+13,1.6749794695e-19,1.7074204583e-20,-2.5995113213e+01,2025-11-22T13:30:24.775941,1.6180339887e+00
Star_0775,1.9688263530e-01,3.9159956161e+29,1.5429654971e+20,1.5429654971e+17,1.0313940489e+09,1.6308693553e+04,5.0003742978e+03,5.8161622117e+02,5.8161622117e-01,2.6528928199e+17,2.6528928199e+17,8.7242433175e+02,1.7448486635e+03,False,False,1.0000000000e+00,0,1.0000000000e+00,2.0000000000e+00,3.0859309942e+20,3.0859309942e+17,4.1157203004e-01,5.8205074677e-01,5.8205074677e-01,8.2314406008e-01,4.1157203004e-04,5.8205074677e-04,5.8205074677e-04,8.2314406008e-04,1.3728565181e-09,1.9415123071e-09,0,0.0000000000e+00,inf,2.3555386258e+21,7.4642514825e+13,4.7110772517e+21,1.4928502965e+14,1.0978310029e-21,1.1190937848e-22,-1.6939153591e-01,2025-11-22T13:30:24.776446,1.6180339887e+00
Star_0776,4.7643100030e-01,9.4762125960e+29,1.4336860062e+19,1.4336860062e+16,9.5834626086e+07,1.5153641330e+03,4.6462261602e+02,1.4074374696e+03,1.4074374696e+00,1.0186498777e+16,1.0186498777e+16,2.1111562045e+03,4.2223124089e+03,False,False,1.0000000000e+00,0,1.0000000000e+00,2.0000000000e+00,2.8673720125e+19,2.8673720125e+16,2.1003575702e+00,2.9703541616e+00,2.9703541616e+00,4.2007151403e+00,2.1003575702e-03,2.9703541616e-03,2.9703541616e-03,4.2007151403e-03,7.0060387249e-09,9.9080349832e-09,0,2.2204460493e-16,inf,4.2888482311e+19,1.3590539937e+12,8.5776964623e+19,2.7181079874e+12,3.0770349319e-19,3.1366309193e-20,-4.4115019226e+00,2025-11-22T13:30:24.776446,1.6180339887e+00
Star_0777,4.6336418820e-01,9.2163137033e+29,8.9082458694e+19,8.9082458694e+16,5.9547098058e+08,9.4157550675e+03,2.8869448972e+03,1.3688364530e+03,1.3688364530e+00,6.5078964326e+16,6.5078964326e+16,2.0532546795e+03,4.1065093591e+03,False,False,1.0000000000e+00,0,1.0000000000e+00,2.0000000000e+00,1.7816491739e+20,1.7816491739e+17,8.3097008351e-01,1.1751691620e+00,1.1751691620e+00,1.6619401670e+00,8.3097008351e-04,1.1751691620e-03,1.1751691620e-03,1.6619401670e-03,2.7718178404e-09,3.9199423823e-09,0,0.0000000000e+00,inf,6.7357610906e+20,2.1344338893e+13,1.3471522181e+21,4.2688677787e+13,7.7513720412e-21,7.9015005517e-22,-6.9051127968e-01,2025-11-22T13:30:24.776446,1.6180339887e+00
Star_0778,1.6385652490e-01,3.2591062803e+29,1.1096702328e+19,1.1096702328e+16,7.4175817704e+07,1.1728889471e+03,3.5961701813e+02,4.8405291143e+02,4.8405291143e-01,2.2924564787e+16,2.2924564787e+16,7.2607936714e+02,1.4521587343e+03,False,False,1.0000000000e+00,0,1.0000000000e+00,2.0000000000e+00,2.2193404657e+19,2.2193404657e+16,1.4000874262e+00,1.9800226266e+00,1.9800226266e+00,2.8001748523e+00,1.4000874262e-03,1.9800226266e-03,1.9800226266e-03,2.8001748523e-03,4.6701889550e-09,6.6046445591e-09,0,0.0000000000e+00,inf,4.9798773795e+19,1.5780279171e+12,9.9597547590e+19,3.1560558341e+12,1.7665111155e-19,1.8007248884e-20,-1.9602448009e+00,2025-11-22T13:30:24.776446,1.6180339887e+00
Star_0779,5.5178660740e-01,1.0975035621e+30,2.2751695921e+19,2.2751695921e+16,1.5208352888e+08,2.4047876462e+03,7.3732689247e+02,1.6300474696e+03,1.6300474696e+00,1.3957689174e+16,1.3957689174e+16,2.4450712045e+03,4.8901424089e+03,False,False,1.0000000000e+00,0,1.0000000000e+00,2.0000000000e+00,4.5503391842e+19,4.5503391842e+16,1.7943160577e+00,2.5375461039e+00,2.5375461039e+00,3.5886321153e+00,1.7943160577e-03,2.5375461039e-03,2.5375461039e-03,3.5886321153e-03,5.9851941227e-09,8.4643427018e-09,0,2.2204460493e-16,inf,7.9669978382e+19,2.5245892711e+12,1.5933995676e+20,5.0491785422e+12,1.4150901656e-19,1.4424976203e-20,-3.2195701147e+00,2025-11-22T13:30:24.776446,1.6180339887e+00
Star_0780,1.1302365160e-01,2.2480404303e+29,5.6535963728e+18,5.6535963728e+15,3.7791419605e+07,5.9756858396e+02,1.8321924921e+02,3.3388617054e+02,3.3388617054e-01,1.6932706029e+16,1.6932706029e+16,5.0082925581e+02,1.0016585116e+03,False,False,1.0000000000e+00,0,1.0000000000e+00,2.0000000000e+00,1.1307192746e+19,1.1307192746e+16,1.6290804084e+00,2.3038676077e+00,2.3038676077e+00,3.2581608167e+00,1.6290804084e-03,2.3038676077e-03,2.3038676077e-03,3.2581608167e-03,5.4340273242e-09,7.6848751402e-09,0,2.2204460493e-16,inf,2.1805304072e+19,6.9096839026e+11,4.3610608145e+19,1.3819367805e+12,4.6941854386e-19,4.7851023839e-20,-2.6539029769e+00,2025-11-22T13:30:24.776446,1.6180339887e+00
Star_0781,4.9707437820e-01,9.8868093824e+29,1.0155366411e+19,1.0155366411e+16,6.7883465316e+07,1.0733924967e+03,3.2911062032e+02,1.4684206205e+03,1.4684206205e+00,6.9158429606e+15,6.9158429606e+15,2.2026309307e+03,4.4052618614e+03,False,False,1.0000000000e+00,0,1.0000000000e+00,2.0000000000e+00,2.0310732823e+19,2.0310732823e+16,2.5490781101e+00,3.6049408349e+00,3.6049408349e+00,5.0981562203e+00,2.5490781101e-03,3.6049408349e-03,3.6049408349e-03,5.0981562203e-03,8.5028093340e-09,1.2024788278e-08,0,2.2204460493e-16,inf,2.5031813961e+19,7.9321031894e+11,5.0063627922e+19,1.5864206379e+12,6.3983897266e-19,6.5223136866e-20,-6.4977992116e+00,2025-11-22T13:30:24.776446,1.6180339887e+00
Star_0782,1.5646146002e+00,3.1120184398e+30,1.6458981406e+19,1.6458981406e+16,1.1001992918e+08,1.7396661459e+03,5.3339538536e+02,4.6220695389e+03,4.6220695389e+00,3.5609549505e+15,3.5609549505e+15,6.9331043083e+03,1.3866208617e+04,False,False,1.0000000000e+00,0,1.0000000000e+00,2.0000000000e+00,3.2917962812e+19,3.2917962812e+16,3.5524049403e+00,5.0238592457e+00,5.0238592457e+00,7.1048098807e+00,3.5524049403e-03,5.0238592457e-03,5.0238592457e-03,7.1048098807e-03,1.1849547397e-08,1.6757790637e-08,0,2.2204460493e-16,inf,2.9111216733e+19,9.2247879221e+11,5.8222433466e+19,1.8449575844e+12,7.6672915224e-19,7.8157915621e-20,-1.2619580860e+01,2025-11-22T13:30:24.776446,1.6180339887e+00
Star_0783,2.9588458760e-01,5.8851444474e+29,1.0110432453e+20,1.0110432453e+17,6.7583104634e+08,1.0686431089e+04,3.2765442050e+03,8.7408051746e+02,8.7408051746e-01,1.1566934912e+17,1.1566934912e+17,1.3111207762e+03,2.6222415524e+03,False,False,1.0000000000e+00,0,1.0000000000e+00,2.0000000000e+00,2.0220864907e+20,2.0220864907e+17,6.2329918526e-01,8.8147816121e-01,8.8147816121e-01,1.2465983705e+00,6.2329918526e-04,8.8147816121e-04,8.8147816121e-04,1.2465983705e-03,2.0791022877e-09,2.9402946528e-09,0,0.0000000000e+00,inf,1.0191850422e+21,3.2296025114e+13,2.0383700843e+21,6.4592050229e+13,3.8425841440e-21,3.9170072824e-22,-3.8850187434e-01,2025-11-22T13:30:24.776446,1.6180339887e+00
Star_0784,2.3208705411e+01,4.6162115062e+31,2.0434934787e+19,2.0434934787e+16,1.3659715767e+08,2.1599127774e+03,6.6224632294e+02,6.8561452963e+04,6.8561452963e+01,2.9805282566e+14,2.9805282566e+14,1.0284217944e+05,2.0568435889e+05,False,False,1.0000000000e+00,0,1.0000000000e+00,2.0000000000e+00,4.0869869574e+19,4.0869869574e+16,1.2278889282e+01,1.7364971753e+01,1.7364971753e+01,2.4557778563e+01,1.2278889282e-02,1.7364971753e-02,1.7364971753e-02,2.4557778563e-02,4.0957965932e-08,5.7923310909e-08,0,1.7763568394e-15,inf,1.0456685378e+19,3.3135236450e+11,2.0913370756e+19,6.6270472900e+11,7.3781063438e-18,7.5210054473e-19,-1.5077112199e+02,2025-11-22T13:30:24.776446,1.6180339887e+00
Star_0785,2.8070326450e-01,5.5831879309e+29,1.6935688653e+19,1.6935688653e+16,1.1320647496e+08,1.7900527062e+03,5.4884430286e+02,8.2923296775e+02,8.2923296775e-01,2.0423318069e+16,2.0423318069e+16,1.2438494516e+03,2.4876989033e+03,False,False,1.0000000000e+00,0,1.0000000000e+00,2.0000000000e+00,3.3871377307e+19,3.3871377307e+16,1.4833463066e+00,2.0977684645e+00,2.0977684645e+00,2.9666926132e+00,1.4833463066e-03,2.0977684645e-03,2.0977684645e-03,2.9666926132e-03,4.9479106862e-09,6.9974023978e-09,0,0.0000000000e+00,inf,7.1736498512e+19,2.2731924643e+12,1.4347299702e+20,4.5463849286e+12,1.2992186561e-19,1.3243819124e-20,-2.2003162652e+00,2025-11-22T13:30:24.776446,1.6180339887e+00
Star_0786,4.9915137450e-01,9.9281208388e+29,3.6712886078e+19,3.6712886078e+16,2.4540699250e+08,3.8804445701e+03,1.1897749644e+03,1.4745563304e+03,1.4745563304e+00,2.4897581273e+16,2.4897581273e+16,2.2118344956e+03,4.4236689912e+03,False,False,1.0000000000e+00,0,1.0000000000e+00,2.0000000000e+00,7.3425772155e+19,7.3425772155e+16,1.3434673791e+00,1.8999497881e+00,1.8999497881e+00,2.6869347582e+00,1.3434673791e-03,1.8999497881e-03,1.8999497881e-03,2.6869347582e-03,4.4813248074e-09,6.3375503200e-09,0,0.0000000000e+00,inf,1.7170038512e+20,5.4408568814e+12,3.4340077024e+20,1.0881713763e+13,4.9162699846e-20,5.0114882616e-21,-1.8049045987e+00,2025-11-22T13:30:24.777451,1.6180339887e+00
Star_0787,4.5432409960e-01,9.0365063410e+29,2.5572788870e+19,2.5572788870e+16,1.7094110207e+08,2.7029689113e+03,8.2875162426e+02,1.3421308872e+03,1.3421308872e+00,1.9053871059e+16,1.9053871059e+16,2.0131963308e+03,4.0263926617e+03,False,False,1.0000000000e+00,0,1.0000000000e+00,2.0000000000e+00,5.1145577739e+19,5.1145577739e+16,1.5357272629e+00,2.1718463233e+00,2.1718463233e+00,3.0714545258e+00,1.5357272629e-03,2.1718463233e-03,2.1718463233e-03,3.0714545258e-03,5.1226347492e-09,7.2444995374e-09,0,0.0000000000e+00,inf,1.0462702276e+20,3.3154302850e+12,2.0925404552e+20,6.6308605699e+12,9.2225303937e-20,9.4011522871e-21,-2.3584582260e+00,2025-11-22T13:30:24.777451,1.6180339887e+00
Star_0788,1.0893501020e-01,2.1667173529e+29,7.3073625259e+18,7.3073625259e+15,4.8846006189e+07,7.7236682443e+02,2.3681377081e+02,3.2180780641e+02,3.2180780641e-01,2.2707225805e+16,2.2707225805e+16,4.8271170961e+02,9.6542341922e+02,False,False,1.0000000000e+00,0,1.0000000000e+00,2.0000000000e+00,1.4614725052e+19,1.4614725052e+16,1.4067718384e+00,1.9894758130e+00,1.9894758130e+00,2.8135436767e+00,1.4067718384e-03,1.9894758130e-03,1.9894758130e-03,2.8135436767e-03,4.6924857541e-09,6.6361769947e-09,0,0.0000000000e+00,inf,3.2637497855e+19,1.0342198981e+12,6.5274995710e+19,2.0684397961e+12,2.7082370666e-19,2.7606901801e-20,-1.9790070052e+00,2025-11-22T13:30:24.777451,1.6180339887e+00
Star_0789,1.3653261190e-01,2.7156336507e+29,9.5833643449e+19,9.5833643449e+16,6.4059922092e+08,1.0129335530e+04,3.1057343050e+03,4.0333461444e+02,4.0333461444e-01,2.3760331997e+17,2.3760331997e+17,6.0500192167e+02,1.2100038433e+03,False,False,1.0000000000e+00,0,1.0000000000e+00,2.0000000000e+00,1.9166728690e+20,1.9166728690e+17,4.3489003135e-01,6.1502738048e-01,6.1502738048e-01,8.6978006270e-01,4.3489003135e-04,6.1502738048e-04,6.1502738048e-04,8.6978006270e-04,1.4506369982e-09,2.0515105169e-09,0,0.0000000000e+00,inf,1.3845811517e+21,4.3874729120e+13,2.7691623033e+21,8.7749458239e+13,1.9735171549e-21,2.0117402191e-22,-1.8912933937e-01,2025-11-22T13:30:24.777451,1.6180339887e+00
Star_0790,1.1694127675e+00,2.3259619946e+30,5.5515353353e+19,5.5515353353e+16,3.7109193418e+08,5.8678103111e+03,1.7991170027e+03,3.4545933103e+03,3.4545933103e+00,1.6070011248e+16,1.6070011248e+16,5.1818899654e+03,1.0363779931e+04,False,False,1.0000000000e+00,0,1.0000000000e+00,2.0000000000e+00,1.1103070671e+20,1.1103070671e+17,1.6722361772e+00,2.3648990812e+00,2.3648990812e+00,3.3444723543e+00,1.6722361772e-03,2.3648990812e-03,2.3648990812e-03,3.3444723543e-03,5.5779794739e-09,7.8884542227e-09,0,2.2204460493e-16,inf,2.0859090198e+20,6.6098468190e+12,4.1718180395e+20,1.3219693638e+13,5.0371179563e-20,5.1346768158e-21,-2.7963738322e+00,2025-11-22T13:30:24.777451,1.6180339887e+00
Star_0791,8.7239867560e-01,1.7352009658e+30,3.3003832915e+19,3.3003832915e+16,2.2061385639e+08,3.4884085102e+03,1.0695736110e+03,2.5771760942e+03,2.5771760942e+00,1.2806200162e+16,1.2806200162e+16,3.8657641413e+03,7.7315282826e+03,False,False,1.0000000000e+00,0,1.0000000000e+00,2.0000000000e+00,6.6007665831e+19,6.6007665831e+16,1.8732492280e+00,2.6491744640e+00,2.6491744640e+00,3.7464984560e+00,1.8732492280e-03,2.6491744640e-03,2.6491744640e-03,3.7464984560e-03,6.2484868382e-09,8.8366948309e-09,0,2.2204460493e-16,inf,1.1070027146e+20,3.5078799231e+12,2.2140054292e+20,7.0157598462e+12,1.0632288314e-19,1.0838214387e-20,-3.5090626702e+00,2025-11-22T13:30:24.777959,1.6180339887e+00
Star_0792,1.2648882120e-01,2.5158626537e+29,2.3610144497e+19,2.3610144497e+16,1.5782182150e+08,2.4955231473e+03,7.6514711400e+02,3.7366398562e+02,3.7366398562e-01,6.3185496609e+16,6.3185496609e+16,5.6049597844e+02,1.1209919569e+03,False,False,1.0000000000e+00,0,1.0000000000e+00,2.0000000000e+00,4.7220288993e+19,4.7220288993e+16,8.4332893903e-01,1.1926472231e+00,1.1926472231e+00,1.6866578781e+00,8.4332893903e-04,1.1926472231e-03,1.1926472231e-03,1.6866578781e-03,2.8130425450e-09,3.9782429187e-09,0,0.0000000000e+00,inf,1.7590634702e+20,5.5741357715e+12,3.5181269404e+20,1.1148271543e+13,3.0122801641e-20,3.0706219818e-21,-7.1120369940e-01,2025-11-22T13:30:24.777959,1.6180339887e+00
Star_0793,2.5509828970e-01,5.0739049821e+29,3.0530433471e+19,3.0530433471e+16,2.0408043764e+08,3.2269774306e+03,9.8941677646e+02,7.5359263175e+02,7.5359263175e-01,4.0513179382e+16,4.0513179382e+16,1.1303889476e+03,2.2607778953e+03,False,False,1.0000000000e+00,0,1.0000000000e+00,2.0000000000e+00,6.1060866942e+19,6.1060866942e+16,1.0531919759e+00,1.4894383761e+00,1.4894383761e+00,2.1063839517e+00,1.0531919759e-03,1.4894383761e-03,1.4894383761e-03,2.1063839517e-03,3.5130702850e-09,4.9682316426e-09,0,0.0000000000e+00,inf,1.8213998530e+20,5.7716678488e+12,3.6427997061e+20,1.1543335698e+13,3.6331398278e-20,3.7035064504e-21,-1.1092133380e+00,2025-11-22T13:30:24.777959,1.6180339887e+00
Star_0794,6.6038436950e-01,1.3135045109e+30,8.6578736441e+18,8.6578736441e+15,5.7873486926e+07,9.1511189558e+02,2.8058053745e+02,1.9508590025e+03,1.9508590025e+00,4.4379802093e+15,4.4379802093e+15,2.9262885037e+03,5.8525770075e+03,False,False,1.0000000000e+00,0,1.0000000000e+00,2.0000000000e+00,1.7315747288e+19,1.7315747288e+16,3.1820941451e+00,4.5001606968e+00,4.5001606968e+00,6.3641882902e+00,3.1820941451e-03,4.5001606968e-03,4.5001606968e-03,6.3641882902e-03,1.0614323544e-08,1.5010920311e-08,0,2.2204460493e-16,inf,1.7095353560e+19,5.4171906482e+11,3.4190707120e+19,1.0834381296e+12,1.1695392616e-18,1.1921908884e-19,-1.0125723148e+01,2025-11-22T13:30:24.777959,1.6180339887e+00
Star_0795,1.6527181838e+00,3.2872564676e+30,6.9508303187e+19,6.9508303187e+16,4.6462769510e+08,7.3468241399e+03,2.2525943283e+03,4.8823386748e+03,4.8823386748e+00,1.4236682012e+16,1.4236682012e+16,7.3235080122e+03,1.4647016024e+04,False,False,1.0000000000e+00,0,1.0000000000e+00,2.0000000000e+00,1.3901660637e+20,1.3901660637e+17,1.7766476782e+00,2.5125592421e+00,2.5125592421e+00,3.5532953565e+00,1.7766476782e-03,2.5125592421e-03,2.5125592421e-03,3.5532953565e-03,5.9262587528e-09,8.3809955023e-09,0,2.2204460493e-16,inf,2.4581888388e+20,7.7895303788e+12,4.9163776776e+20,1.5579060758e+13,4.5411509530e-20,4.6291039276e-21,-3.1564769726e+00,2025-11-22T13:30:24.778464,1.6180339887e+00
Star_0796,2.7853609080e-01,5.5400828460e+29,1.4280534283e+20,1.4280534283e+17,9.5458116868e+08,1.5094106631e+04,4.6279723510e+03,8.2283086237e+02,8.2283086237e-01,1.7355370267e+17,1.7355370267e+17,1.2342462936e+03,2.4684925871e+03,False,False,1.0000000000e+00,0,1.0000000000e+00,2.0000000000e+00,2.8561068567e+20,2.8561068567e+17,5.0884881015e-01,7.1962088850e-01,7.1962088850e-01,1.0176976203e+00,5.0884881015e-04,7.1962088850e-04,7.1962088850e-04,1.0176976203e-03,1.6973369295e-09,2.4003969056e-09,0,0.0000000000e+00,inf,1.7633379778e+21,5.5876808686e+13,3.5266759556e+21,1.1175361737e+14,1.8131472286e-21,1.8482642493e-22,-2.5892711159e-01,2025-11-22T13:30:24.778464,1.6180339887e+00
Star_0797,1.1206460847e+00,2.2289650625e+30,6.0069278923e+18,6.0069278923e+15,4.0153261312e+07,6.3491469108e+02,1.9466986072e+02,3.3105303576e+03,3.3105303576e+00,1.8144911067e+15,1.8144911067e+15,4.9657955364e+03,9.9315910729e+03,False,False,1.0000000000e+00,0,1.0000000000e+00,2.0000000000e+00,1.2013855785e+19,1.2013855785e+16,4.9765489834e+00,7.0379030662e+00,7.0379030662e+00,9.9530979669e+00,4.9765489834e-03,7.0379030662e-03,7.0379030662e-03,9.9530979669e-03,1.6599980589e-08,2.3475917684e-08,0,4.4408920985e-16,inf,7.5840991820e+18,2.4032560087e+11,1.5168198364e+19,4.8065120174e+11,4.1229127814e-18,4.2027653226e-19,-2.4766039784e+01,2025-11-22T13:30:24.778464,1.6180339887e+00
Star_0798,1.3417449739e+00,2.6687307531e+30,8.3651875539e+17,8.3651875539e+14,5.5917029104e+06,8.8417583278e+01,2.7109529617e+01,3.9636844575e+03,3.9636844575e+00,2.1104574906e+14,2.1104574906e+14,5.9455266863e+03,1.1891053373e+04,False,False,1.0000000000e+00,0,1.0000000000e+00,2.0000000000e+00,1.6730375108e+18,1.6730375108e+15,1.4592086675e+01,2.0636326879e+01,2.0636326879e+01,2.9184173350e+01,1.4592086675e-02,2.0636326879e-02,2.0636326879e-02,2.9184173350e-02,4.8673961888e-08,6.8835377036e-08,0,2.4424906542e-15,inf,3.6019539016e+17,1.1413903153e+10,7.2039078031e+17,2.2827806307e+10,2.5454180454e-16,2.5947176813e-17,-2.1292899353e+02,2025-11-22T13:30:24.778464,1.6180339887e+00
Star_0799,1.0540316189e+00,2.0964688900e+30,7.5310122575e+18,7.5310122575e+15,5.0340991026e+07,7.9600594626e+02,2.4406171234e+02,3.1137427953e+03,3.1137427953e+00,2.4186365903e+15,2.4186365903e+15,4.6706141929e+03,9.3412283858e+03,False,False,1.0000000000e+00,0,1.0000000000e+00,2.0000000000e+00,1.5062024515e+19,1.5062024515e+16,4.3104280051e+00,6.0958657445e+00,6.0958657445e+00,8.6208560102e+00,4.3104280051e-03,6.0958657445e-03,6.0958657445e-03,8.6208560102e-03,1.4378040174e-08,2.0333619415e-08,0,2.2204460493e-16,inf,1.0977737132e+19,3.4786349822e+11,2.1955474263e+19,6.9572699645e+11,2.4671038835e-18,2.5148867314e-19,-1.8579789587e+01,2025-11-22T13:30:24.778464,1.6180339887e+00
Star_0800,1.6138104230e-01,3.2098689313e+29,4.0265101811e+19,4.0265101811e+16,2.6915175008e+08,4.2559033729e+03,1.3048935999e+03,4.7674002254e+02,4.7674002254e-01,8.4459243838e+16,8.4459243838e+16,7.1511003381e+02,1.4302200676e+03,False,False,1.0000000000e+00,0,1.0000000000e+00,2.0000000000e+00,8.0530203622e+19,8.0530203622e+16,7.2942746325e-01,1.0315662113e+00,1.0315662113e+00,1.4588549265e+00,7.2942746325e-04,1.0315662113e-03,1.0315662113e-03,1.4588549265e-03,2.4331081179e-09,3.4409344991e-09,0,0.0000000000e+00,inf,3.4683790896e+20,1.0990630116e+13,6.9367581792e+20,2.1981260233e+13,1.3214033995e-20,1.3469963298e-21,-5.3206442415e-01,2025-11-22T13:30:24.778464,1.6180339887e+00
Star_0801,7.2644129810e-01,1.4448917419e+30,2.4488333396e+19,2.4488333396e+16,1.6369206815e+08,2.5883451428e+03,7.9360707119e+02,2.1459995294e+03,2.1459995294e+00,1.1411155063e+16,1.1411155063e+16,3.2189992941e+03,6.4379985882e+03,False,False,1.0000000000e+00,0,1.0000000000e+00,2.0000000000e+00,4.8976666791e+19,4.8976666791e+16,1.9844533845e+00,2.8064408903e+00,2.8064408903e+00,3.9689067690e+00,1.9844533845e-03,2.8064408903e-03,2.8064408903e-03,3.9689067690e-03,6.6194239766e-09,9.3612791628e-09,0,2.2204460493e-16,inf,7.7535072273e+19,2.4569381788e+12,1.5507014455e+20,4.9138763577e+12,1.6081352584e-19,1.6392816089e-20,-3.9380552352e+00,2025-11-22T13:30:24.778971,1.6180339887e+00
Star_0802,4.0998993810e-01,8.1546998688e+29,9.2351339533e+18,9.2351339533e+15,6.1732178833e+07,9.7612662016e+02,2.9928813408e+02,1.2111621634e+03,1.2111621634e+00,7.6250185417e+15,7.6250185417e+15,1.8167432452e+03,3.6334864903e+03,False,False,1.0000000000e+00,0,1.0000000000e+00,2.0000000000e+00,1.8470267907e+19,1.8470267907e+16,2.4276454129e+00,3.4332090675e+00,3.4332090675e+00,4.8552908258e+00,2.4276454129e-03,3.4332090675e-03,3.4332090675e-03,4.8552908258e-03,8.0977534561e-09,1.1451952762e-08,0,2.2204460493e-16,inf,2.3902196613e+19,7.5741490522e+11,4.7804393226e+19,1.5148298104e+12,6.3815666134e-19,6.5051647436e-20,-5.8934622507e+00,2025-11-22T13:30:24.778971,1.6180339887e+00
Star_0803,4.9007537870e-01,9.7475992823e+29,1.8428694504e+19,1.8428694504e+16,1.2318646059e+08,1.9478590534e+03,5.9722897574e+02,1.4477446902e+03,1.4477446902e+00,1.2729243374e+16,1.2729243374e+16,2.1716170353e+03,4.3432340706e+03,False,False,1.0000000000e+00,0,1.0000000000e+00,2.0000000000e+00,3.6857389009e+19,3.6857389009e+16,1.8789032175e+00,2.6571704126e+00,2.6571704126e+00,3.7578064350e+00,1.8789032175e-03,2.6571704126e-03,2.6571704126e-03,3.7578064350e-03,6.2673465171e-09,8.8633664445e-09,0,2.2204460493e-16,inf,6.1626858404e+19,1.9528373008e+12,1.2325371681e+20,3.9056746016e+12,1.9156415556e-19,1.9527436856e-20,-3.5302773007e+00,2025-11-22T13:30:24.778971,1.6180339887e+00
Star_0804,1.4036662740e-01,2.7918922190e+29,2.2227755716e+19,2.2227755716e+16,1.4858125479e+08,2.3494087006e+03,7.2034727019e+02,4.1466078145e+02,4.1466078145e-01,5.3604673291e+16,5.3604673291e+16,6.2199117217e+02,1.2439823443e+03,False,False,1.0000000000e+00,0,1.0000000000e+00,2.0000000000e+00,4.4455511432e+19,4.4455511432e+16,9.1559703661e-01,1.2948497468e+00,1.2948497468e+00,1.8311940732e+00,9.1559703661e-04,1.2948497468e-03,1.2948497468e-03,1.8311940732e-03,3.0541029708e-09,4.3191538422e-09,0,0.0000000000e+00,inf,1.5253556154e+20,4.8335602690e+12,3.0507112309e+20,9.6671205379e+12,3.7714915719e-20,3.8445377899e-21,-8.3831793345e-01,2025-11-22T13:30:24.778971,1.6180339887e+00
Star_0805,3.3053283270e-01,6.5742980424e+29,4.8161360088e+19,4.8161360088e+16,3.2193422518e+08,5.0905147540e+03,1.5607920435e+03,9.7643581840e+02,9.7643581840e-01,4.9323631088e+16,4.9323631088e+16,1.4646537276e+03,2.9293074552e+03,False,False,1.0000000000e+00,0,1.0000000000e+00,2.0000000000e+00,9.6322720175e+19,9.6322720175e+16,9.5450494940e-01,1.3498738448e+00,1.3498738448e+00,1.9090098988e+00,9.5450494940e-04,1.3498738448e-03,1.3498738448e-03,1.9090098988e-03,3.1838857981e-09,4.5026944767e-09,0,0.0000000000e+00,inf,3.1703004816e+20,1.0046076006e+13,6.3406009632e+20,2.0092152011e+13,1.8917233583e-20,1.9283622408e-21,-9.1107969843e-01,2025-11-22T13:30:24.778971,1.6180339887e+00
Star_0806,1.9440267153e+00,3.8666691367e+30,1.4199963440e+19,1.4199963440e+16,9.4919541712e+07,1.5008945608e+03,4.6018613087e+02,5.7429009434e+03,5.7429009434e+00,2.4726115913e+15,2.4726115913e+15,8.6143514151e+03,1.7228702830e+04,False,False,1.0000000000e+00,0,1.0000000000e+00,2.0000000000e+00,2.8399926880e+19,2.8399926880e+16,4.2631219355e+00,6.0289648592e+00,6.0289648592e+00,8.5262438709e+00,4.2631219355e-03,6.0289648592e-03,6.0289648592e-03,8.5262438709e-03,1.4220244111e-08,2.0110462082e-08,0,2.2204460493e-16,inf,2.0928559633e+19,6.6318603547e+11,4.1857119266e+19,1.3263720709e+12,1.2798771429e-18,1.3046657929e-19,-1.8174208637e+01,2025-11-22T13:30:24.778971,1.6180339887e+00
Star_0807,4.4854552160e-01,8.9215704246e+29,1.1702477663e+19,1.1702477663e+16,7.8225118065e+07,1.2369176263e+03,3.7924871707e+02,1.3250602365e+03,1.3250602365e+00,8.8316571127e+15,8.8316571127e+15,1.9875903548e+03,3.9751807095e+03,False,False,1.0000000000e+00,0,1.0000000000e+00,2.0000000000e+00,2.3404955325e+19,2.3404955325e+16,2.2557169629e+00,3.1900655218e+00,3.1900655218e+00,4.5114339258e+00,2.2557169629e-03,3.1900655218e-03,3.1900655218e-03,4.5114339258e-03,7.5242618776e-09,1.0640913194e-08,0,2.2204460493e-16,inf,3.2596658586e+19,1.0329257797e+12,6.5193317172e+19,2.0658515594e+12,4.3480185680e-19,4.4322309561e-20,-5.0882590168e+00,2025-11-22T13:30:24.779475,1.6180339887e+00
Star_0808,1.4393417190e+00,2.8628506791e+30,2.3911533514e+19,2.3911533514e+16,1.5983645397e+08,2.5273790841e+03,7.7491439590e+02,4.2519975939e+03,4.2519975939e+00,5.6235999636e+15,5.6235999636e+15,6.3779963908e+03,1.2755992782e+04,False,False,1.0000000000e+00,0,1.0000000000e+00,2.0000000000e+00,4.7823067029e+19,4.7823067029e+16,2.8268222134e+00,3.9977303125e+00,3.9977303125e+00,5.6536444267e+00,2.8268222134e-03,3.9977303125e-03,3.9977303125e-03,5.6536444267e-03,9.4292639388e-09,1.3334992946e-08,0,2.2204460493e-16,inf,5.3148229606e+19,1.6841657669e+12,1.0629645921e+20,3.3683315338e+12,3.3418700733e-19,3.4065953857e-20,-7.9909238259e+00,2025-11-22T13:30:24.779475,1.6180339887e+00
Star_0809,3.3299143160e-01,6.6231995745e+29,3.0857000000e+19,3.0857000000e+16,2.0626336898e+08,3.2614945566e+03,1.0000000000e+03,9.8369883070e+02,9.8369883070e-01,3.1368340631e+16,3.1368340631e+16,1.4755482460e+03,2.9510964921e+03,False,False,1.0000000000e+00,0,1.0000000000e+00,2.0000000000e+00,6.1714000000e+19,6.1714000000e+16,1.1969056923e+00,1.6926802629e+00,1.6926802629e+00,2.3938113846e+00,1.1969056923e-03,1.6926802629e-03,1.6926802629e-03,2.3938113846e-03,3.9924476428e-09,5.6461736036e-09,0,0.0000000000e+00,inf,1.6198456593e+20,5.1329811497e+12,3.2396913186e+20,1.0265962299e+13,4.6426523519e-20,4.7325712048e-21,-1.4325832362e+00,2025-11-22T13:30:24.779475,1.6180339887e+00
Star_0810,2.4876165510e-01,4.9478693199e+29,2.8092819034e+19,2.8092819034e+16,1.8778622349e+08,2.9693287215e+03,9.1041964656e+02,7.3487341121e+02,7.3487341121e-01,3.8228106508e+16,3.8228106508e+16,1.1023101168e+03,2.2046202336e+03,False,False,1.0000000000e+00,0,1.0000000000e+00,2.0000000000e+00,5.6185638068e+19,5.6185638068e+16,1.0842122539e+00,1.5333076740e+00,1.5333076740e+00,2.1684245078e+00,1.0842122539e-03,1.5333076740e-03,1.5333076740e-03,2.1684245078e-03,3.6165427948e-09,5.1145638693e-09,0,0.0000000000e+00,inf,1.6280242836e+20,5.1588976461e+12,3.2560485671e+20,1.0317795292e+13,4.1844010390e-20,4.2654444842e-21,-1.1755162115e+00,2025-11-22T13:30:24.779475,1.6180339887e+00
Star_0811,1.5573170637e+00,3.0975036397e+30,2.0139792403e+19,2.0139792403e+16,1.3462428077e+08,2.1287170915e+03,6.5268147918e+02,4.6005116925e+03,4.6005116925e+00,4.3777287722e+15,4.3777287722e+15,6.9007675388e+03,1.3801535078e+04,False,False,1.0000000000e+00,0,1.0000000000e+00,2.0000000000e+00,4.0279584806e+19,4.0279584806e+16,3.2039171688e+00,4.5310231129e+00,4.5310231129e+00,6.4078343376e+00,3.2039171688e-03,4.5310231129e-03,4.5310231129e-03,6.4078343376e-03,1.0687117315e-08,1.5113866250e-08,0,2.2204460493e-16,inf,3.9496042204e+19,1.2515540537e+12,7.8992084408e+19,2.5031081073e+12,5.0969170978e-19,5.1956341466e-20,-1.0265085225e+01,2025-11-22T13:30:24.779475,1.6180339887e+00
Star_0812,2.1973255900e-01,4.3704805985e+29,1.5621830234e+20,1.5621830234e+17,1.0442399889e+09,1.6511817180e+04,5.0626536066e+03,6.4911778755e+02,6.4911778755e-01,2.4066248890e+17,2.4066248890e+17,9.7367668133e+02,1.9473533627e+03,False,False,1.0000000000e+00,0,1.0000000000e+00,2.0000000000e+00,3.1243660468e+20,3.1243660468e+17,4.3211715013e-01,6.1110593424e-01,6.1110593424e-01,8.6423430025e-01,4.3211715013e-04,6.1110593424e-04,6.1110593424e-04,8.6423430025e-04,1.4413876620e-09,2.0384299803e-09,0,0.0000000000e+00,inf,2.2714871226e+21,7.1979083410e+13,4.5429742452e+21,1.4395816682e+14,1.1952839625e-21,1.2184342125e-22,-1.8672523143e-01,2025-11-22T13:30:24.779475,1.6180339887e+00
Star_0813,4.2526850380e+01,8.4585905406e+31,3.3744156572e+19,3.3744156572e+16,2.2556254393e+08,3.5666585532e+03,1.0935656924e+03,1.2562969801e+05,1.2562969801e+02,2.6860015670e+14,2.6860015670e+14,1.8844454702e+05,3.7688909403e+05,False,False,1.0000000000e+00,0,1.0000000000e+00,2.0000000000e+00,6.7488313143e+19,6.7488313143e+16,1.2934587237e+01,1.8292268694e+01,1.8292268694e+01,2.5869174474e+01,1.2934587237e-02,1.8292268694e-02,1.8292268694e-02,2.5869174474e-02,4.3145138884e-08,6.1016440561e-08,0,1.9984014443e-15,inf,1.6391770753e+19,5.1942387105e+11,3.2783541506e+19,1.0388477421e+12,4.9580005544e-18,5.0540270687e-19,-1.6730354699e+02,2025-11-22T13:30:24.779979,1.6180339887e+00
Star_0814,1.6724689309e+00,3.3265407036e+30,3.1095973432e+19,3.1095973432e+16,2.0786078497e+08,3.2867533487e+03,1.0077445452e+03,4.9406848813e+03,4.9406848813e+00,6.2938588837e+15,6.2938588837e+15,7.4110273219e+03,1.4822054644e+04,False,False,1.0000000000e+00,0,1.0000000000e+00,2.0000000000e+00,6.2191946863e+19,6.2191946863e+16,2.6720661444e+00,3.7788721809e+00,3.7788721809e+00,5.3441322887e+00,2.6720661444e-03,3.7788721809e-03,3.7788721809e-03,5.3441322887e-03,8.9130532576e-09,1.2604960799e-08,0,2.2204460493e-16,inf,7.3120107371e+19,2.3170363833e+12,1.4624021474e+20,4.6340727667e+12,2.2960971122e-19,2.3405679024e-20,-7.1399374799e+00,2025-11-22T13:30:24.779979,1.6180339887e+00
Star_0815,3.9786853420e-01,7.9136051452e+29,1.7611440230e+19,1.7611440230e+16,1.1772353095e+08,1.8614776694e+03,5.7074376089e+02,1.1753540023e+03,1.1753540023e+00,1.4983945429e+16,1.4983945429e+16,1.7630310035e+03,3.5260620069e+03,False,False,1.0000000000e+00,0,1.0000000000e+00,2.0000000000e+00,3.5222880460e+19,3.5222880460e+16,1.7317795773e+00,2.4491061653e+00,2.4491061653e+00,3.4635591547e+00,1.7317795773e-03,2.4491061653e-03,2.4491061653e-03,3.4635591547e-03,5.7765948780e-09,8.1693388208e-09,0,2.2204460493e-16,inf,6.3897244163e+19,2.0247814841e+12,1.2779448833e+20,4.0495629682e+12,1.7029047400e-19,1.7358865851e-20,-2.9990605045e+00,2025-11-22T13:30:24.779979,1.6180339887e+00
Star_0816,1.9694509340e-01,3.9172379077e+29,6.8290041012e+19,6.8290041012e+16,4.5648423136e+08,7.2180573948e+03,2.2131134268e+03,5.8180073030e+02,5.8180073030e-01,1.1737702869e+17,1.1737702869e+17,8.7270109545e+02,1.7454021909e+03,False,False,1.0000000000e+00,0,1.0000000000e+00,2.0000000000e+00,1.3658008202e+20,1.3658008202e+17,6.1874848611e-01,8.7504250075e-01,8.7504250075e-01,1.2374969722e+00,6.1874848611e-04,8.7504250075e-04,8.7504250075e-04,1.2374969722e-03,2.0639227892e-09,2.9188276002e-09,0,0.0000000000e+00,inf,6.9346267821e+20,2.1974506243e+13,1.3869253564e+21,4.3949012486e+13,5.6062301821e-21,5.7148116026e-22,-3.8284968906e-01,2025-11-22T13:30:24.779979,1.6180339887e+00
Star_0817,4.7045749720e-01,9.3573996193e+29,3.3126892182e+19,3.3126892182e+16,2.2143644507e+08,3.5014155144e+03,1.0735616613e+03,1.3897909855e+03,1.3897909855e+00,2.3835880739e+16,2.3835880739e+16,2.0846864783e+03,4.1693729565e+03,False,False,1.0000000000e+00,0,1.0000000000e+00,2.0000000000e+00,6.6253784364e+19,6.6253784364e+16,1.3730618582e+00,1.9418027018e+00,1.9418027018e+00,2.7461237164e+00,1.3730618582e-03,1.9418027018e-03,1.9418027018e-03,2.7461237164e-03,4.5800413638e-09,6.4771566129e-09,0,0.0000000000e+00,inf,1.5158996733e+20,4.8035961966e+12,3.0317993467e+20,9.6071923932e+12,5.6911431838e-20,5.8013691986e-21,-1.8852988664e+00,2025-11-22T13:30:24.779979,1.6180339887e+00
Star_0818,1.3926396760e-01,2.7699603156e+29,1.0711017638e+20,1.0711017638e+17,7.1597711483e+08,1.1321232045e+04,3.4711791936e+03,4.1140338485e+02,4.1140338485e-01,2.6035317239e+17,2.6035317239e+17,6.1710507727e+02,1.2342101545e+03,False,False,1.0000000000e+00,0,1.0000000000e+00,2.0000000000e+00,2.1422035276e+20,2.1422035276e+17,4.1545526601e-01,5.8754247175e-01,5.8754247175e-01,8.3091053203e-01,4.1545526601e-04,5.8754247175e-04,5.8754247175e-04,8.3091053203e-04,1.3858095990e-09,1.9598307298e-09,0,0.0000000000e+00,inf,1.6198930222e+21,5.1331312338e+13,3.2397860445e+21,1.0266262468e+14,1.6114535882e-21,1.6426642082e-22,-1.7260307806e-01,2025-11-22T13:30:24.779979,1.6180339887e+00
Star_0819,3.2740055780e-01,6.5119970946e+29,7.7513842132e+19,7.7513842132e+16,5.1814065596e+08,8.1929861676e+03,2.5120342915e+03,9.6718268194e+02,9.6718268194e-01,8.0143951685e+16,8.0143951685e+16,1.4507740229e+03,2.9015480458e+03,False,False,1.0000000000e+00,0,1.0000000000e+00,2.0000000000e+00,1.5502768426e+20,1.5502768426e+17,7.4880774693e-01,1.0589740713e+00,1.0589740713e+00,1.4976154939e+00,7.4880774693e-04,1.0589740713e-03,1.0589740713e-03,1.4976154939e-03,2.4977537858e-09,3.5323572794e-09,0,0.0000000000e+00,inf,6.5041238686e+20,2.0610324830e+13,1.3008247737e+21,4.1220649661e+13,7.2337149914e-21,7.3738175243e-22,-5.6071304187e-01,2025-11-22T13:30:24.779979,1.6180339887e+00
Star_0820,4.4861718540e-01,8.9229958176e+29,2.9099169746e+19,2.9099169746e+16,1.9451316675e+08,3.0756970454e+03,9.4303301508e+02,1.3252719404e+03,1.3252719404e+00,2.1957131105e+16,2.1957131105e+16,1.9879079107e+03,3.9758158213e+03,False,False,1.0000000000e+00,0,1.0000000000e+00,2.0000000000e+00,5.8198339493e+19,5.8198339493e+16,1.4305989685e+00,2.0231724636e+00,2.0231724636e+00,2.8611979370e+00,1.4305989685e-03,2.0231724636e-03,2.0231724636e-03,2.8611979370e-03,4.7719645052e-09,6.7485769225e-09,0,0.0000000000e+00,inf,1.2780344445e+20,4.0498467706e+12,2.5560688890e+20,8.0996935413e+12,7.0332364344e-20,7.1694561004e-21,-2.0466134087e+00,2025-11-22T13:30:24.779979,1.6180339887e+00
Star_0821,4.3835628370e-01,8.7189064828e+29,3.6328565923e+19,3.6328565923e+16,2.4283800751e+08,3.8398230550e+03,1.1773200870e+03,1.2949599383e+03,1.2949599383e+00,2.8053814524e+16,2.8053814524e+16,1.9424399074e+03,3.8848798148e+03,False,False,1.0000000000e+00,0,1.0000000000e+00,2.0000000000e+00,7.2657131847e+19,7.2657131847e+16,1.2656386955e+00,1.7898834082e+00,1.7898834082e+00,2.5312773910e+00,1.2656386955e-03,1.7898834082e-03,1.7898834082e-03,2.5312773910e-03,4.2217162631e-09,5.9704083957e-09,0,0.0000000000e+00,inf,1.8035092673e+20,5.7149760037e+12,3.6070185347e+20,1.1429952007e+13,4.4093161037e-20,4.4947157020e-21,-1.6018413075e+00,2025-11-22T13:30:24.779979,1.6180339887e+00
Star_0822,3.4202159120e-01,6.8028094490e+29,1.5794717524e+19,1.5794717524e+16,1.0557966260e+08,1.6694553984e+03,5.1186821546e+02,1.0103750650e+03,1.0103750650e+00,1.5632529020e+16,1.5632529020e+16,1.5155625974e+03,3.0311251949e+03,False,False,1.0000000000e+00,0,1.0000000000e+00,2.0000000000e+00,3.1589435049e+19,3.1589435049e+16,1.6954738010e+00,2.3977620440e+00,2.3977620440e+00,3.3909476020e+00,1.6954738010e-03,2.3977620440e-03,2.3977620440e-03,3.3909476020e-03,5.6554918436e-09,7.9980732671e-09,0,2.2204460493e-16,inf,5.8532981768e+19,1.8547982663e+12,1.1706596354e+20,3.7095965325e+12,1.8199954544e-19,1.8552451115e-20,-2.8746314098e+00,2025-11-22T13:30:24.779979,1.6180339887e+00
Star_0823,4.6719110680e-01,9.2924311143e+29,2.9424655523e+19,2.9424655523e+16,1.9668887381e+08,3.1100999390e+03,9.5358121407e+02,1.3801416549e+03,1.3801416549e+00,2.1320025679e+16,2.1320025679e+16,2.0702124823e+03,4.1404249647e+03,False,False,1.0000000000e+00,0,1.0000000000e+00,2.0000000000e+00,5.8849311045e+19,5.8849311045e+16,1.4518168861e+00,2.0531791304e+00,2.0531791304e+00,2.9036337722e+00,1.4518168861e-03,2.0531791304e-03,2.0531791304e-03,2.9036337722e-03,4.8427398600e-09,6.8486683891e-09,0,0.0000000000e+00,inf,1.2734427118e+20,4.0352964478e+12,2.5468854236e+20,8.0705928957e+12,7.1632861397e-20,7.3020246073e-21,-2.1077722707e+00,2025-11-22T13:30:24.779979,1.6180339887e+00
Star_0824,3.2366546640e-01,6.4377061267e+29,1.4333785698e+19,1.4333785698e+16,9.5814075520e+07,1.5150391817e+03,4.6452298337e+02,9.5614874925e+02,9.5614874925e-01,1.4991167127e+16,1.4991167127e+16,1.4342231239e+03,2.8684462477e+03,False,False,1.0000000000e+00,0,1.0000000000e+00,2.0000000000e+00,2.8667571396e+19,2.8667571396e+16,1.7313624018e+00,2.4485161901e+00,2.4485161901e+00,3.4627248037e+00,1.7313624018e-03,2.4485161901e-03,2.4485161901e-03,3.4627248037e-03,5.7752033303e-09,8.1673708752e-09,0,2.2204460493e-16,inf,5.2017897349e+19,1.6483476991e+12,1.0403579470e+20,3.2966953982e+12,2.0912938352e-19,2.1317979972e-20,-2.9976157665e+00,2025-11-22T13:30:24.779979,1.6180339887e+00
Star_0825,4.3112559280e-01,8.5750880408e+29,2.2855223020e+19,2.2855223020e+16,1.5277555495e+08,2.4157301575e+03,7.4068195288e+02,1.2735995623e+03,1.2735995623e+00,1.7945376001e+16,1.7945376001e+16,1.9103993434e+03,3.8207986868e+03,False,False,1.0000000000e+00,0,1.0000000000e+00,2.0000000000e+00,4.5710446040e+19,4.5710446040e+16,1.5824479130e+00,2.2379193003e+00,2.2379193003e+00,3.1648958260e+00,1.5824479130e-03,2.2379193003e-03,2.2379193003e-03,3.1648958260e-03,5.2784780630e-09,7.4648952654e-09,0,2.2204460493e-16,inf,9.0747758767e+19,2.8756229487e+12,1.8149551753e+20,5.7512458975e+12,1.0956538885e-19,1.1168745041e-20,-2.5041413974e+00,2025-11-22T13:30:24.780983,1.6180339887e+00
Star_0826,3.3813311120e-01,6.7254675818e+29,3.5781710372e+19,3.5781710372e+16,2.3918255597e+08,3.7820220244e+03,1.1595978343e+03,9.9888800294e+02,9.9888800294e-01,3.5821543824e+16,3.5821543824e+16,1.4983320044e+03,2.9966640088e+03,False,False,1.0000000000e+00,0,1.0000000000e+00,2.0000000000e+00,7.1563420745e+19,7.1563420745e+16,1.1200400585e+00,1.5839758412e+00,1.5839758412e+00,2.2400801171e+00,1.1200400585e-03,1.5839758412e-03,1.5839758412e-03,2.2400801171e-03,3.7360514871e-09,5.2835746828e-09,0,0.0000000000e+00,inf,2.0072774645e+20,6.3606784561e+12,4.0145549289e+20,1.2721356912e+13,3.5059523976e-20,3.5738556551e-21,-1.2544897327e+00,2025-11-22T13:30:24.780983,1.6180339887e+00
Star_0827,2.7783856560e+01,5.5262090699e+31,1.1834073918e+20,1.1834073918e+17,7.9104772178e+08,1.2508269652e+04,3.8351343027e+03,8.2077028467e+04,8.2077028467e+01,1.4418253364e+15,1.4418253364e+15,1.2311554270e+05,2.4623108540e+05,False,False,1.0000000000e+00,0,1.0000000000e+00,2.0000000000e+00,2.3668147836e+20,2.3668147836e+17,5.5827654056e+00,7.8952225521e+00,7.8952225521e+00,1.1165530811e+01,5.5827654056e-03,7.8952225521e-03,7.8952225521e-03,1.1165530811e-02,1.8622100912e-08,2.6335627670e-08,0,4.4408920985e-16,inf,1.3318789876e+20,4.2204698317e+12,2.6637579752e+20,8.4409396635e+12,2.6336889384e-19,2.6846982043e-20,-3.1167269573e+01,2025-11-22T13:30:24.780983,1.6180339887e+00
Star_0828,4.2137004640e-01,8.3810502229e+29,2.2678943667e+19,2.2678943667e+16,1.5159721702e+08,2.3970979460e+03,7.3496916961e+02,1.2447804436e+03,1.2447804436e+00,1.8219231981e+16,1.8219231981e+16,1.8671706654e+03,3.7343413307e+03,False,False,1.0000000000e+00,0,1.0000000000e+00,2.0000000000e+00,4.5357887333e+19,4.5357887333e+16,1.5705098779e+00,2.2210363691e+00,2.2210363691e+00,3.1410197557e+00,1.5705098779e-03,2.2210363691e-03,2.2210363691e-03,3.1410197557e-03,5.2386570641e-09,7.4085798686e-09,0,0.0000000000e+00,inf,9.0732320527e+19,2.8751337404e+12,1.8146464105e+20,5.7502674809e+12,1.0875732630e-19,1.1086373731e-20,-2.4665012765e+00,2025-11-22T13:30:24.780983,1.6180339887e+00
Star_0829,2.6014592740e-01,5.1743024960e+29,4.9922831807e+19,4.9922831807e+16,3.3370876877e+08,5.2766971575e+03,1.6178770395e+03,7.6850399232e+02,7.6850399232e-01,6.4961057205e+16,6.4961057205e+16,1.1527559885e+03,2.3055119770e+03,False,False,1.0000000000e+00,0,1.0000000000e+00,2.0000000000e+00,9.9845663615e+19,9.9845663615e+16,8.3172386490e-01,1.1762351699e+00,1.1762351699e+00,1.6634477298e+00,8.3172386490e-04,1.1762351699e-03,1.1762351699e-03,1.6634477298e-03,2.7743321845e-09,3.9234982018e-09,0,0.0000000000e+00,inf,3.7713767338e+20,1.1950771712e+13,7.5427534677e+20,2.3901543424e+13,1.3856677644e-20,1.4125053664e-21,-6.9176458744e-01,2025-11-22T13:30:24.780983,1.6180339887e+00
Star_0830,5.1620875368e+00,1.0267392111e+31,1.0203655913e+19,1.0203655913e+16,6.8206256105e+07,1.0784965557e+03,3.3067556513e+02,1.5249459872e+04,1.5249459872e+01,6.6911588994e+14,6.6911588994e+14,2.2874189808e+04,4.5748379616e+04,False,False,1.0000000000e+00,0,1.0000000000e+00,2.0000000000e+00,2.0407311827e+19,2.0407311827e+16,8.1951146426e+00,1.1589642273e+01,1.1589642273e+01,1.6390229285e+01,8.1951146426e-03,1.1589642273e-02,1.1589642273e-02,1.6390229285e-02,2.7335960008e-08,3.8658885384e-08,0,8.8817841970e-16,inf,7.8231316718e+18,2.4790008340e+11,1.5646263344e+19,4.9580016679e+11,6.5819451945e-18,6.7094242553e-19,-6.7159904005e+01,2025-11-22T13:30:24.780983,1.6180339887e+00
Star_0831,4.0477528270e-01,8.0509803729e+29,9.7819074934e+19,9.7819074934e+16,6.5387082175e+08,1.0339189825e+04,3.1700772899e+03,1.1957574115e+03,1.1957574115e+00,8.1805116989e+16,8.1805116989e+16,1.7936361172e+03,3.5872722344e+03,False,False,1.0000000000e+00,0,1.0000000000e+00,2.0000000000e+00,1.9563814987e+20,1.9563814987e+17,7.4116596867e-01,1.0481669649e+00,1.0481669649e+00,1.4823319373e+00,7.4116596867e-04,1.0481669649e-03,1.0481669649e-03,1.4823319373e-03,2.4722635573e-09,3.4963086525e-09,0,0.0000000000e+00,inf,8.2925471537e+20,2.6277496241e+13,1.6585094307e+21,5.2554992482e+13,5.6157451242e-21,5.7245108299e-22,-5.4932699311e-01,2025-11-22T13:30:24.780983,1.6180339887e+00
Star_0832,4.8910714190e-01,9.7283410524e+29,3.4293645143e+19,3.4293645143e+16,2.2923559588e+08,3.6247378864e+03,1.1113732749e+03,1.4448843962e+03,1.4448843962e+00,2.3734525222e+16,2.3734525222e+16,2.1673265942e+03,4.3346531885e+03,False,False,1.0000000000e+00,0,1.0000000000e+00,2.0000000000e+00,6.8587290286e+19,6.8587290286e+16,1.3759904851e+00,1.9459444057e+00,1.9459444057e+00,2.7519809701e+00,1.3759904851e-03,1.9459444057e-03,1.9459444057e-03,2.7519809701e-03,4.5898102115e-09,6.4909718498e-09,0,0.0000000000e+00,inf,1.5659507070e+20,4.9621983517e+12,3.1319014141e+20,9.9243967034e+12,5.5209931958e-20,5.6279237470e-21,-1.8933498150e+00,2025-11-22T13:30:24.780983,1.6180339887e+00
Star_0833,3.6197540590e-01,7.1996908234e+29,4.2541155074e+19,4.2541155074e+16,2.8436600986e+08,4.4964755390e+03,1.3786549267e+03,1.0693211588e+03,1.0693211588e+00,3.9783328631e+16,3.9783328631e+16,1.6039817383e+03,3.2079634765e+03,False,False,1.0000000000e+00,0,1.0000000000e+00,2.0000000000e+00,8.5082310149e+19,8.5082310149e+16,1.0628088117e+00,1.5030386357e+00,1.5030386357e+00,2.1256176233e+00,1.0628088117e-03,1.5030386357e-03,1.5030386357e-03,2.1256176233e-03,3.5451485963e-09,5.0135972255e-09,0,0.0000000000e+00,inf,2.5149768950e+20,7.9694808700e+12,5.0299537900e+20,1.5938961740e+13,2.6552230849e-20,2.7066494240e-21,-1.1295625701e+00,2025-11-22T13:30:24.780983,1.6180339887e+00
Star_0834,1.1055229350e-01,2.1988851177e+29,1.1948602572e+20,1.1948602572e+17,7.9870338046e+08,1.2629323086e+04,3.8722502420e+03,3.2658546595e+02,3.2658546595e-01,3.6586449238e+17,3.6586449238e+17,4.8987819893e+02,9.7975639785e+02,False,False,1.0000000000e+00,0,1.0000000000e+00,2.0000000000e+00,2.3897205143e+20,2.3897205143e+17,3.5046574331e-01,4.9563340734e-01,4.9563340734e-01,7.0093148663e-01,3.5046574331e-04,4.9563340734e-04,4.9563340734e-04,7.0093148663e-04,1.1690278857e-09,1.6532550907e-09,0,0.0000000000e+00,inf,2.1421575590e+21,6.7880876840e+13,4.2843151179e+21,1.3576175368e+14,1.0279548299e-21,1.0478642506e-22,-1.2282623724e-01,2025-11-22T13:30:24.780983,1.6180339887e+00
Star_0835,8.7156204850e-01,1.7335369145e+30,7.9027891750e+19,7.9027891750e+16,5.2826130849e+08,8.3530167794e+03,2.5611009415e+03,2.5747045919e+03,2.5747045919e+00,3.0693964659e+16,3.0693964659e+16,3.8620568878e+03,7.7241137756e+03,False,False,1.0000000000e+00,0,1.0000000000e+00,2.0000000000e+00,1.5805578350e+20,1.5805578350e+17,1.2099828387e+00,1.7111741408e+00,1.7111741408e+00,2.4199656774e+00,1.2099828387e-03,1.7111741408e-03,1.7111741408e-03,2.4199656774e-03,4.0360683080e-09,5.7078625399e-09,0,0.0000000000e+00,inf,4.1037514948e+20,1.3004003773e+13,8.2075029895e+20,2.6008007547e+13,1.8525844959e-20,1.8884653373e-21,-1.4640584700e+00,2025-11-22T13:30:24.780983,1.6180339887e+00
Star_0836,1.8374047850e-01,3.6545981174e+29,1.2220470820e+18,1.2220470820e+15,8.1687639171e+06,1.2916679865e+02,3.9603561007e+01,5.4279262678e+02,5.4279262678e-01,2.2514069310e+15,2.2514069310e+15,8.1418894016e+02,1.6283778803e+03,False,False,1.0000000000e+00,0,1.0000000000e+00,2.0000000000e+00,2.4440941640e+18,2.4440941640e+15,4.4676455045e+00,6.3182048644e+00,6.3182048644e+00,8.9352910091e+00,4.4676455045e-03,6.3182048644e-03,6.3182048644e-03,8.9352910091e-03,1.4902461304e-08,2.1075262889e-08,0,2.2204460493e-16,inf,1.7186565636e+18,5.4460940110e+10,3.4373131272e+18,1.0892188022e+11,1.6333132044e-17,1.6649472012e-18,-1.9959856354e+01,2025-11-22T13:30:24.780983,1.6180339887e+00
Star_0837,1.9136691780e-01,3.8062879950e+29,5.0097939701e+19,5.0097939701e+16,3.3487927608e+08,5.2952055492e+03,1.6235518586e+03,5.6532209363e+02,5.6532209363e-01,8.8618400493e+16,8.8618400493e+16,8.4798314045e+02,1.6959662809e+03,False,False,1.0000000000e+00,0,1.0000000000e+00,2.0000000000e+00,1.0019587940e+20,1.0019587940e+17,7.1210453504e-01,1.0070678913e+00,1.0070678913e+00,1.4242090701e+00,7.1210453504e-04,1.0070678913e-03,1.0070678913e-03,1.4242090701e-03,2.3753250492e-09,3.3592168996e-09,0,0.0000000000e+00,inf,4.4203431260e+20,1.4007222115e+13,8.8406862520e+20,2.8014444229e+13,1.0122030404e-20,1.0318073806e-21,-5.0709286883e-01,2025-11-22T13:30:24.781992,1.6180339887e+00
Star_0838,2.5182392380e-01,5.0087778444e+29,7.9489136997e+19,7.9489136997e+16,5.3134449864e+08,8.4017690515e+03,2.5760487733e+03,7.4391974050e+02,7.4391974050e-01,1.0685176461e+17,1.0685176461e+17,1.1158796107e+03,2.2317592215e+03,False,False,1.0000000000e+00,0,1.0000000000e+00,2.0000000000e+00,1.5897827399e+20,1.5897827399e+17,6.4850727999e-01,9.1712779066e-01,9.1712779066e-01,1.2970145600e+00,6.4850727999e-04,9.1712779066e-04,9.1712779066e-04,1.2970145600e-03,2.1631874408e-09,3.0592090167e-09,0,0.0000000000e+00,inf,7.7014552198e+20,2.4404438930e+13,1.5402910440e+21,4.8808877860e+13,5.2908071227e-21,5.3932794319e-22,-4.2056169220e-01,2025-11-22T13:30:24.781992,1.6180339887e+00
Star_0839,4.8969026000e-01,9.7399392714e+29,5.0647108011e+19,5.0647108011e+16,3.3855018724e+08,5.3532510317e+03,1.6413490622e+03,1.4466070008e+03,1.4466070008e+00,3.5010965647e+16,3.5010965647e+16,2.1699105012e+03,4.3398210025e+03,False,False,1.0000000000e+00,0,1.0000000000e+00,2.0000000000e+00,1.0129421602e+20,1.0129421602e+17,1.1329315218e+00,1.6022071234e+00,1.6022071234e+00,2.2658630436e+00,1.1329315218e-03,1.6022071234e-03,1.6022071234e-03,2.2658630436e-03,3.7790527799e-09,5.3443876942e-09,0,0.0000000000e+00,inf,2.8088649560e+20,8.9007559382e+12,5.6177299119e+20,1.7801511876e+13,2.5342687539e-20,2.5833524504e-21,-1.2835338331e+00,2025-11-22T13:30:24.781992,1.6180339887e+00
Star_0840,4.5757186350e-01,9.1011043650e+29,9.9986646268e+19,9.9986646268e+16,6.6835993495e+08,1.0568295769e+04,3.2403229824e+03,1.3517251928e+03,1.3517251928e+00,7.3969655075e+16,7.3969655075e+16,2.0275877892e+03,4.0551755784e+03,False,False,1.0000000000e+00,0,1.0000000000e+00,2.0000000000e+00,1.9997329254e+20,1.9997329254e+17,7.7943321376e-01,1.1022850219e+00,1.1022850219e+00,1.5588664275e+00,7.7943321376e-04,1.1022850219e-03,1.1022850219e-03,1.5588664275e-03,2.5999093471e-09,3.6768270597e-09,0,0.0000000000e+00,inf,8.0601469845e+20,2.5541064544e+13,1.6120293969e+21,5.1082129087e+13,6.0759727162e-21,6.1936521062e-22,-6.0751613471e-01,2025-11-22T13:30:24.781992,1.6180339887e+00
Star_0841,1.9466817444e+00,3.8719499896e+30,9.3311040072e+19,9.3311040072e+16,6.2373689888e+08,9.8627037387e+03,3.0239828911e+03,5.7507442354e+03,5.7507442354e+00,1.6225906814e+16,1.6225906814e+16,8.6261163531e+03,1.7252232706e+04,False,False,1.0000000000e+00,0,1.0000000000e+00,2.0000000000e+00,1.8662208014e+20,1.8662208014e+17,1.6641835176e+00,2.3535109009e+00,2.3535109009e+00,3.3283670352e+00,1.6641835176e-03,2.3535109009e-03,2.3535109009e-03,3.3283670352e-03,5.5511186930e-09,7.8504673419e-09,0,2.2204460493e-16,inf,3.5229922047e+20,1.1163688635e+13,7.0459844094e+20,2.2327377270e+13,2.9680376279e-20,3.0255225565e-21,-2.7695067803e+00,2025-11-22T13:30:24.781992,1.6180339887e+00
Star_0842,4.0274177630e-01,8.0105339306e+29,3.0857000000e+19,3.0857000000e+16,2.0626336898e+08,3.2614945566e+03,1.0000000000e+03,1.1897501762e+03,1.1897501762e+00,2.5935696936e+16,2.5935696936e+16,1.7846252643e+03,3.5692505286e+03,False,False,1.0000000000e+00,0,1.0000000000e+00,2.0000000000e+00,6.1714000000e+19,6.1714000000e+16,1.3163056449e+00,1.8615372952e+00,1.8615372952e+00,2.6326112897e+00,1.3163056449e-03,1.8615372952e-03,1.8615372952e-03,2.6326112897e-03,4.3907230143e-09,6.2094200355e-09,0,0.0000000000e+00,inf,1.4729120838e+20,4.6673767452e+12,2.9458241675e+20,9.3347534905e+12,5.6151296325e-20,5.7238834174e-21,-1.7326605507e+00,2025-11-22T13:30:24.781992,1.6180339887e+00
Star_0843,3.9512901116e+01,7.8591160320e+31,4.4906410572e+19,4.4906410572e+16,3.0017654126e+08,4.7464761201e+03,1.4553070801e+03,1.1672611045e+05,1.1672611045e+02,3.8471607079e+14,3.8471607079e+14,1.7508916568e+05,3.5017833136e+05,False,False,1.0000000000e+00,0,1.0000000000e+00,2.0000000000e+00,8.9812821144e+19,8.9812821144e+16,1.0807756237e+01,1.5284475449e+01,1.5284475449e+01,2.1615512473e+01,1.0807756237e-02,1.5284475449e-02,1.5284475449e-02,2.1615512473e-02,3.6050794302e-08,5.0983522236e-08,0,1.3322676296e-15,inf,2.6106741577e+19,8.2727271965e+11,5.2213483155e+19,1.6545454393e+12,2.6011340783e-18,2.6515128219e-19,-1.1680759487e+02,2025-11-22T13:30:24.782496,1.6180339887e+00
Star_0844,5.7565827244e+00,1.1449843039e+31,7.6511685233e+19,7.6511685233e+16,5.1144174621e+08,8.0870611176e+03,2.4795568342e+03,1.7005673893e+04,1.7005673893e+01,4.4991857257e+15,4.4991857257e+15,2.5508510839e+04,5.1017021678e+04,False,False,1.0000000000e+00,0,1.0000000000e+00,2.0000000000e+00,1.5302337047e+20,1.5302337047e+17,3.1603759231e+00,4.4694464926e+00,4.4694464926e+00,6.3207518462e+00,3.1603759231e-03,4.4694464926e-03,4.4694464926e-03,6.3207518462e-03,1.0541879353e-08,1.4908468754e-08,0,2.2204460493e-16,inf,1.5211389663e+20,4.8201985142e+12,3.0422779327e+20,9.6403970284e+12,1.3054183743e-19,1.3307017067e-20,-9.9879759753e+00,2025-11-22T13:30:24.782496,1.6180339887e+00
Star_0845,4.3698740820e-01,8.6916795491e+29,1.0570622863e+19,1.0570622863e+16,7.0659243737e+07,1.1172838879e+03,3.4256806764e+02,1.2909161068e+03,1.2909161068e+00,8.1884661656e+15,8.1884661656e+15,1.9363741602e+03,3.8727483204e+03,False,False,1.0000000000e+00,0,1.0000000000e+00,2.0000000000e+00,2.1141245726e+19,2.1141245726e+16,2.3426339110e+00,3.3129846486e+00,3.3129846486e+00,4.6852678219e+00,2.3426339110e-03,3.3129846486e-03,3.3129846486e-03,4.6852678219e-03,7.8141856089e-09,1.1050927267e-08,0,2.2204460493e-16,inf,2.8351498691e+19,8.9840478018e+11,5.6702997382e+19,1.7968095604e+12,5.1916842668e-19,5.2922367654e-20,-5.4879336408e+00,2025-11-22T13:30:24.782496,1.6180339887e+00
Star_0846,1.8763795140e-01,3.7321188533e+29,3.9993199012e+19,3.9993199012e+16,2.6733421800e+08,4.2271640432e+03,1.2960818943e+03,5.5430625497e+02,5.5430625497e-01,7.2150004901e+16,7.2150004901e+16,8.3145938245e+02,1.6629187649e+03,False,False,1.0000000000e+00,0,1.0000000000e+00,2.0000000000e+00,7.9986398025e+19,7.9986398025e+16,7.8920081057e-01,1.1160984897e+00,1.1160984897e+00,1.5784016211e+00,7.8920081057e-04,1.1160984897e-03,1.1160984897e-03,1.5784016211e-03,2.6324905431e-09,3.7229038288e-09,0,0.0000000000e+00,inf,3.1840398167e+20,1.0089613332e+13,6.3680796334e+20,2.0179226663e+13,1.5573595881e-20,1.5875225159e-21,-6.2283791940e-01,2025-11-22T13:30:24.782496,1.6180339887e+00
Star_0847,6.3495632580e-01,1.2629281320e+30,2.9053820341e+19,2.9053820341e+16,1.9421002902e+08,3.0709037460e+03,9.4156335163e+02,1.8757413433e+03,1.8757413433e+00,1.5489246662e+16,1.5489246662e+16,2.8136120150e+03,5.6272240300e+03,False,False,1.0000000000e+00,0,1.0000000000e+00,2.0000000000e+00,5.8107640683e+19,5.8107640683e+16,1.7032976890e+00,2.4088266925e+00,2.4088266925e+00,3.4065953780e+00,1.7032976890e-03,2.4088266925e-03,2.4088266925e-03,3.4065953780e-03,5.6815895248e-09,8.0349809618e-09,0,2.2204460493e-16,inf,1.0717476943e+20,3.3961635051e+12,2.1434953886e+20,6.7923270102e+12,9.9856851293e-20,1.0179087797e-20,-2.9012230173e+00,2025-11-22T13:30:24.782496,1.6180339887e+00
Star_0848,8.9425869370e-01,1.7786805418e+30,1.0692475668e+20,1.0692475668e+17,7.1473767837e+08,1.1301633726e+04,3.4651701942e+03,2.6417533541e+03,2.6417533541e+00,4.0474920384e+16,4.0474920384e+16,3.9626300312e+03,7.9252600624e+03,False,False,1.0000000000e+00,0,1.0000000000e+00,2.0000000000e+00,2.1384951337e+20,2.1384951337e+17,1.0536896242e+00,1.4901421571e+00,1.4901421571e+00,2.1073792484e+00,1.0536896242e-03,1.4901421571e-03,1.4901421571e-03,2.1073792484e-03,3.5147302611e-09,4.9705792034e-09,0,0.0000000000e+00,inf,6.3759578223e+20,2.0204191137e+13,1.2751915645e+21,4.0408382275e+13,1.0383580553e-20,1.0584689656e-21,-1.1102618241e+00,2025-11-22T13:30:24.782496,1.6180339887e+00
Star_0849,1.0050524077e+00,1.9990492389e+30,1.5654115053e+20,1.5654115053e+17,1.0463980651e+09,1.6545941289e+04,5.0731163279e+03,2.9690520068e+03,2.9690520068e+00,5.2724287137e+16,5.2724287137e+16,4.4535780102e+03,8.9071560204e+03,False,False,1.0000000000e+00,0,1.0000000000e+00,2.0000000000e+00,3.1308230106e+20,3.1308230106e+17,9.2320967436e-01,1.3056156424e+00,1.3056156424e+00,1.8464193487e+00,9.2320967436e-04,1.3056156424e-03,1.3056156424e-03,1.8464193487e-03,3.0794959970e-09,4.3550650043e-09,0,0.0000000000e+00,inf,1.0653885941e+21,3.3760127325e+13,2.1307771881e+21,6.7520254650e+13,5.4446776450e-21,5.5501301173e-22,-8.5231610283e-01,2025-11-22T13:30:24.782997,1.6180339887e+00
Star_0850,1.2052677560e-01,2.3972775667e+29,2.8129358573e+19,2.8129358573e+16,1.8803047175e+08,2.9731908438e+03,9.1160380378e+02,3.5605134840e+02,3.5605134840e-01,7.9003656917e+16,7.9003656917e+16,5.3407702259e+02,1.0681540452e+03,False,False,1.0000000000e+00,0,1.0000000000e+00,2.0000000000e+00,5.6258717147e+19,5.6258717147e+16,7.5419232396e-01,1.0665890132e+00,1.0665890132e+00,1.5083846479e+00,7.5419232396e-04,1.0665890132e-03,1.0665890132e-03,1.5083846479e-03,2.5157148015e-09,3.5577579913e-09,0,0.0000000000e+00,inf,2.3434602405e+20,7.4259773889e+12,4.6869204810e+20,1.4851954778e+13,2.0221081830e-20,2.0612723578e-21,-5.6880606152e-01,2025-11-22T13:30:24.782997,1.6180339887e+00
Star_0851,2.2347888805e+01,4.4449950832e+31,8.9136614098e+19,8.9136614098e+16,5.9583298194e+08,9.4214791352e+03,2.8886999416e+03,6.6018491767e+04,6.6018491767e+01,1.3501764689e+15,1.3501764689e+15,9.9027737651e+04,1.9805547530e+05,False,False,1.0000000000e+00,0,1.0000000000e+00,2.0000000000e+00,1.7827322820e+20,1.7827322820e+17,5.7691314927e+00,8.1587840001e+00,8.1587840001e+00,1.1538262985e+01,5.7691314927e-03,8.1587840001e-03,8.1587840001e-03,1.1538262985e-02,1.9243751264e-08,2.7214774029e-08,0,4.4408920985e-16,inf,9.7079060296e+19,3.0762497875e+12,1.9415812059e+20,6.1524995751e+12,3.7339177079e-19,3.8062361956e-20,-3.3282878180e+01,2025-11-22T13:30:24.782997,1.6180339887e+00
Star_0852,2.7910472980e-01,5.5513930757e+29,2.7572313698e+19,2.7572313698e+16,1.8430690975e+08,2.9143128314e+03,8.9355133999e+02,8.2451069394e+02,8.2451069394e-01,3.3440819993e+16,3.3440819993e+16,1.2367660409e+03,2.4735320818e+03,False,False,1.0000000000e+00,0,1.0000000000e+00,2.0000000000e+00,5.5144627396e+19,5.5144627396e+16,1.1592236852e+00,1.6393898575e+00,1.6393898575e+00,2.3184473704e+00,1.1592236852e-03,1.6393898575e-03,1.6393898575e-03,2.3184473704e-03,3.8667539969e-09,5.4684159448e-09,0,0.0000000000e+00,inf,1.4944652919e+20,4.7356747405e+12,2.9889305838e+20,9.4713494811e+12,4.8737279253e-20,4.9681222481e-21,-1.3437995524e+00,2025-11-22T13:30:24.782997,1.6180339887e+00
Star_0853,4.2547110370e-01,8.4626202526e+29,6.1990319709e+19,6.1990319709e+16,4.1437379485e+08,6.5521952974e+03,2.0089548468e+03,1.2568954858e+03,1.2568954858e+00,4.9320186449e+16,4.9320186449e+16,1.8853432288e+03,3.7706864575e+03,False,False,1.0000000000e+00,0,1.0000000000e+00,2.0000000000e+00,1.2398063942e+20,1.2398063942e+17,9.5453828126e-01,1.3499209832e+00,1.3499209832e+00,1.9090765625e+00,9.5453828126e-04,1.3499209832e-03,1.3499209832e-03,1.9090765625e-03,3.1839969812e-09,4.5028517134e-09,0,0.0000000000e+00,inf,4.0804719269e+20,1.2930235274e+13,8.1609438538e+20,2.5860470548e+13,1.4698155045e-20,1.4982828792e-21,-9.1114333039e-01,2025-11-22T13:30:24.782997,1.6180339887e+00
Star_0854,4.1333318910e-01,8.2211971312e+29,4.5943459503e+19,4.5943459503e+16,3.0710868652e+08,4.8560891558e+03,1.4889153029e+03,1.2210385500e+03,1.2210385500e+00,3.7626542997e+16,3.7626542997e+16,1.8315578250e+03,3.6631156500e+03,False,False,1.0000000000e+00,0,1.0000000000e+00,2.0000000000e+00,9.1886919005e+19,9.1886919005e+16,1.0928449401e+00,1.5455161358e+00,1.5455161358e+00,2.1856898801e+00,1.0928449401e-03,1.5455161358e-03,1.5455161358e-03,2.1856898801e-03,3.6453383362e-09,5.1552869145e-09,0,0.0000000000e+00,inf,2.6414659494e+20,8.3703004961e+12,5.2829318987e+20,1.6740600992e+13,2.5995214029e-20,2.6498689122e-21,-1.1943100630e+00,2025-11-22T13:30:24.782997,1.6180339887e+00
Star_0855,4.4073412440e-01,8.7662017343e+29,3.4157204621e+19,3.4157204621e+16,2.2832356030e+08,3.6103165226e+03,1.1069515708e+03,1.3019843806e+03,1.3019843806e+00,2.6234726875e+16,2.6234726875e+16,1.9529765709e+03,3.9059531418e+03,False,False,1.0000000000e+00,0,1.0000000000e+00,2.0000000000e+00,6.8314409241e+19,6.8314409241e+16,1.3087823559e+00,1.8508977579e+00,1.8508977579e+00,2.6175647117e+00,1.3087823559e-03,1.8508977579e-03,1.8508977579e-03,2.6175647117e-03,4.3656280235e-09,6.1739303591e-09,0,0.0000000000e+00,inf,1.6398146357e+20,5.1962590174e+12,3.2796292714e+20,1.0392518035e+13,5.0147875801e-20,5.1119139451e-21,-1.7129112550e+00,2025-11-22T13:30:24.783501,1.6180339887e+00
Star_0856,1.3938891163e+00,2.7724454523e+30,8.0712068811e+19,8.0712068811e+16,5.3951917655e+08,8.5310293639e+03,2.6156810063e+03,4.1177248533e+03,4.1177248533e+00,1.9601132103e+16,1.9601132103e+16,6.1765872799e+03,1.2353174560e+04,False,False,1.0000000000e+00,0,1.0000000000e+00,2.0000000000e+00,1.6142413762e+20,1.6142413762e+17,1.5141368435e+00,2.1413128594e+00,2.1413128594e+00,3.0282736871e+00,1.5141368435e-03,2.1413128594e-03,2.1413128594e-03,3.0282736871e-03,5.0506168622e-09,7.1426508649e-09,0,0.0000000000e+00,inf,3.3492936060e+20,1.0613270990e+13,6.6985872120e+20,2.1226541981e+13,2.8404802586e-20,2.8954946571e-21,-2.2926103809e+00,2025-11-22T13:30:24.783501,1.6180339887e+00
Star_0857,2.1468626390e-01,4.2701097890e+29,4.0280704574e+19,4.0280704574e+16,2.6925604662e+08,4.2575525393e+03,1.3053992473e+03,6.3421039319e+02,6.3421039319e-01,6.3513157473e+16,6.3513157473e+16,9.5131558979e+02,1.9026311796e+03,False,False,1.0000000000e+00,0,1.0000000000e+00,2.0000000000e+00,8.0561409148e+19,8.0561409148e+16,8.4115078249e-01,1.1895668446e+00,1.1895668446e+00,1.6823015650e+00,8.4115078249e-04,1.1895668446e-03,1.1895668446e-03,1.6823015650e-03,2.8057769969e-09,3.9679678819e-09,0,0.0000000000e+00,inf,3.0088675706e+20,9.5345259798e+12,6.0177351412e+20,1.9069051960e+13,1.7565100868e-20,1.7905301598e-21,-7.0753463888e-01,2025-11-22T13:30:24.783501,1.6180339887e+00
Star_0858,2.6186518240e-01,5.2084984779e+29,1.1515278228e+20,1.1515278228e+17,7.6973784947e+08,1.2171311942e+04,3.7318204064e+03,7.7358288917e+02,7.7358288917e-01,1.4885642365e+17,1.4885642365e+17,1.1603743338e+03,2.3207486675e+03,False,False,1.0000000000e+00,0,1.0000000000e+00,2.0000000000e+00,2.3030556456e+20,2.3030556456e+17,5.4944207646e-01,7.7702843626e-01,7.7702843626e-01,1.0988841529e+00,5.4944207646e-04,7.7702843626e-04,7.7702843626e-04,1.0988841529e-03,1.8327414910e-09,2.5918878729e-09,0,0.0000000000e+00,inf,1.3168381176e+21,4.1728081908e+13,2.6336762353e+21,8.3456163817e+13,2.6216179010e-21,2.6723933752e-22,-3.0188659538e-01,2025-11-22T13:30:24.783501,1.6180339887e+00
Star_0859,2.8410077490e-01,5.6507644128e+29,2.4293307149e+18,2.4293307149e+15,1.6238841677e+07,2.5677314395e+02,7.8728674690e+01,8.3926964344e+02,8.3926964344e-01,2.8945771289e+15,2.8945771289e+15,1.2589044652e+03,2.5178089303e+03,False,False,1.0000000000e+00,0,1.0000000000e+00,2.0000000000e+00,4.8586614298e+18,4.8586614298e+15,3.9401535056e+00,5.5722185254e+00,5.5722185254e+00,7.8803070112e+00,3.9401535056e-03,5.5722185254e-03,5.5722185254e-03,7.8803070112e-03,1.3142937390e-08,1.8586920307e-08,0,2.2204460493e-16,inf,3.8739442594e+18,1.2275788588e+11,7.7478885188e+18,2.4551577176e+11,6.3905706837e-18,6.5143432046e-19,-1.5524809648e+01,2025-11-22T13:30:24.783501,1.6180339887e+00
Star_0860,4.1493603860e-01,8.2530778078e+29,2.9801138464e+19,2.9801138464e+16,1.9920547101e+08,3.1498930836e+03,9.6578210661e+02,1.2257735703e+03,1.2257735703e+00,2.4312107216e+16,2.4312107216e+16,1.8386603554e+03,3.6773207108e+03,False,False,1.0000000000e+00,0,1.0000000000e+00,2.0000000000e+00,5.9602276927e+19,5.9602276927e+16,1.3595475574e+00,1.9226905943e+00,1.9226905943e+00,2.7190951148e+00,1.3595475574e-03,1.9226905943e-03,1.9226905943e-03,2.7190951148e-03,4.5349625086e-09,6.4134054844e-09,0,0.0000000000e+00,inf,1.3772675646e+20,4.3642975531e+12,2.7545351292e+20,8.7285951061e+12,6.2023454675e-20,6.3224724440e-21,-1.8483695608e+00,2025-11-22T13:30:24.783501,1.6180339887e+00
Star_0861,1.2050861815e+00,2.3969164150e+30,2.5483263418e+18,2.5483263418e+15,1.7034266991e+07,2.6935063332e+02,8.2585032304e+01,3.5599770899e+03,3.5599770899e+00,7.1582661277e+14,7.1582661277e+14,5.3399656348e+03,1.0679931270e+04,False,False,1.0000000000e+00,0,1.0000000000e+00,2.0000000000e+00,5.0966526836e+18,5.0966526836e+15,7.9232212764e+00,1.1205126987e+01,1.1205126987e+01,1.5846442553e+01,7.9232212764e-03,1.1205126987e-02,1.1205126987e-02,1.5846442553e-02,2.6429021361e-08,3.7376280449e-08,0,8.8817841970e-16,inf,2.0208455715e+18,6.4036731930e+10,4.0416911431e+18,1.2807346386e+11,2.4634770816e-17,2.5111896856e-18,-6.2777435395e+01,2025-11-22T13:30:24.784002,1.6180339887e+00
Star_0862,1.6280896046e+00,3.2382702235e+30,7.3135490775e+19,7.3135490775e+16,4.8887360143e+08,7.7302072481e+03,2.3701426184e+03,4.8095827350e+03,4.8095827350e+00,1.5206202867e+16,1.5206202867e+16,7.2143741024e+03,1.4428748205e+04,False,False,1.0000000000e+00,0,1.0000000000e+00,2.0000000000e+00,1.4627098155e+20,1.4627098155e+17,1.7190769414e+00,2.4311419254e+00,2.4311419254e+00,3.4381538829e+00,1.7190769414e-03,2.4311419254e-03,2.4311419254e-03,3.4381538829e-03,5.7342234455e-09,8.1094165663e-09,0,2.2204460493e-16,inf,2.6730847817e+20,8.4704945296e+12,5.3461695633e+20,1.6940989059e+13,4.0407543579e-20,4.1190156553e-21,-2.9552255306e+00,2025-11-22T13:30:24.784002,1.6180339887e+00
Star_0863,2.9975108160e-01,5.9620490130e+29,7.6405683765e+19,7.6405683765e+16,5.1073318025e+08,8.0758570727e+03,2.4761215855e+03,8.8550263006e+02,8.8550263006e-01,8.6285100881e+16,8.6285100881e+16,1.3282539451e+03,2.6565078902e+03,False,False,1.0000000000e+00,0,1.0000000000e+00,2.0000000000e+00,1.5281136753e+20,1.5281136753e+17,7.2166858348e-01,1.0205934983e+00,1.0205934983e+00,1.4433371670e+00,7.2166858348e-04,1.0205934983e-03,1.0205934983e-03,1.4433371670e-03,2.4072272808e-09,3.4043334683e-09,0,0.0000000000e+00,inf,6.6522373373e+20,2.1079668090e+13,1.3304474675e+21,4.2159336181e+13,6.8163193983e-21,6.9483378168e-22,-5.2080554439e-01,2025-11-22T13:30:24.784002,1.6180339887e+00
Star_0864,4.8591696820e-01,9.6648884975e+29,1.5457658529e+20,1.5457658529e+17,1.0332659445e+09,1.6338292495e+04,5.0094495672e+03,1.4354602193e+03,1.4354602193e+00,1.0768433929e+17,1.0768433929e+17,2.1531903290e+03,4.3063806579e+03,False,False,1.0000000000e+00,0,1.0000000000e+00,2.0000000000e+00,3.0915317059e+20,3.0915317059e+17,6.4599540855e-01,9.1357546800e-01,9.1357546800e-01,1.2919908171e+00,6.4599540855e-04,9.1357546800e-04,9.1357546800e-04,1.2919908171e-03,2.1548087395e-09,3.0473597438e-09,0,0.0000000000e+00,inf,1.5034678524e+21,4.7642021333e+13,3.0069357048e+21,9.5284042665e+13,2.6996978040e-21,2.7519855290e-22,-4.1731006786e-01,2025-11-22T13:30:24.784002,1.6180339887e+00
Star_0865,1.4701167110e-01,2.9240621382e+29,3.1739822065e+19,3.1739822065e+16,2.1216458599e+08,3.3548062641e+03,1.0286101068e+03,4.3429108150e+02,4.3429108150e-01,7.3084213369e+16,7.3084213369e+16,6.5143662225e+02,1.3028732445e+03,False,False,1.0000000000e+00,0,1.0000000000e+00,2.0000000000e+00,6.3479644130e+19,6.3479644130e+16,7.8414055668e-01,1.1089422101e+00,1.1089422101e+00,1.5682811134e+00,7.8414055668e-04,1.1089422101e-03,1.1089422101e-03,1.5682811134e-03,2.6156113530e-09,3.6990330493e-09,0,0.0000000000e+00,inf,2.5432581181e+20,8.0590986579e+12,5.0865162362e+20,1.6118197316e+13,1.9372396335e-20,1.9747600749e-21,-6.1487641263e-01,2025-11-22T13:30:24.784002,1.6180339887e+00
Star_0866,4.2186550440e-01,8.3909048825e+29,4.1623158363e+19,4.1623158363e+16,2.7822966820e+08,4.3994459743e+03,1.3489048956e+03,1.2462440892e+03,1.2462440892e+00,3.3398881265e+16,3.3398881265e+16,1.8693661338e+03,3.7387322676e+03,False,False,1.0000000000e+00,0,1.0000000000e+00,2.0000000000e+00,8.3246316725e+19,8.3246316725e+16,1.1599512712e+00,1.6404188194e+00,1.6404188194e+00,2.3199025424e+00,1.1599512712e-03,1.6404188194e-03,1.6404188194e-03,2.3199025424e-03,3.8691809624e-09,5.4718481924e-09,0,0.0000000000e+00,inf,2.2546293414e+20,7.1444892559e+12,4.5092586829e+20,1.4288978512e+13,3.2325441039e-20,3.2951519917e-21,-1.3454869515e+00,2025-11-22T13:30:24.784002,1.6180339887e+00
Star_0867,2.0412017980e-01,4.0599503762e+29,8.3534255627e+19,8.3534255627e+16,5.5838406168e+08,8.8293262474e+03,2.7071411876e+03,6.0299684357e+02,6.0299684357e-01,1.3853182901e+17,1.3853182901e+17,9.0449526535e+02,1.8089905307e+03,False,False,1.0000000000e+00,0,1.0000000000e+00,2.0000000000e+00,1.6706851125e+20,1.6706851125e+17,5.6954877357e-01,8.0546360001e-01,8.0546360001e-01,1.1390975471e+00,5.6954877357e-04,8.0546360001e-04,8.0546360001e-04,1.1390975471e-03,1.8998102133e-09,2.6867373695e-09,0,0.0000000000e+00,inf,9.2153864947e+20,2.9201797649e+13,1.8430772989e+21,5.8403595297e+13,3.8832668471e-21,3.9584779277e-22,-3.2438580547e-01,2025-11-22T13:30:24.784506,1.6180339887e+00
Star_0868,5.9203421650e-01,1.1775560566e+30,2.5134331243e+19,2.5134331243e+16,1.6801023558e+08,2.6566252239e+03,8.1454228354e+02,1.7489440005e+03,1.7489440005e+00,1.4371146953e+16,1.4371146953e+16,2.6234160007e+03,5.2468320014e+03,False,False,1.0000000000e+00,0,1.0000000000e+00,2.0000000000e+00,5.0268662486e+19,5.0268662486e+16,1.7683164619e+00,2.5007771229e+00,2.5007771229e+00,3.5366329237e+00,1.7683164619e-03,2.5007771229e-03,2.5007771229e-03,3.5366329237e-03,5.8984688062e-09,8.3416945830e-09,0,2.2204460493e-16,inf,8.9307352038e+19,2.8299792138e+12,1.7861470408e+20,5.6599584276e+12,1.2440924244e-19,1.2681879964e-20,-3.1269431093e+00,2025-11-22T13:30:24.784506,1.6180339887e+00
Star_0869,2.5451597730e-01,5.0623227885e+29,2.4722807523e+19,2.4722807523e+16,1.6525940857e+08,2.6131283715e+03,8.0120580493e+02,7.5187240723e+02,7.5187240723e-01,3.2881652904e+16,3.2881652904e+16,1.1278086108e+03,2.2556172217e+03,False,False,1.0000000000e+00,0,1.0000000000e+00,2.0000000000e+00,4.9445615046e+19,4.9445615046e+16,1.1690386904e+00,1.6532703709e+00,1.6532703709e+00,2.3380773808e+00,1.1690386904e-03,1.6532703709e-03,1.6532703709e-03,2.3380773808e-03,3.8994933301e-09,5.5147163538e-09,0,0.0000000000e+00,inf,1.3287668086e+20,4.2106079316e+12,2.6575336173e+20,8.4212158632e+12,5.5278975026e-20,5.6349617764e-21,-1.3666514596e+00,2025-11-22T13:30:24.784506,1.6180339887e+00
Star_0870,2.2754270910e-01,4.5258244840e+29,2.1093355828e+19,2.1093355828e+16,1.4099836783e+08,2.2295059537e+03,6.8358414065e+02,6.7218995936e+02,6.7218995936e-01,3.1380051925e+16,3.1380051925e+16,1.0082849390e+03,2.0165698781e+03,False,False,1.0000000000e+00,0,1.0000000000e+00,2.0000000000e+00,4.2186711656e+19,4.2186711656e+16,1.1966823239e+00,1.6923643723e+00,1.6923643723e+00,2.3933646479e+00,1.1966823239e-03,1.6923643723e-03,1.6923643723e-03,2.3933646479e-03,3.9917025662e-09,5.6451199061e-09,0,0.0000000000e+00,inf,1.1075074877e+20,3.5094794526e+12,2.2150149754e+20,7.0189589051e+12,6.7890979324e-20,6.9205891258e-21,-1.4320485844e+00,2025-11-22T13:30:24.784506,1.6180339887e+00
Star_0871,1.9979824480e-01,3.9739870891e+29,9.0232223224e+18,9.0232223224e+15,6.0315657236e+07,9.5372818121e+02,2.9242059573e+02,5.9022930062e+02,5.9022930062e-01,1.5287655684e+16,1.5287655684e+16,8.8534395093e+02,1.7706879019e+03,False,False,1.0000000000e+00,0,1.0000000000e+00,2.0000000000e+00,1.8046444645e+19,1.8046444645e+16,1.7144911936e+00,2.4246566985e+00,2.4246566985e+00,3.4289823871e+00,1.7144911936e-03,2.4246566985e-03,2.4246566985e-03,3.4289823871e-03,5.7189270370e-09,8.0877841780e-09,0,2.2204460493e-16,inf,3.3067873508e+19,1.0478576796e+12,6.6135747017e+19,2.0957153591e+12,3.2576832840e-19,3.3207780673e-20,-2.9394800528e+00,2025-11-22T13:30:24.784506,1.6180339887e+00
Star_0872,3.8629821410e-01,7.6834714784e+29,1.5464575467e+19,1.5464575467e+16,1.0337283066e+08,1.6345603495e+03,5.0116911775e+02,1.1411738124e+03,1.1411738124e+00,1.3551463675e+16,1.3551463675e+16,1.7117607187e+03,3.4235214373e+03,False,False,1.0000000000e+00,0,1.0000000000e+00,2.0000000000e+00,3.0929150933e+19,3.0929150933e+16,1.8210111394e+00,2.5752986505e+00,2.5752986505e+00,3.6420222788e+00,1.8210111394e-03,2.5752986505e-03,2.5752986505e-03,3.6420222788e-03,6.0742393305e-09,8.5902716423e-09,0,2.2204460493e-16,inf,5.3358703443e+19,1.6908352803e+12,1.0671740689e+20,3.3816705607e+12,2.1443081816e-19,2.1858391250e-20,-3.3160815698e+00,2025-11-22T13:30:24.784506,1.6180339887e+00
Star_0873,8.6647414780e-01,1.7234170800e+30,5.5095699822e+19,5.5095699822e+16,3.6828676351e+08,5.8234541615e+03,1.7855170568e+03,2.5596742893e+03,2.5596742893e+00,2.1524496321e+16,2.1524496321e+16,3.8395114339e+03,7.6790228679e+03,False,False,1.0000000000e+00,0,1.0000000000e+00,2.0000000000e+00,1.1019139964e+20,1.1019139964e+17,1.4449047084e+00,2.0434038350e+00,2.0434038350e+00,2.8898094168e+00,1.4449047084e-03,2.0434038350e-03,2.0434038350e-03,2.8898094168e-03,4.8196833171e-09,6.8160615134e-09,0,0.0000000000e+00,inf,2.3958430586e+20,7.5919685231e+12,4.7916861173e+20,1.5183937046e+13,3.7893149977e-20,3.8627064197e-21,-2.0877496164e+00,2025-11-22T13:30:24.785008,1.6180339887e+00
Star_0874,3.9376676460e-01,7.8320209479e+29,1.9765531472e+19,1.9765531472e+16,1.3212253658e+08,2.0891588069e+03,6.4055259655e+02,1.1632368558e+03,1.1632368558e+00,1.6991837366e+16,1.6991837366e+16,1.7448552837e+03,3.4897105674e+03,False,False,1.0000000000e+00,0,1.0000000000e+00,2.0000000000e+00,3.9531062943e+19,3.9531062943e+16,1.6262433504e+00,2.2998554018e+00,2.2998554018e+00,3.2524867008e+00,1.6262433504e-03,2.2998554018e-03,2.2998554018e-03,3.2524867008e-03,5.4245639174e-09,7.6714918620e-09,0,2.2204460493e-16,inf,7.6366490232e+19,2.4199080485e+12,1.5273298046e+20,4.8398160970e+12,1.3380198951e-19,1.3639346535e-20,-2.6446674347e+00,2025-11-22T13:30:24.785008,1.6180339887e+00
Star_0875,4.9158652380e-01,9.7776559584e+29,1.7695899689e+19,1.7695899689e+16,1.1828809952e+08,1.8704047869e+03,5.7348088565e+02,1.4522088041e+03,1.4522088041e+00,1.2185506409e+16,1.2185506409e+16,2.1783132061e+03,4.3566264122e+03,False,False,1.0000000000e+00,0,1.0000000000e+00,2.0000000000e+00,3.5391799377e+19,3.5391799377e+16,1.9203655830e+00,2.7158070521e+00,2.7158070521e+00,3.8407311659e+00,1.9203655830e-03,2.7158070521e-03,2.7158070521e-03,3.8407311659e-03,6.4056500813e-09,9.0589572208e-09,0,2.2204460493e-16,inf,5.7898671955e+19,1.8346982012e+12,1.1579734391e+20,3.6693964024e+12,2.0839878373e-19,2.1243504968e-20,-3.6878039722e+00,2025-11-22T13:30:24.785008,1.6180339887e+00
Star_0876,3.9035575960e-01,7.7641760584e+29,1.0432905856e+20,1.0432905856e+17,6.9738675506e+08,1.1027276034e+04,3.3810499581e+03,1.1531603154e+03,1.1531603154e+00,9.0472293546e+16,9.0472293546e+16,1.7297404730e+03,3.4594809461e+03,False,False,1.0000000000e+00,0,1.0000000000e+00,2.0000000000e+00,2.0865811711e+20,2.0865811711e+17,7.0477080468e-01,9.9669643034e-01,9.9669643034e-01,1.4095416094e+00,7.0477080468e-04,9.9669643034e-04,9.9669643034e-04,1.4095416094e-03,2.3508623578e-09,3.3246214297e-09,0,0.0000000000e+00,inf,9.3011629240e+20,2.9473606751e+13,1.8602325848e+21,5.8947213501e+13,4.7609160285e-21,4.8531254113e-22,-4.9670188712e-01,2025-11-22T13:30:24.785008,1.6180339887e+00
Star_0877,2.2791313510e-01,4.5331922571e+29,1.5468471736e+20,1.5468471736e+17,1.0339887524e+09,1.6349721738e+04,5.0129538634e+03,6.7328424464e+02,6.7328424464e-01,2.2974652770e+17,2.2974652770e+17,1.0099263670e+03,2.0198527339e+03,False,False,1.0000000000e+00,0,1.0000000000e+00,2.0000000000e+00,3.0936943472e+20,3.0936943472e+17,4.4226363075e-01,6.2545522475e-01,6.2545522475e-01,8.8452726149e-01,4.4226363075e-04,6.2545522475e-04,6.2545522475e-04,8.8452726149e-04,1.4752326783e-09,2.0862940613e-09,0,0.0000000000e+00,inf,2.1975868595e+21,6.9637325384e+13,4.3951737191e+21,1.3927465077e+14,1.2644889710e-21,1.2889795830e-22,-1.9559711908e-01,2025-11-22T13:30:24.785008,1.6180339887e+00
Star_0878,4.0700239070e-01,8.0952775510e+29,6.2446578419e+19,6.2446578419e+16,4.1742365253e+08,6.6004205072e+03,2.0237410772e+03,1.2023365703e+03,1.2023365703e+00,5.1937685303e+16,5.1937685303e+16,1.8035048555e+03,3.6070097110e+03,False,False,1.0000000000e+00,0,1.0000000000e+00,2.0000000000e+00,1.2489315684e+20,1.2489315684e+17,9.3017445779e-01,1.3154653336e+00,1.3154653336e+00,1.8603489156e+00,9.3017445779e-04,1.3154653336e-03,1.3154653336e-03,1.8603489156e-03,3.1027280139e-09,4.3879200376e-09,0,0.0000000000e+00,inf,4.2181702660e+20,1.3366574980e+13,8.4363405320e+20,2.6733149961e+13,1.3855435219e-20,1.4123787175e-21,-8.6522452193e-01,2025-11-22T13:30:24.785008,1.6180339887e+00
Star_0879,3.8536655370e-01,7.6649407531e+29,1.3743258143e+19,1.3743258143e+16,9.1866698818e+07,1.4526221481e+03,4.4538542772e+02,1.1384215697e+03,1.1384215697e+00,1.2072204629e+16,1.2072204629e+16,1.7076323546e+03,3.4152647091e+03,False,False,1.0000000000e+00,0,1.0000000000e+00,2.0000000000e+00,2.7486516286e+19,2.7486516286e+16,1.9293561820e+00,2.7285216792e+00,2.7285216792e+00,3.8587123640e+00,1.9293561820e-03,2.7285216792e-03,2.7285216792e-03,3.8587123640e-03,6.4356394916e-09,9.1013686516e-09,0,2.2204460493e-16,inf,4.4756607641e+19,1.4182513132e+12,8.9513215283e+19,2.8365026264e+12,2.7085391530e-19,2.7609981172e-20,-3.7224152770e+00,2025-11-22T13:30:24.785008,1.6180339887e+00
Star_0880,1.7569032360e-01,3.4944805364e+29,5.2413900680e+19,5.2413900680e+16,3.5036029866e+08,5.5399958440e+03,1.6986064971e+03,5.1901145041e+02,5.1901145041e-01,1.0098794668e+17,1.0098794668e+17,7.7851717562e+02,1.5570343512e+03,False,False,1.0000000000e+00,0,1.0000000000e+00,2.0000000000e+00,1.0482780136e+20,1.0482780136e+17,6.6706926949e-01,9.4337840796e-01,9.4337840796e-01,1.3341385390e+00,6.6706926949e-04,9.4337840796e-04,9.4337840796e-04,1.3341385390e-03,2.2251035731e-09,3.1467716508e-09,0,0.0000000000e+00,inf,4.9369123374e+20,1.5644131168e+13,9.8738246747e+20,3.1288262335e+13,8.4897594823e-21,8.6541890747e-22,-4.4498141030e-01,2025-11-22T13:30:24.785008,1.6180339887e+00
Star_0881,1.8028367690e-01,3.5858423335e+29,2.0616533520e+18,2.0616533520e+15,1.3781105294e+07,2.1791072318e+02,6.6813149430e+01,5.3258079737e+02,5.3258079737e-01,3.8710621227e+15,3.8710621227e+15,7.9887119606e+02,1.5977423921e+03,False,False,1.0000000000e+00,0,1.0000000000e+00,2.0000000000e+00,4.1233067039e+18,4.1233067039e+15,3.4071451423e+00,4.8184308692e+00,4.8184308692e+00,6.8142902845e+00,3.4071451423e-03,4.8184308692e-03,4.8184308692e-03,6.8142902845e-03,1.1365012866e-08,1.6072555331e-08,0,2.2204460493e-16,inf,3.8019366680e+18,1.2047610300e+11,7.6038733360e+18,2.4095220600e+11,5.6307419525e-18,5.7397981167e-19,-1.1608638020e+01,2025-11-22T13:30:24.785008,1.6180339887e+00
Star_0882,6.4215536380e-01,1.2772470186e+30,2.5759937734e+19,2.5759937734e+16,1.7219209715e+08,2.7227499983e+03,8.3481666182e+02,1.8970082127e+03,1.8970082127e+00,1.3579244181e+16,1.3579244181e+16,2.8455123190e+03,5.6910246380e+03,False,False,1.0000000000e+00,0,1.0000000000e+00,2.0000000000e+00,5.1519875468e+19,5.1519875468e+16,1.8191474675e+00,2.5726630205e+00,2.5726630205e+00,3.6382949350e+00,1.8191474675e-03,2.5726630205e-03,2.5726630205e-03,3.6382949350e-03,6.0680227903e-09,8.5814801268e-09,0,2.2204460493e-16,inf,8.8972700220e+19,2.8193747376e+12,1.7794540044e+20,5.6387494753e+12,1.2846682871e-19,1.3095497321e-20,-3.3092975085e+00,2025-11-22T13:30:24.785008,1.6180339887e+00
Star_0883,1.2956598172e+00,2.5770673764e+30,6.1247092417e+19,6.1247092417e+16,4.0940569797e+08,6.4736383487e+03,1.9848686657e+03,3.8275430723e+03,3.8275430723e+00,1.6001672943e+16,1.6001672943e+16,5.7413146085e+03,1.1482629217e+04,False,False,1.0000000000e+00,0,1.0000000000e+00,2.0000000000e+00,1.2249418483e+20,1.2249418483e+17,1.6758031803e+00,2.3699435854e+00,2.3699435854e+00,3.3516063606e+00,1.6758031803e-03,2.3699435854e-03,2.3699435854e-03,3.3516063606e-03,5.5898777156e-09,7.9052808774e-09,0,2.2204460493e-16,inf,2.2963724840e+20,7.2767652927e+12,4.5927449680e+20,1.4553530585e+13,4.5852238665e-20,4.6740304450e-21,-2.8083162991e+00,2025-11-22T13:30:24.785008,1.6180339887e+00
Star_0884,1.4323635845e+00,2.8489711696e+30,7.5353617085e+19,7.5353617085e+16,5.0370064897e+08,7.9646567049e+03,2.4420266742e+03,4.2313833015e+03,4.2313833015e+00,1.7808270184e+16,1.7808270184e+16,6.3470749522e+03,1.2694149904e+04,False,False,1.0000000000e+00,0,1.0000000000e+00,2.0000000000e+00,1.5070723417e+20,1.5070723417e+17,1.5885278639e+00,2.2465176493e+00,2.2465176493e+00,3.1770557277e+00,1.5885278639e-03,2.2465176493e-03,2.2465176493e-03,3.1770557277e-03,5.2987585961e-09,7.4935762703e-09,0,2.2204460493e-16,inf,2.9805000622e+20,9.4446347702e+12,5.9610001245e+20,1.8889269540e+13,3.3487719262e-20,3.4136309135e-21,-2.5234207743e+00,2025-11-22T13:30:24.786038,1.6180339887e+00
Star_0885,5.2278815560e-01,1.0398256415e+30,3.7365928330e+19,3.7365928330e+16,2.4977224820e+08,3.9494692242e+03,1.2109384687e+03,1.5443823731e+03,1.5443823731e+00,2.4194738933e+16,2.4194738933e+16,2.3165735597e+03,4.6331471194e+03,False,False,1.0000000000e+00,0,1.0000000000e+00,2.0000000000e+00,7.4731856660e+19,7.4731856660e+16,1.3628411394e+00,1.9273484227e+00,1.9273484227e+00,2.7256822789e+00,1.3628411394e-03,1.9273484227e-03,1.9273484227e-03,2.7256822789e-03,4.5459487157e-09,6.4289423277e-09,0,0.0000000000e+00,inf,1.7227029995e+20,5.4589163925e+12,3.4454059990e+20,1.0917832785e+13,4.9706672746e-20,5.0669391178e-21,-1.8573359713e+00,2025-11-22T13:30:24.786038,1.6180339887e+00
Star_0886,1.2005023052e+00,2.3877990850e+30,8.4960566649e+18,8.4960566649e+15,5.6791822626e+07,8.9800831465e+02,2.7533644440e+02,3.5464357392e+03,3.5464357392e+00,2.3956606829e+15,2.3956606829e+15,5.3196536088e+03,1.0639307218e+04,False,False,1.0000000000e+00,0,1.0000000000e+00,2.0000000000e+00,1.6992113330e+19,1.6992113330e+16,4.3310485531e+00,6.1250276031e+00,6.1250276031e+00,8.6620971062e+00,4.3310485531e-03,6.1250276031e-03,6.1250276031e-03,8.6620971062e-03,1.4446822919e-08,2.0430892905e-08,0,2.2204460493e-16,inf,1.2325490641e+19,3.9057122977e+11,2.4650981281e+19,7.8114245954e+11,2.2078456288e-18,2.2506071649e-19,-1.8757981569e+01,2025-11-22T13:30:24.786038,1.6180339887e+00
Star_0887,3.2063581490e-01,6.3774463584e+29,5.1870590915e+19,5.1870590915e+16,3.4672854890e+08,5.4825695925e+03,1.6809991546e+03,9.4719877530e+02,9.4719877530e-01,5.4762096687e+16,5.4762096687e+16,1.4207981629e+03,2.8415963259e+03,False,False,1.0000000000e+00,0,1.0000000000e+00,2.0000000000e+00,1.0374118183e+20,1.0374118183e+17,9.0586957037e-01,1.2810930322e+00,1.2810930322e+00,1.8117391407e+00,9.0586957037e-04,1.2810930322e-03,1.2810930322e-03,1.8117391407e-03,3.0216556361e-09,4.2732663814e-09,0,0.0000000000e+00,inf,3.5977865398e+20,1.1400697581e+13,7.1955730797e+20,2.2801395162e+13,1.5820133606e-20,1.6126537825e-21,-8.2059967852e-01,2025-11-22T13:30:24.786038,1.6180339887e+00
Star_0888,3.0461678210e-01,6.0588277960e+29,1.1108030791e+20,1.1108030791e+17,7.4251542721e+08,1.1740863324e+04,3.5998414594e+03,8.9987652512e+02,8.9987652512e-01,1.2343949954e+17,1.2343949954e+17,1.3498147877e+03,2.6996295754e+03,False,False,1.0000000000e+00,0,1.0000000000e+00,2.0000000000e+00,2.2216061582e+20,2.2216061582e+17,6.0336293679e-01,8.5328404824e-01,8.5328404824e-01,1.2067258736e+00,6.0336293679e-04,8.5328404824e-04,8.5328404824e-04,1.2067258736e-03,2.0126021209e-09,2.8462492150e-09,0,0.0000000000e+00,inf,1.1567468202e+21,3.6655094818e+13,2.3134936405e+21,7.3310189637e+13,3.2773300717e-21,3.3408053738e-22,-3.6404683349e-01,2025-11-22T13:30:24.786038,1.6180339887e+00
Star_0889,4.5579168530e-01,9.0656966206e+29,1.2644940826e+19,1.2644940826e+16,8.4525005520e+07,1.3365332233e+03,4.0979164617e+02,1.3464663211e+03,1.3464663211e+00,9.3912046870e+15,9.3912046870e+15,2.0196994817e+03,4.0393989634e+03,False,False,1.0000000000e+00,0,1.0000000000e+00,2.0000000000e+00,2.5289881651e+19,2.5289881651e+16,2.1874848401e+00,3.0935707283e+00,3.0935707283e+00,4.3749696802e+00,2.1874848401e-03,3.0935707283e-03,3.0935707283e-03,4.3749696802e-03,7.2966640144e-09,1.0319041209e-08,0,2.2204460493e-16,inf,3.6320483210e+19,1.1509266614e+12,7.2640966420e+19,2.3018533228e+12,3.7841932134e-19,3.8574854366e-20,-4.7850899256e+00,2025-11-22T13:30:24.786548,1.6180339887e+00
Star_0890,3.2185638740e-01,6.4017235454e+29,1.5616727685e+19,1.5616727685e+16,1.0438989094e+08,1.6506423935e+03,5.0609999952e+02,9.5080450093e+02,9.5080450093e-01,1.6424751534e+16,1.6424751534e+16,1.4262067514e+03,2.8524135028e+03,False,False,1.0000000000e+00,0,1.0000000000e+00,2.0000000000e+00,3.1233455370e+19,3.1233455370e+16,1.6540792016e+00,2.3392212401e+00,2.3392212401e+00,3.3081584032e+00,1.6540792016e-03,2.3392212401e-03,2.3392212401e-03,3.3081584032e-03,5.5174143227e-09,7.8028021643e-09,0,2.2204460493e-16,inf,5.9321702276e+19,1.8797913110e+12,1.1864340455e+20,3.7595826220e+12,1.7519534568e-19,1.7858852770e-20,-2.7359780051e+00,2025-11-22T13:30:24.786548,1.6180339887e+00
Star_0891,2.4001023560e-01,4.7738035861e+29,4.1062534109e+19,4.1062534109e+16,2.7448217987e+08,4.3401896320e+03,1.3307364329e+03,7.0902061047e+02,7.0902061047e-01,5.7914443533e+16,5.7914443533e+16,1.0635309157e+03,2.1270618314e+03,False,False,1.0000000000e+00,0,1.0000000000e+00,2.0000000000e+00,8.2125068218e+19,8.2125068218e+16,8.8087089614e-01,1.2457395680e+00,1.2457395680e+00,1.7617417923e+00,8.8087089614e-04,1.2457395680e-03,1.2457395680e-03,1.7617417923e-03,2.9382690346e-09,4.1553399186e-09,0,0.0000000000e+00,inf,2.9289594209e+20,9.2813123334e+12,5.8579188419e+20,1.8562624667e+13,1.8896386999e-20,1.9262372068e-21,-7.7593353567e-01,2025-11-22T13:30:24.786548,1.6180339887e+00
Star_0892,1.0771893875e+00,2.1425296917e+30,3.3119753389e+19,3.3119753389e+16,2.2138872587e+08,3.5006609650e+03,1.0733303104e+03,3.1821537744e+03,3.1821537744e+00,1.0407967602e+16,1.0407967602e+16,4.7732306617e+03,9.5464613233e+03,False,False,1.0000000000e+00,0,1.0000000000e+00,2.0000000000e+00,6.6239506779e+19,6.6239506779e+16,2.0778908911e+00,2.9385814793e+00,2.9385814793e+00,4.1557817822e+00,2.0778908911e-03,2.9385814793e-03,2.9385814793e-03,4.1557817822e-03,6.9310979500e-09,9.8020527231e-09,0,2.2204460493e-16,inf,1.0014844801e+20,3.1735128150e+12,2.0029689602e+20,6.3470256299e+12,1.3036421209e-19,1.3288910509e-20,-4.3176305552e+00,2025-11-22T13:30:24.786548,1.6180339887e+00
Star_0893,7.3569111478e+00,1.4632896273e+31,1.1338204466e+19,1.1338204466e+16,7.5790136805e+07,1.1984150160e+03,3.6744351253e+02,2.1733246585e+04,2.1733246585e+01,5.2169860687e+14,5.2169860687e+14,3.2599869877e+04,6.5199739755e+04,False,False,1.0000000000e+00,0,1.0000000000e+00,2.0000000000e+00,2.2676408932e+19,2.2676408932e+16,9.2810233776e+00,1.3125349133e+01,1.3125349133e+01,1.8562046755e+01,9.2810233776e-03,1.3125349133e-02,1.3125349133e-02,1.8562046755e-02,3.0958161655e-08,4.3781452078e-08,0,1.1102230246e-15,inf,7.6758819381e+18,2.4323402090e+11,1.5351763876e+19,4.8646804181e+11,7.5970931018e-18,7.7442335390e-19,-8.6137394935e+01,2025-11-22T13:30:24.786548,1.6180339887e+00
Star_0894,5.4327758890e-01,1.0805791243e+30,2.4635296944e+19,2.4635296944e+16,1.6467444481e+08,2.6038787595e+03,7.9836980082e+02,1.6049107521e+03,1.6049107521e+00,1.5349948221e+16,1.5349948221e+16,2.4073661282e+03,4.8147322564e+03,False,False,1.0000000000e+00,0,1.0000000000e+00,2.0000000000e+00,4.9270593888e+19,4.9270593888e+16,1.7110088177e+00,2.4197318753e+00,2.4197318753e+00,3.4220176354e+00,1.7110088177e-03,2.4197318753e-03,2.4197318753e-03,3.4220176354e-03,5.7073110815e-09,8.0713567361e-09,0,2.2204460493e-16,inf,9.0466007070e+19,2.8666947762e+12,1.8093201414e+20,5.7333895524e+12,1.1883563575e-19,1.2113724337e-20,-2.9275511742e+00,2025-11-22T13:30:24.786548,1.6180339887e+00
Star_0895,1.0528998823e+00,2.0942178659e+30,3.4364372978e+19,3.4364372978e+16,2.2970837552e+08,3.6322136115e+03,1.1136653913e+03,3.1103995021e+03,3.1103995021e+00,1.1048218390e+16,1.1048218390e+16,4.6655992532e+03,9.3311985064e+03,False,False,1.0000000000e+00,0,1.0000000000e+00,2.0000000000e+00,6.8728745957e+19,6.8728745957e+16,2.0167848948e+00,2.8521645506e+00,2.8521645506e+00,4.0335697896e+00,2.0167848948e-03,2.8521645506e-03,2.8521645506e-03,4.0335697896e-03,6.7272702865e-09,9.5137968769e-09,0,2.2204460493e-16,inf,1.0706036323e+20,3.3925381913e+12,2.1412072645e+20,6.7850763827e+12,1.1836157507e-19,1.2065400109e-20,-4.0674213119e+00,2025-11-22T13:30:24.786548,1.6180339887e+00
Star_0896,3.8446112200e-01,7.6469317166e+29,5.6641595574e+19,5.6641595574e+16,3.7862029127e+08,5.9868508164e+03,1.8356157622e+03,1.1357468099e+03,1.1357468099e+00,4.9871674814e+16,4.9871674814e+16,1.7036202148e+03,3.4072404297e+03,False,False,1.0000000000e+00,0,1.0000000000e+00,2.0000000000e+00,1.1328319115e+20,1.1328319115e+17,9.4924589676e-01,1.3424364212e+00,1.3424364212e+00,1.8984917935e+00,9.4924589676e-04,1.3424364212e-03,1.3424364212e-03,1.8984917935e-03,3.1663434867e-09,4.4778859021e-09,0,0.0000000000e+00,inf,3.7491828229e+20,1.1880443452e+13,7.4983656458e+20,2.3760886905e+13,1.5908234282e-20,1.6216344834e-21,-9.0106777252e-01,2025-11-22T13:30:24.786548,1.6180339887e+00
Star_0897,3.8123727570e-01,7.5828094137e+29,5.0164417494e+19,5.0164417494e+16,3.3532364635e+08,5.3022320573e+03,1.6257062415e+03,1.1262231599e+03,1.1262231599e+00,4.4542164714e+16,4.4542164714e+16,1.6893347399e+03,3.3786694798e+03,False,False,1.0000000000e+00,0,1.0000000000e+00,2.0000000000e+00,1.0032883499e+20,1.0032883499e+17,1.0044308550e+00,1.4204797377e+00,1.4204797377e+00,2.0088617101e+00,1.0044308550e-03,1.4204797377e-03,1.4204797377e-03,2.0088617101e-03,3.3504206935e-09,4.7382103844e-09,0,0.0000000000e+00,inf,3.1380192012e+20,9.9437828011e+12,6.2760384025e+20,1.9887565602e+13,2.0111493225e-20,2.0501012461e-21,-1.0088813425e+00,2025-11-22T13:30:24.786548,1.6180339887e+00
Star_0898,1.2136545138e+00,2.4139588279e+30,4.3117619384e+19,4.3117619384e+16,2.8821938091e+08,4.5574061288e+03,1.3973367270e+03,3.5852890279e+03,3.5852890279e+00,1.2026260379e+16,1.2026260379e+16,5.3779335418e+03,1.0755867084e+04,False,False,1.0000000000e+00,0,1.0000000000e+00,2.0000000000e+00,8.6235238768e+19,8.6235238768e+16,1.9330380548e+00,2.7337286337e+00,2.7337286337e+00,3.8660761096e+00,1.9330380548e-03,2.7337286337e-03,2.7337286337e-03,3.8660761096e-03,6.4479208973e-09,9.1187371821e-09,0,2.2204460493e-16,inf,1.4015036689e+20,4.4410971332e+12,2.8030073378e+20,8.8821942665e+12,8.6661466348e-20,8.8339924922e-21,-3.7366361213e+00,2025-11-22T13:30:24.786548,1.6180339887e+00
Star_0899,2.6879574172e+01,5.3463473028e+31,1.5467704871e+20,1.5467704871e+17,1.0339374914e+09,1.6348911184e+04,5.0127053411e+03,7.9405663849e+04,7.9405663849e+01,1.9479347091e+15,1.9479347091e+15,1.1910849577e+05,2.3821699155e+05,False,False,1.0000000000e+00,0,1.0000000000e+00,2.0000000000e+00,3.0935409742e+20,3.0935409742e+17,4.8030654761e+00,6.7925603373e+00,6.7925603373e+00,9.6061309523e+00,4.8030654761e-03,6.7925603373e-03,6.7925603373e-03,9.6061309523e-03,1.6021301897e-08,2.2657542430e-08,0,4.4408920985e-16,inf,2.0234255907e+20,6.4118487803e+12,4.0468511814e+20,1.2823697561e+13,1.4914583748e-19,1.5203449284e-20,-2.3069437968e+01,2025-11-22T13:30:24.786548,1.6180339887e+00
Star_0900,1.6960000370e-01,3.3733440736e+29,8.4437466903e+19,8.4437466903e+16,5.6442157021e+08,8.9247930349e+03,2.7364120589e+03,5.0101987467e+02,5.0101987467e-01,1.6853117246e+17,1.6853117246e+17,7.5152981200e+02,1.5030596240e+03,False,False,1.0000000000e+00,0,1.0000000000e+00,2.0000000000e+00,1.6887493381e+20,1.6887493381e+17,5.1637544711e-01,7.3026516058e-01,7.3026516058e-01,1.0327508942e+00,5.1637544711e-04,7.3026516058e-04,7.3026516058e-04,1.0327508942e-03,1.7224430880e-09,2.4359023754e-09,0,0.0000000000e+00,inf,1.0274234656e+21,3.2557085000e+13,2.0548469312e+21,6.5114170001e+13,3.1578825391e-21,3.2190443823e-22,-2.6664360237e-01,2025-11-22T13:30:24.787597,1.6180339887e+00
Star_0901,2.1430480210e-01,4.2625225138e+29,1.6848971413e+19,1.6848971413e+16,1.1262681426e+08,1.7808869478e+03,5.4603400892e+02,6.3308350676e+02,6.3308350676e-01,2.6614137366e+16,2.6614137366e+16,9.4962526014e+02,1.8992505203e+03,False,False,1.0000000000e+00,0,1.0000000000e+00,2.0000000000e+00,3.3697942826e+19,3.3697942826e+16,1.2994198837e+00,1.8376572227e+00,1.8376572227e+00,2.5988397673e+00,1.2994198837e-03,1.8376572227e-03,1.8376572227e-03,2.5988397673e-03,4.3343981778e-09,6.1297646878e-09,0,0.0000000000e+00,inf,8.1471132583e+19,2.5816644036e+12,1.6294226517e+20,5.1633288072e+12,1.0021335978e-19,1.0215429131e-20,-1.6884920341e+00,2025-11-22T13:30:24.787597,1.6180339887e+00
Star_0902,3.2652659800e-01,6.4946140342e+29,1.0165188909e+20,1.0165188909e+17,6.7949123721e+08,1.0744307059e+04,3.2942894347e+03,9.6460089408e+02,9.6460089408e-01,1.0538232932e+17,1.0538232932e+17,1.4469013411e+03,2.8938026823e+03,False,False,1.0000000000e+00,0,1.0000000000e+00,2.0000000000e+00,2.0330377817e+20,2.0330377817e+17,6.5301297147e-01,9.2349980066e-01,9.2349980066e-01,1.3060259429e+00,6.5301297147e-04,9.2349980066e-04,9.2349980066e-04,1.3060259429e-03,2.1782168098e-09,3.0804637542e-09,0,0.0000000000e+00,inf,9.7807805336e+20,3.0993423244e+13,1.9561561067e+21,6.1986846488e+13,4.1949632686e-21,4.2762112830e-22,-4.2642594091e-01,2025-11-22T13:30:24.787597,1.6180339887e+00
Star_0903,4.9592923550e-01,9.8640324941e+29,4.9456841713e+19,4.9456841713e+16,3.3059386172e+08,5.2274433688e+03,1.6027754387e+03,1.4650377240e+03,1.4650377240e+00,3.3758067046e+16,3.3758067046e+16,2.1975565860e+03,4.3951131721e+03,False,False,1.0000000000e+00,0,1.0000000000e+00,2.0000000000e+00,9.8913683425e+19,9.8913683425e+16,1.1537638287e+00,1.6316684543e+00,1.6316684543e+00,2.3075276574e+00,1.1537638287e-03,1.6316684543e-03,1.6316684543e-03,2.3075276574e-03,3.8485418759e-09,5.4426601163e-09,0,0.0000000000e+00,inf,2.6933285085e+20,8.5346430289e+12,5.3866570170e+20,1.7069286058e+13,2.6915810357e-20,2.7437115553e-21,-1.3311709724e+00,2025-11-22T13:30:24.787597,1.6180339887e+00
Star_0904,3.7231670970e-01,7.4053793559e+29,7.7156203339e+19,7.7156203339e+16,5.1575002232e+08,8.1551847943e+03,2.5004440917e+03,1.0998706790e+03,1.0998706790e+00,7.0150250217e+16,7.0150250217e+16,1.6498060185e+03,3.2996120370e+03,False,False,1.0000000000e+00,0,1.0000000000e+00,2.0000000000e+00,1.5431240668e+20,1.5431240668e+17,8.0037053651e-01,1.1318948677e+00,1.1318948677e+00,1.6007410730e+00,8.0037053651e-04,1.1318948677e-03,1.1318948677e-03,1.6007410730e-03,2.6697487384e-09,3.7755948739e-09,0,0.0000000000e+00,inf,6.0570286019e+20,1.9193565423e+13,1.2114057204e+21,3.8387130846e+13,8.3025468854e-21,8.4633505458e-22,-6.4059299572e-01,2025-11-22T13:30:24.787597,1.6180339887e+00
Star_0905,1.1486870390e-01,2.2847385206e+29,6.2908188029e+19,6.2908188029e+16,4.2050927827e+08,6.6492112915e+03,2.0387007171e+03,3.3933668854e+02,3.3933668854e-01,1.8538575448e+17,1.8538575448e+17,5.0900503280e+02,1.0180100656e+03,False,False,1.0000000000e+00,0,1.0000000000e+00,2.0000000000e+00,1.2581637606e+20,1.2581637606e+17,4.9234272575e-01,6.9627776009e-01,6.9627776009e-01,9.8468545149e-01,4.9234272575e-04,6.9627776009e-04,6.9627776009e-04,9.8468545149e-04,1.6422785584e-09,2.3225326105e-09,0,0.0000000000e+00,inf,8.0282246909e+20,2.5439908900e+13,1.6056449382e+21,5.0879817799e+13,3.8532561053e-21,3.9278859382e-22,-2.4240135960e-01,2025-11-22T13:30:24.787597,1.6180339887e+00
Star_0906,4.6943341210e-01,9.3370305667e+29,1.0378844890e+20,1.0378844890e+17,6.9377305415e+08,1.0970135176e+04,3.3635301196e+03,1.3867657085e+03,1.3867657085e+00,7.4842093558e+16,7.4842093558e+16,2.0801485628e+03,4.1602971255e+03,False,False,1.0000000000e+00,0,1.0000000000e+00,2.0000000000e+00,2.0757689780e+20,2.0757689780e+17,7.7487694832e-01,1.0958414895e+00,1.0958414895e+00,1.5497538966e+00,7.7487694832e-04,1.0958414895e-03,1.0958414895e-03,1.5497538966e-03,2.5847112816e-09,3.6553337492e-09,0,0.0000000000e+00,inf,8.4158143896e+20,2.6668106540e+13,1.6831628779e+21,5.3336213081e+13,5.7851744718e-21,5.8972216838e-22,-6.0043428504e-01,2025-11-22T13:30:24.788103,1.6180339887e+00
Star_0907,2.1244004990e-01,4.2254325925e+29,2.8263067020e+19,2.8263067020e+16,1.8892424478e+08,2.9873234351e+03,9.1593696793e+02,6.2757479277e+02,6.2757479277e-01,4.5035376413e+16,4.5035376413e+16,9.4136218915e+02,1.8827243783e+03,False,False,1.0000000000e+00,0,1.0000000000e+00,2.0000000000e+00,5.6526134039e+19,5.6526134039e+16,9.9891562545e-01,1.4126800252e+00,1.4126800252e+00,1.9978312509e+00,9.9891562545e-04,1.4126800252e-03,1.4126800252e-03,1.9978312509e-03,3.3320238678e-09,4.7121933440e-09,0,0.0000000000e+00,inf,1.7777486197e+20,5.6333454372e+12,3.5554972394e+20,1.1266690874e+13,3.5305171448e-20,3.5988961721e-21,-9.9783242677e-01,2025-11-22T13:30:24.788103,1.6180339887e+00
Star_0908,1.7369233900e+00,3.4547406227e+30,8.5716218391e+18,8.5716218391e+15,5.7296937427e+07,9.0599533232e+02,2.7778532713e+02,5.1310915105e+03,5.1310915105e+00,1.6705260122e+15,1.6705260122e+15,7.6966372657e+03,1.5393274531e+04,False,False,1.0000000000e+00,0,1.0000000000e+00,2.0000000000e+00,1.7143243678e+19,1.7143243678e+16,5.1865561485e+00,7.3348980472e+00,7.3348980472e+00,1.0373112297e+01,5.1865561485e-03,7.3348980472e-03,7.3348980472e-03,1.0373112297e-02,1.7300489089e-08,2.4466586305e-08,0,4.4408920985e-16,inf,1.0383978666e+19,3.2904842784e+11,2.0767957333e+19,6.5809685569e+11,3.1383051173e-18,3.1990877852e-19,-2.6900364681e+01,2025-11-22T13:30:24.788103,1.6180339887e+00
Star_0909,1.0982332589e+00,2.1843859520e+30,1.1803563333e+19,1.1803563333e+16,7.8900824421e+07,1.2476020858e+03,3.8252465675e+02,3.2443200338e+03,3.2443200338e+00,3.6382240995e+15,3.6382240995e+15,4.8664800506e+03,9.7329601013e+03,False,False,1.0000000000e+00,0,1.0000000000e+00,2.0000000000e+00,2.3607126667e+19,2.3607126667e+16,3.5144792373e+00,4.9702242021e+00,4.9702242021e+00,7.0289584746e+00,3.5144792373e-03,4.9702242021e-03,4.9702242021e-03,7.0289584746e-03,1.1723040869e-08,1.6578883389e-08,0,2.2204460493e-16,inf,2.1102408266e+19,6.6869496623e+11,4.2204816532e+19,1.3373899325e+12,1.0464267409e-18,1.0666939254e-19,-1.2351564309e+01,2025-11-22T13:30:24.788103,1.6180339887e+00
Star_0910,2.3640101270e-01,4.7020161426e+29,4.3605294398e+19,4.3605294398e+16,2.9147924063e+08,4.6089519499e+03,1.4131410830e+03,6.9835850926e+02,6.9835850926e-01,6.2439697977e+16,6.2439697977e+16,1.0475377639e+03,2.0950755278e+03,False,False,1.0000000000e+00,0,1.0000000000e+00,2.0000000000e+00,8.7210588796e+19,8.7210588796e+16,8.4835047676e-01,1.1997487499e+00,1.1997487499e+00,1.6967009535e+00,8.4835047676e-04,1.1997487499e-03,1.1997487499e-03,1.6967009535e-03,2.8297925919e-09,4.0019310622e-09,0,0.0000000000e+00,inf,3.2295631650e+20,1.0233868117e+13,6.4591263300e+20,2.0467736235e+13,1.6504842849e-20,1.6824508511e-21,-7.1969853142e-01,2025-11-22T13:30:24.788103,1.6180339887e+00
Star_0911,3.3801936210e-01,6.7232051122e+29,2.9296091746e+19,2.9296091746e+16,1.9582949028e+08,3.0965111242e+03,9.4941477610e+02,9.9855197370e+02,9.9855197370e-01,2.9338574774e+16,2.9338574774e+16,1.4978279606e+03,2.9956559211e+03,False,False,1.0000000000e+00,0,1.0000000000e+00,2.0000000000e+00,5.8592183493e+19,5.8592183493e+16,1.2376168078e+00,1.7502544746e+00,1.7502544746e+00,2.4752336156e+00,1.2376168078e-03,1.7502544746e-03,1.7502544746e-03,2.4752336156e-03,4.1282453070e-09,5.8382205019e-09,0,0.0000000000e+00,inf,1.4873163653e+20,4.7130211590e+12,2.9746327306e+20,9.4260423180e+12,5.2283266185e-20,5.3295888058e-21,-1.5316953629e+00,2025-11-22T13:30:24.788103,1.6180339887e+00
Star_0912,3.5904008899e+01,7.1413073701e+31,8.2540494802e+19,8.2540494802e+16,5.5174127541e+08,8.7242886378e+03,2.6749358266e+03,1.0606498612e+05,1.0606498612e+02,7.7820681282e+14,7.7820681282e+14,1.5909747918e+05,3.1819495837e+05,False,False,1.0000000000e+00,0,1.0000000000e+00,2.0000000000e+00,1.6508098960e+20,1.6508098960e+17,7.5990305561e+00,1.0746652073e+01,1.0746652073e+01,1.5198061112e+01,7.5990305561e-03,1.0746652073e-02,1.0746652073e-02,1.5198061112e-02,2.5347637518e-08,3.5846972753e-08,0,6.6613381478e-16,inf,6.8247814028e+19,2.1626427240e+12,1.3649562806e+20,4.3252854481e+12,6.9959921529e-19,7.1314904719e-20,-5.7745265393e+01,2025-11-22T13:30:24.788604,1.6180339887e+00
Star_0913,5.3655301550e-01,1.0672039478e+30,7.8895541311e+19,7.8895541311e+16,5.2737661304e+08,8.3390277256e+03,2.5568117870e+03,1.5850455113e+03,1.5850455113e+00,4.9774937533e+16,4.9774937533e+16,2.3775682669e+03,4.7551365339e+03,False,False,1.0000000000e+00,0,1.0000000000e+00,2.0000000000e+00,1.5779108262e+20,1.5779108262e+17,9.5016787576e-01,1.3437402964e+00,1.3437402964e+00,1.9003357515e+00,9.5016787576e-04,1.3437402964e-03,1.3437402964e-03,1.9003357515e-03,3.1694188776e-09,4.4822351616e-09,0,0.0000000000e+00,inf,5.2171339257e+20,1.6532099797e+13,1.0434267851e+21,3.3064199595e+13,1.1443219441e-20,1.1664851622e-21,-9.0281899212e-01,2025-11-22T13:30:24.788604,1.6180339887e+00
Star_0914,1.7499684320e-01,3.4806872112e+29,1.0609635169e+20,1.0609635169e+17,7.0920021182e+08,1.1214073744e+04,3.4383236118e+03,5.1696282155e+02,5.1696282155e-01,2.0523013893e+17,2.0523013893e+17,7.7544423232e+02,1.5508884646e+03,False,False,1.0000000000e+00,0,1.0000000000e+00,2.0000000000e+00,2.1219270338e+20,2.1219270338e+17,4.6793457475e-01,6.6175942191e-01,6.6175942191e-01,9.3586914950e-01,4.6793457475e-04,6.6175942191e-04,6.6175942191e-04,9.3586914950e-04,1.5608617304e-09,2.2073918281e-09,0,0.0000000000e+00,inf,1.4246073576e+21,4.5143083049e+13,2.8492147152e+21,9.0286166098e+13,2.0638105153e-21,2.1037823805e-22,-2.1896276624e-01,2025-11-22T13:30:24.788604,1.6180339887e+00
Star_0915,1.3642599185e+00,2.7135129779e+30,1.5089801473e+19,1.5089801473e+16,1.0086765690e+08,1.5949478356e+03,4.8902360803e+02,4.0301964532e+03,4.0301964532e+00,3.7441850907e+15,3.7441850907e+15,6.0452946799e+03,1.2090589360e+04,False,False,1.0000000000e+00,0,1.0000000000e+00,2.0000000000e+00,3.0179602946e+19,3.0179602946e+16,3.4643921854e+00,4.8993904140e+00,4.8993904140e+00,6.9287843709e+00,3.4643921854e-03,4.8993904140e-03,4.8993904140e-03,6.9287843709e-03,1.1555968447e-08,1.6342607305e-08,0,2.2204460493e-16,inf,2.7367576714e+19,8.6722617418e+11,5.4735153428e+19,1.7344523484e+12,7.9537250613e-19,8.1077727434e-20,-1.2002013215e+01,2025-11-22T13:30:24.788604,1.6180339887e+00
Star_0916,4.4109100060e-01,8.7733000019e+29,8.6171389810e+19,8.6171389810e+16,5.7601196397e+08,9.1080636095e+03,2.7926042651e+03,1.3030386381e+03,1.3030386381e+00,6.6131108696e+16,6.6131108696e+16,1.9545579571e+03,3.9091159142e+03,False,False,1.0000000000e+00,0,1.0000000000e+00,2.0000000000e+00,1.7234277962e+20,1.7234277962e+17,8.2433322243e-01,1.1657832231e+00,1.1657832231e+00,1.6486664449e+00,8.2433322243e-04,1.1657832231e-03,1.1657832231e-03,1.6486664449e-03,2.7496796548e-09,3.8886342600e-09,0,0.0000000000e+00,inf,6.5681061447e+20,2.0813072428e+13,1.3136212289e+21,4.1626144857e+13,7.8857409995e-21,8.0384719668e-22,-6.7952526160e-01,2025-11-22T13:30:24.788604,1.6180339887e+00
Star_0917,4.8424375880e-01,9.6316083625e+29,2.6161700342e+19,2.6161700342e+16,1.7487767608e+08,2.7652151296e+03,8.4783680661e+02,1.4305173470e+03,1.4305173470e+00,1.8288278990e+16,1.8288278990e+16,2.1457760205e+03,4.2915520410e+03,False,False,1.0000000000e+00,0,1.0000000000e+00,2.0000000000e+00,5.2323400683e+19,5.2323400683e+16,1.5675423609e+00,2.2168396664e+00,2.2168396664e+00,3.1350847218e+00,1.5675423609e-03,2.2168396664e-03,2.2168396664e-03,3.1350847218e-03,5.2287584930e-09,7.3945811752e-09,0,0.0000000000e+00,inf,1.0486403130e+20,3.3229406323e+12,2.0972806260e+20,6.6458812646e+12,9.3923140361e-20,9.5742242978e-21,-2.4571890533e+00,2025-11-22T13:30:24.788604,1.6180339887e+00
Star_0918,1.6052344118e+00,3.1928112451e+30,2.9496539910e+19,2.9496539910e+16,1.9716938443e+08,3.1176979083e+03,9.5591081149e+02,4.7420656030e+03,4.7420656030e+00,6.2201880740e+15,6.2201880740e+15,7.1130984045e+03,1.4226196809e+04,False,False,1.0000000000e+00,0,1.0000000000e+00,2.0000000000e+00,5.8993079820e+19,5.8993079820e+16,2.6878433063e+00,3.8011844573e+00,3.8011844573e+00,5.3756866126e+00,2.6878433063e-03,3.8011844573e-03,3.8011844573e-03,5.3756866126e-03,8.9656802050e-09,1.2679386542e-08,0,2.2204460493e-16,inf,6.8952020284e+19,2.1849576737e+12,1.3790404057e+20,4.3699153474e+12,2.4492708844e-19,2.4967083429e-20,-7.2245016392e+00,2025-11-22T13:30:24.789103,1.6180339887e+00
Star_0919,3.0381079750e-01,6.0427967623e+29,9.9190201399e+19,9.9190201399e+16,6.6303610561e+08,1.0484113878e+04,3.2145121496e+03,8.9749554461e+02,8.9749554461e-01,1.1051887889e+17,1.1051887889e+17,1.3462433169e+03,2.6924866338e+03,False,False,1.0000000000e+00,0,1.0000000000e+00,2.0000000000e+00,1.9838040280e+20,1.9838040280e+17,6.3765749645e-01,9.0178387962e-01,9.0178387962e-01,1.2753149929e+00,6.3765749645e-04,9.0178387962e-04,9.0178387962e-04,1.2753149929e-03,2.1269964585e-09,3.0080272387e-09,0,0.0000000000e+00,inf,9.7737487526e+20,3.0971140874e+13,1.9547497505e+21,6.1942281749e+13,4.0992666316e-21,4.1786611943e-22,-4.0660708277e-01,2025-11-22T13:30:24.789103,1.6180339887e+00
Star_0920,1.0845839890e-01,2.1572375541e+29,9.8090397034e+18,9.8090397034e+15,6.5568447215e+07,1.0367867777e+03,3.1788701764e+02,3.2039983631e+02,3.2039983631e-01,3.0614995989e+16,3.0614995989e+16,4.8059975446e+02,9.6119950893e+02,False,False,1.0000000000e+00,0,1.0000000000e+00,2.0000000000e+00,1.9618079407e+19,1.9618079407e+16,1.2115423555e+00,1.7133796305e+00,1.7133796305e+00,2.4230847110e+00,1.2115423555e-03,1.7133796305e-03,1.7133796305e-03,2.4230847110e-03,4.0412702960e-09,5.7152192619e-09,0,0.0000000000e+00,inf,5.0870705314e+19,1.6119953772e+12,1.0174141063e+20,3.2239907543e+12,1.4964103761e-19,1.5253928400e-20,-1.4678348791e+00,2025-11-22T13:30:24.789103,1.6180339887e+00
Star_0921,3.3346337480e-01,6.6325865248e+29,1.7311808531e+19,1.7311808531e+16,1.1572064526e+08,1.8298074760e+03,5.6103342939e+02,9.8509301064e+02,9.8509301064e-01,1.7573780693e+16,1.7573780693e+16,1.4776395160e+03,2.9552790319e+03,False,False,1.0000000000e+00,0,1.0000000000e+00,2.0000000000e+00,3.4623617062e+19,3.4623617062e+16,1.5990907234e+00,2.2614557886e+00,2.2614557886e+00,3.1981814469e+00,1.5990907234e-03,2.2614557886e-03,2.2614557886e-03,3.1981814469e-03,5.3339925030e-09,7.5434045394e-09,0,2.2204460493e-16,inf,6.8021969865e+19,2.1554861544e+12,1.3604393973e+20,4.3109723087e+12,1.4770791493e-19,1.5056872062e-20,-2.5570911418e+00,2025-11-22T13:30:24.789103,1.6180339887e+00
Star_0922,1.1271800507e+00,2.2419611208e+30,2.7912800337e+19,2.7912800337e+16,1.8658288995e+08,2.9503012723e+03,9.0458568029e+02,3.3298325201e+03,3.3298325201e+00,8.3826439223e+15,8.3826439223e+15,4.9947487802e+03,9.9894975603e+03,False,False,1.0000000000e+00,0,1.0000000000e+00,2.0000000000e+00,5.5825600674e+19,5.5825600674e+16,2.3153422448e+00,3.2743884041e+00,3.2743884041e+00,4.6306844895e+00,2.3153422448e-03,3.2743884041e-03,3.2743884041e-03,4.6306844895e-03,7.7231504094e-09,1.0922184053e-08,0,2.2204460493e-16,inf,7.5747461247e+19,2.4002922037e+12,1.5149492249e+20,4.8005844074e+12,1.9205560337e-19,1.9577533473e-20,-5.3608097103e+00,2025-11-22T13:30:24.789103,1.6180339887e+00
Star_0923,1.8411154017e+00,3.6619785340e+30,5.3656766486e+19,5.3656766486e+16,3.5866822517e+08,5.6713631208e+03,1.7388847421e+03,5.4388878991e+03,5.4388878991e+00,9.8653929777e+15,9.8653929777e+15,8.1583318486e+03,1.6316663697e+04,False,False,1.0000000000e+00,0,1.0000000000e+00,2.0000000000e+00,1.0731353297e+20,1.0731353297e+17,2.1342658251e+00,3.0183076755e+00,3.0183076755e+00,4.2685316501e+00,2.1342658251e-03,3.0183076755e-03,3.0183076755e-03,4.2685316501e-03,7.1191444885e-09,1.0067990688e-08,0,2.2204460493e-16,inf,1.5796317537e+20,5.0055509726e+12,3.1592635074e+20,1.0011101945e+13,8.4893125516e-20,8.6537334878e-21,-4.5550906121e+00,2025-11-22T13:30:24.789103,1.6180339887e+00
Star_0924,1.8796265030e-01,3.7385771145e+29,6.2557684768e+19,6.2557684768e+16,4.1816634203e+08,6.6121641230e+03,2.0273417626e+03,5.5526545661e+02,5.5526545661e-01,1.1266266256e+17,1.1266266256e+17,8.3289818491e+02,1.6657963698e+03,False,False,1.0000000000e+00,0,1.0000000000e+00,2.0000000000e+00,1.2511536954e+20,1.2511536954e+17,6.3156157591e-01,8.9316294613e-01,8.9316294613e-01,1.2631231518e+00,6.3156157591e-04,8.9316294613e-04,8.9316294613e-04,1.2631231518e-03,2.1066626563e-09,2.9792708999e-09,0,0.0000000000e+00,inf,6.2236453384e+20,1.9721542001e+13,1.2447290677e+21,3.9443084001e+13,6.3760355846e-21,6.4995265898e-22,-3.9887002417e-01,2025-11-22T13:30:24.789602,1.6180339887e+00
Star_0925,4.6803987520e-01,9.3093131177e+29,1.8961770641e+19,1.8961770641e+16,1.2674980375e+08,2.0042036403e+03,6.1450467124e+02,1.3826490242e+03,1.3826490242e+00,1.3714088181e+16,1.3714088181e+16,2.0739735362e+03,4.1479470725e+03,False,False,1.0000000000e+00,0,1.0000000000e+00,2.0000000000e+00,3.7923541281e+19,3.7923541281e+16,1.8101819759e+00,2.5599839007e+00,2.5599839007e+00,3.6203639518e+00,1.8101819759e-03,2.5599839007e-03,2.5599839007e-03,3.6203639518e-03,6.0381171293e-09,8.5391871355e-09,0,2.2204460493e-16,inf,6.5816763327e+19,2.0856073760e+12,1.3163352665e+20,4.1712147519e+12,1.7280869218e-19,1.7615564952e-20,-3.2767587858e+00,2025-11-22T13:30:24.789602,1.6180339887e+00
Star_0926,1.6247608474e+01,3.2316493255e+31,1.9332706678e+19,1.9332706678e+16,1.2922932271e+08,2.0434104934e+03,6.2652580219e+02,4.7997491650e+04,4.7997491650e+01,4.0278577095e+14,4.0278577095e+14,7.1996237475e+04,1.4399247495e+05,False,False,1.0000000000e+00,0,1.0000000000e+00,2.0000000000e+00,3.8665413356e+19,3.8665413356e+16,1.0562546773e+01,1.4937696899e+01,1.4937696899e+01,2.1125093545e+01,1.0562546773e-02,1.4937696899e-02,1.4937696899e-02,2.1125093545e-02,3.5232863572e-08,4.9826793505e-08,0,1.3322676296e-15,inf,1.1500160062e+19,3.6441808192e+11,2.3000320124e+19,7.2883616383e+11,5.7709143465e-18,5.8826853685e-19,-1.1156739433e+02,2025-11-22T13:30:24.789602,1.6180339887e+00
Star_0927,1.7993330880e-01,3.5788735120e+29,5.2092983309e+19,5.2092983309e+16,3.4821512907e+08,5.5060758174e+03,1.6882063489e+03,5.3154576567e+02,5.3154576567e-01,9.8002818710e+16,9.8002818710e+16,7.9731864850e+02,1.5946372970e+03,False,False,1.0000000000e+00,0,1.0000000000e+00,2.0000000000e+00,1.0418596662e+20,1.0418596662e+17,6.7715239941e-01,9.5763810704e-01,9.5763810704e-01,1.3543047988e+00,6.7715239941e-04,9.5763810704e-04,9.5763810704e-04,1.3543047988e-03,2.2587372742e-09,3.1943368870e-09,0,0.0000000000e+00,inf,4.8336219087e+20,1.5316823550e+13,9.6672438174e+20,3.0633647101e+13,8.8022482665e-21,8.9727301391e-22,-4.5853537203e-01,2025-11-22T13:30:24.789602,1.6180339887e+00
Star_0928,1.0346882465e+00,2.0579949223e+30,5.5319922776e+19,5.5319922776e+16,3.6978558005e+08,5.8471538713e+03,1.7927835751e+03,3.0566000252e+03,3.0566000252e+00,1.8098515449e+16,1.8098515449e+16,4.5849000378e+03,9.1698000756e+03,False,False,1.0000000000e+00,0,1.0000000000e+00,2.0000000000e+00,1.1063984555e+20,1.1063984555e+17,1.5757387991e+00,2.2284311804e+00,2.2284311804e+00,3.1514775981e+00,1.5757387991e-03,2.2284311804e-03,2.2284311804e-03,3.1514775981e-03,5.2560988678e-09,7.4332463040e-09,0,0.0000000000e+00,inf,2.2058562383e+20,6.9899366184e+12,4.4117124766e+20,1.3979873237e+13,4.4883518238e-20,4.5752821854e-21,-2.4829527629e+00,2025-11-22T13:30:24.789602,1.6180339887e+00
Star_0929,1.6619797044e+00,3.3056776321e+30,7.8629387188e+19,7.8629387188e+16,5.2559750794e+08,8.3108960140e+03,2.5481863820e+03,4.9096983787e+03,4.9096983787e+00,1.6015115619e+16,1.6015115619e+16,7.3645475681e+03,1.4729095136e+04,False,False,1.0000000000e+00,0,1.0000000000e+00,2.0000000000e+00,1.5725877438e+20,1.5725877438e+17,1.6750997196e+00,2.3689487418e+00,2.3689487418e+00,3.3501994392e+00,1.6750997196e-03,2.3689487418e-03,2.3689487418e-03,3.3501994392e-03,5.5875312233e-09,7.9019624362e-09,0,2.2204460493e-16,inf,2.9493349233e+20,9.3458784041e+12,5.8986698465e+20,1.8691756808e+13,3.5685882479e-20,3.6377046360e-21,-2.8059590706e+00,2025-11-22T13:30:24.789602,1.6180339887e+00
Star_0930,1.4637168046e+00,2.9113327243e+30,2.5428475129e+19,2.5428475129e+16,1.6997643803e+08,2.6877153715e+03,8.2407476843e+02,4.3240046815e+03,4.3240046815e+00,5.8807695648e+15,5.8807695648e+15,6.4860070223e+03,1.2972014045e+04,False,False,1.0000000000e+00,0,1.0000000000e+00,2.0000000000e+00,5.0856950259e+19,5.0856950259e+16,2.7643219613e+00,3.9093416084e+00,3.9093416084e+00,5.5286439226e+00,2.7643219613e-03,3.9093416084e-03,3.9093416084e-03,5.5286439226e-03,9.2207855386e-09,1.3040159964e-08,0,2.2204460493e-16,inf,5.7797833810e+19,1.8315028332e+12,1.1559566762e+20,3.6630056665e+12,3.0050861748e-19,3.0632886593e-20,-7.6414759057e+00,2025-11-22T13:30:24.789602,1.6180339887e+00
Star_0931,1.1822954911e+00,2.3515857318e+30,1.4401524828e+19,1.4401524828e+16,9.6266877192e+07,1.5221990094e+03,4.6671824312e+02,3.4926505062e+03,3.4926505062e+00,4.1233798808e+15,4.1233798808e+15,5.2389757593e+03,1.0477951519e+04,False,False,1.0000000000e+00,0,1.0000000000e+00,2.0000000000e+00,2.8803049656e+19,2.8803049656e+16,3.3012546909e+00,4.6686791567e+00,4.6686791567e+00,6.6025093818e+00,3.3012546909e-03,4.6686791567e-03,4.6686791567e-03,6.6025093818e-03,1.1011800340e-08,1.5573037387e-08,0,2.2204460493e-16,inf,2.7410017606e+19,8.6857104488e+11,5.4820035212e+19,1.7371420898e+12,7.5674504363e-19,7.7140167546e-20,-1.0898282534e+01,2025-11-22T13:30:24.789602,1.6180339887e+00
Star_0932,9.9022186050e-01,1.9695512805e+30,2.3490417172e+18,2.3490417172e+15,1.5702150516e+07,2.4828683197e+02,7.6126704386e+01,2.9252406935e+03,2.9252406935e+00,8.0302510575e+14,8.0302510575e+14,4.3878610402e+03,8.7757220805e+03,False,False,1.0000000000e+00,0,1.0000000000e+00,2.0000000000e+00,4.6980834345e+18,4.6980834345e+15,7.4806811382e+00,1.0579280721e+01,1.0579280721e+01,1.4961362276e+01,7.4806811382e-03,1.0579280721e-02,1.0579280721e-02,1.4961362276e-02,2.4952866353e-08,3.5288682017e-08,0,6.6613381478e-16,inf,1.9730107635e+18,6.2520938331e+10,3.9460215269e+18,1.2504187666e+11,2.3822731576e-17,2.4284130047e-18,-5.5960590292e+01,2025-11-22T13:30:24.789602,1.6180339887e+00
Star_0933,3.6110241940e-01,7.1823271219e+29,1.1647436252e+20,1.1647436252e+17,7.7857194195e+08,1.2310999103e+04,3.7746495938e+03,1.0667422462e+03,1.0667422462e+00,1.0918697832e+17,1.0918697832e+17,1.6001133694e+03,3.2002267387e+03,False,False,1.0000000000e+00,0,1.0000000000e+00,2.0000000000e+00,2.3294872503e+20,2.3294872503e+17,6.4153489130e-01,9.0726734401e-01,9.0726734401e-01,1.2830697826e+00,6.4153489130e-04,9.0726734401e-04,9.0726734401e-04,1.2830697826e-03,2.1399300556e-09,3.0263181071e-09,0,0.0000000000e+00,inf,1.1407485597e+21,3.6148140532e+13,2.2814971193e+21,7.2296281064e+13,3.5335416985e-21,3.6019793053e-22,-4.1156701676e-01,2025-11-22T13:30:24.789602,1.6180339887e+00
Star_0934,3.8815937400e-01,7.7204899489e+29,1.1807001475e+19,1.1807001475e+16,7.8923806652e+07,1.2479654873e+03,3.8263607853e+02,1.1466719143e+03,1.1466719143e+00,1.0296756489e+16,1.0296756489e+16,1.7200078715e+03,3.4400157430e+03,False,False,1.0000000000e+00,0,1.0000000000e+00,2.0000000000e+00,2.3614002950e+19,2.3614002950e+16,2.0890819852e+00,2.9544080764e+00,2.9544080764e+00,4.1781639704e+00,2.0890819852e-03,2.9544080764e-03,2.9544080764e-03,4.1781639704e-03,6.9684274219e-09,9.8548445685e-09,0,2.2204460493e-16,inf,3.5511089903e+19,1.1252785352e+12,7.1022179805e+19,2.2505570704e+12,3.6963352212e-19,3.7679258116e-20,-4.3642635409e+00,2025-11-22T13:30:24.789602,1.6180339887e+00
Star_0935,1.6928477470e-01,3.3670741688e+29,7.5556097758e+18,7.5556097758e+15,5.0505412940e+07,7.9860583192e+02,2.4485885782e+02,5.0008864831e+02,5.0008864831e-01,1.5108540858e+16,1.5108540858e+16,7.5013297246e+02,1.5002659449e+03,False,False,1.0000000000e+00,0,1.0000000000e+00,2.0000000000e+00,1.5111219552e+19,1.5111219552e+16,1.7246240712e+00,2.4389867514e+00,2.4389867514e+00,3.4492481423e+00,1.7246240712e-03,2.4389867514e-03,2.4389867514e-03,3.4492481423e-03,5.7527266785e-09,8.1355840894e-09,0,2.2204460493e-16,inf,2.7526750394e+19,8.7227008371e+11,5.5053500788e+19,1.7445401674e+12,3.9365825858e-19,4.0128262852e-20,-2.9743281868e+00,2025-11-22T13:30:24.789602,1.6180339887e+00
Star_0936,2.7396521010e-01,5.4491680289e+29,5.4410695428e+19,5.4410695428e+16,3.6370785714e+08,5.7510512026e+03,1.7633177376e+03,8.0932790232e+02,8.0932790232e-01,6.7229481737e+16,6.7229481737e+16,1.2139918535e+03,2.4279837070e+03,False,False,1.0000000000e+00,0,1.0000000000e+00,2.0000000000e+00,1.0882139086e+20,1.0882139086e+17,8.1757164982e-01,1.1562209154e+00,1.1562209154e+00,1.6351432996e+00,8.1757164982e-04,1.1562209154e-03,1.1562209154e-03,1.6351432996e-03,2.7271254763e-09,3.8567378349e-09,0,0.0000000000e+00,inf,4.1815598931e+20,1.3250563709e+13,8.3631197863e+20,2.6501127419e+13,1.2284779625e-20,1.2522711137e-21,-6.6842340259e-01,2025-11-22T13:30:24.790608,1.6180339887e+00
Star_0937,1.4625879133e+00,2.9090873596e+30,5.4025626680e+19,5.4025626680e+16,3.6113386818e+08,5.7103505634e+03,1.7508386000e+03,4.3206697938e+03,4.3206697938e+00,1.2503993422e+16,1.2503993422e+16,6.4810046907e+03,1.2962009381e+04,False,False,1.0000000000e+00,0,1.0000000000e+00,2.0000000000e+00,1.0805125336e+20,1.0805125336e+17,1.8957511880e+00,2.6809970410e+00,2.6809970410e+00,3.7915023761e+00,1.8957511880e-03,2.6809970410e-03,2.6809970410e-03,3.7915023761e-03,6.3235452976e-09,8.9428435222e-09,0,2.2204460493e-16,inf,1.7905990296e+20,5.6740659290e+12,3.5811980592e+20,1.1348131858e+13,6.6521626639e-20,6.7810016962e-21,-3.5938725670e+00,2025-11-22T13:30:24.790608,1.6180339887e+00
Star_0938,3.5764356140e-01,7.1135304362e+29,3.8006622892e+19,3.8006622892e+16,2.5405496585e+08,4.0171887635e+03,1.2317018146e+03,1.0565243420e+03,1.0565243420e+00,3.5973258146e+16,3.5973258146e+16,1.5847865130e+03,3.1695730259e+03,False,False,1.0000000000e+00,0,1.0000000000e+00,2.0000000000e+00,7.6013245784e+19,7.6013245784e+16,1.1176757236e+00,1.5806321667e+00,1.5806321667e+00,2.2353514472e+00,1.1176757236e-03,1.5806321667e-03,1.5806321667e-03,2.2353514472e-03,3.7281649147e-09,5.2724213852e-09,0,0.0000000000e+00,inf,2.1366005316e+20,6.7704785270e+12,4.2732010633e+20,1.3540957054e+13,3.2867930064e-20,3.3504515865e-21,-1.2491990232e+00,2025-11-22T13:30:24.790608,1.6180339887e+00
Star_0939,4.2654442860e+01,8.4839686848e+31,3.2493293647e+19,3.2493293647e+16,2.1720116074e+08,3.4344460043e+03,1.0530282803e+03,1.2600662234e+05,1.2600662234e+02,2.5786972972e+14,2.5786972972e+14,1.8900993351e+05,3.7801986703e+05,False,False,1.0000000000e+00,0,1.0000000000e+00,2.0000000000e+00,6.4986587293e+19,6.4986587293e+16,1.3200960226e+01,1.8668976989e+01,1.8668976989e+01,2.6401920453e+01,1.3200960226e-02,1.8668976989e-02,1.8668976989e-02,2.6401920453e-02,4.4033663537e-08,6.2273004175e-08,0,1.9984014443e-15,inf,1.5465646568e+19,4.9007676655e+11,3.0931293136e+19,9.8015353311e+11,5.3631174727e-18,5.4669902881e-19,-1.7426535090e+02,2025-11-22T13:30:24.790608,1.6180339887e+00
Star_0940,1.3023638156e+00,2.5904016292e+30,1.3642577462e+19,1.3642577462e+16,9.1193699610e+07,1.4419804948e+03,4.4212261275e+02,3.8473475320e+03,3.8473475320e+00,3.5459696188e+15,3.5459696188e+15,5.7710212980e+03,1.1542042596e+04,False,False,1.0000000000e+00,0,1.0000000000e+00,2.0000000000e+00,2.7285154923e+19,2.7285154923e+16,3.5599032904e+00,5.0344635140e+00,5.0344635140e+00,7.1198065807e+00,3.5599032904e-03,5.0344635140e-03,5.0344635140e-03,7.1198065807e-03,1.1874559200e-08,1.6793162668e-08,0,2.2204460493e-16,inf,2.4078980598e+19,7.6301685166e+11,4.8157961196e+19,1.5260337033e+12,9.2892354633e-19,9.4691493000e-20,-1.2672911437e+01,2025-11-22T13:30:24.790608,1.6180339887e+00
Star_0941,2.2926178250e-01,4.5600168539e+29,3.8565214766e+19,3.8565214766e+16,2.5778886876e+08,4.0762302892e+03,1.2498044128e+03,6.7726831974e+02,6.7726831974e-01,5.6942298409e+16,5.6942298409e+16,1.0159024796e+03,2.0318049592e+03,False,False,1.0000000000e+00,0,1.0000000000e+00,2.0000000000e+00,7.7130429532e+19,7.7130429532e+16,8.8835839056e-01,1.2563284842e+00,1.2563284842e+00,1.7767167811e+00,8.8835839056e-04,1.2563284842e-03,1.2563284842e-03,1.7767167811e-03,2.9632446276e-09,4.1906607410e-09,0,0.0000000000e+00,inf,2.7276422822e+20,8.6433768164e+12,5.4552845644e+20,1.7286753633e+13,2.0463535206e-20,2.0859872789e-21,-7.8918063008e-01,2025-11-22T13:30:24.790608,1.6180339887e+00
Star_0942,1.0187654910e+01,2.0263245616e+31,4.8510336662e+19,4.8510336662e+16,3.2426695630e+08,5.1274005562e+03,1.5721015219e+03,3.0095621903e+04,3.0095621903e+01,1.6118735416e+15,1.6118735416e+15,4.5143432854e+04,9.0286865708e+04,False,False,1.0000000000e+00,0,1.0000000000e+00,2.0000000000e+00,9.7020673324e+19,9.7020673324e+16,5.2800765852e+00,7.4671559172e+00,7.4671559172e+00,1.0560153170e+01,5.2800765852e-03,7.4671559172e-03,7.4671559172e-03,1.0560153170e-02,1.7612439687e-08,2.4907751072e-08,0,4.4408920985e-16,inf,5.7726328329e+19,1.8292369613e+12,1.1545265666e+20,3.6584739225e+12,5.7470656079e-19,5.8583747278e-20,-2.7879208746e+01,2025-11-22T13:30:24.790608,1.6180339887e+00
Star_0943,1.8330815096e+00,3.6459991226e+30,5.2390050390e+19,5.2390050390e+16,3.5020087159e+08,5.5374749382e+03,1.6978335674e+03,5.4151547651e+03,5.4151547651e+00,9.6747097106e+15,9.6747097106e+15,8.1227321476e+03,1.6245464295e+04,False,False,1.0000000000e+00,0,1.0000000000e+00,2.0000000000e+00,1.0478010078e+20,1.0478010078e+17,2.1551958080e+00,3.0479071413e+00,3.0479071413e+00,4.3103916160e+00,2.1551958080e-03,3.0479071413e-03,3.0479071413e-03,4.3103916160e-03,7.1889593967e-09,1.0166723878e-08,0,2.2204460493e-16,inf,1.5273618927e+20,4.8399177781e+12,3.0547237855e+20,9.6798355562e+12,8.8659372080e-20,9.0376526076e-21,-4.6448689709e+00,2025-11-22T13:30:24.791113,1.6180339887e+00
Star_0944,1.5713450605e+00,3.1254053253e+30,1.3760531653e+20,1.3760531653e+17,9.1982163459e+08,1.4544479076e+04,4.4594522000e+03,4.6419521704e+03,4.6419521704e+00,2.9643846271e+16,2.9643846271e+16,6.9629282556e+03,1.3925856511e+04,False,False,1.0000000000e+00,0,1.0000000000e+00,2.0000000000e+00,2.7521063307e+20,2.7521063307e+17,1.2312278453e+00,1.7412191172e+00,1.7412191172e+00,2.4624556907e+00,1.2312278453e-03,1.7412191172e-03,1.7412191172e-03,2.4624556907e-03,4.1069340221e-09,5.8080817938e-09,0,0.0000000000e+00,inf,7.0222559238e+20,2.2252186237e+13,1.4044511848e+21,4.4504372473e+13,1.1016449402e-20,1.1229815905e-21,-1.5159220071e+00,2025-11-22T13:30:24.791113,1.6180339887e+00
Star_0945,1.7939118900e-01,3.5680907492e+29,4.0374088809e+19,4.0374088809e+16,2.6988027279e+08,4.2674229795e+03,1.3084256023e+03,5.2994427517e+02,5.2994427517e-01,7.6185536292e+16,7.6185536292e+16,7.9491641275e+02,1.5898328255e+03,False,False,1.0000000000e+00,0,1.0000000000e+00,2.0000000000e+00,8.0748177618e+19,8.0748177618e+16,7.6801453724e-01,1.0861365747e+00,1.0861365747e+00,1.5360290745e+00,7.6801453724e-04,1.0861365747e-03,1.0861365747e-03,1.5360290745e-03,2.5618207421e-09,3.6229616379e-09,0,0.0000000000e+00,inf,3.3030348944e+20,1.0466685979e+13,6.6060697888e+20,2.0933371957e+13,1.4609526724e-20,1.4892483919e-21,-5.8984632942e-01,2025-11-22T13:30:24.791113,1.6180339887e+00
Star_0946,2.7250566610e-01,5.4201376987e+29,3.0960867717e+19,3.0960867717e+16,2.0695767190e+08,3.2724730702e+03,1.0033660990e+03,8.0501622463e+02,8.0501622463e-01,3.8459930086e+16,3.8459930086e+16,1.2075243369e+03,2.4150486739e+03,False,False,1.0000000000e+00,0,1.0000000000e+00,2.0000000000e+00,6.1921735434e+19,6.1921735434e+16,1.0809396808e+00,1.5286795567e+00,1.5286795567e+00,2.1618793616e+00,1.0809396808e-03,1.5286795567e-03,1.5286795567e-03,2.1618793616e-03,3.6056266659e-09,5.0991261318e-09,0,0.0000000000e+00,inf,1.7996644271e+20,5.7027924402e+12,3.5993288542e+20,1.1405584880e+13,3.7738948540e-20,3.8469876188e-21,-1.1684305935e+00,2025-11-22T13:30:24.791113,1.6180339887e+00
Star_0947,3.1633397880e-01,6.2918828383e+29,1.5271253694e+19,1.5271253694e+16,1.0208057282e+08,1.6141268041e+03,4.9490403131e+02,9.3449060704e+02,9.3449060704e-01,1.6341794748e+16,1.6341794748e+16,1.4017359106e+03,2.8034718211e+03,False,False,1.0000000000e+00,0,1.0000000000e+00,2.0000000000e+00,3.0542507388e+19,3.0542507388e+16,1.6582722354e+00,2.3451510854e+00,2.3451510854e+00,3.3165444707e+00,1.6582722354e-03,2.3451510854e-03,2.3451510854e-03,3.3165444707e-03,5.5314007778e-09,7.8225819989e-09,0,2.2204460493e-16,inf,5.7862704800e+19,1.8335584709e+12,1.1572540960e+20,3.6671169417e+12,1.8006817657e-19,1.8355573554e-20,-2.7498668066e+00,2025-11-22T13:30:24.791113,1.6180339887e+00
Star_0948,9.8867843310e-01,1.9664814034e+30,1.1756307040e+18,1.1756307040e+15,7.8584940105e+06,1.2426072339e+02,3.8099319570e+01,2.9206812136e+03,2.9206812136e+00,4.0251935011e+14,4.0251935011e+14,4.3810218204e+03,8.7620436409e+03,False,False,1.0000000000e+00,0,1.0000000000e+00,2.0000000000e+00,2.3512614080e+18,2.3512614080e+15,1.0566041781e+01,1.4942639588e+01,1.4942639588e+01,2.1132083563e+01,1.0566041781e-02,1.4942639588e-02,1.4942639588e-02,2.1132083563e-02,3.5244521666e-08,4.9843280540e-08,0,1.3322676296e-15,inf,6.9909865196e+17,2.2153099474e+10,1.3981973039e+18,4.4306198948e+10,9.4962847216e-17,9.6802086866e-18,-1.1164123892e+02,2025-11-22T13:30:24.791113,1.6180339887e+00
Star_0949,8.8018904520e-01,1.7506960109e+30,3.5882670378e+19,3.5882670378e+16,2.3985742231e+08,3.7926932013e+03,1.1628697015e+03,2.6001898319e+03,2.6001898319e+00,1.3800019498e+16,1.3800019498e+16,3.9002847478e+03,7.8005694957e+03,False,False,1.0000000000e+00,0,1.0000000000e+00,2.0000000000e+00,7.1765340756e+19,7.1765340756e+16,1.8045372655e+00,2.5520010746e+00,2.5520010746e+00,3.6090745309e+00,1.8045372655e-03,2.5520010746e-03,2.5520010746e-03,3.6090745309e-03,6.0192884020e-09,8.5125592940e-09,0,2.2204460493e-16,inf,1.2493921385e+20,3.9590847798e+12,2.4987842769e+20,7.9181695595e+12,9.0750067041e-20,9.2507713600e-21,-3.2563547424e+00,2025-11-22T13:30:24.791113,1.6180339887e+00
Star_0950,1.7280061410e-01,3.4370042144e+29,8.6897720589e+19,8.6897720589e+16,5.8086711624e+08,9.1848346464e+03,2.8161428716e+03,5.1047488284e+02,5.1047488284e-01,1.7022917975e+17,1.7022917975e+17,7.6571232426e+02,1.5314246485e+03,False,False,1.0000000000e+00,0,1.0000000000e+00,2.0000000000e+00,1.7379544118e+20,1.7379544118e+17,5.1379361374e-01,7.2661389681e-01,7.2661389681e-01,1.0275872275e+00,5.1379361374e-04,7.2661389681e-04,7.2661389681e-04,1.0275872275e-03,1.7138310188e-09,2.4237230705e-09,0,0.0000000000e+00,inf,1.0626727671e+21,3.3674067962e+13,2.1253455342e+21,6.7348135924e+13,3.0378688385e-21,3.0967062574e-22,-2.6398387752e-01,2025-11-22T13:30:24.791113,1.6180339887e+00
Star_0951,6.5166413860e-01,1.2961599717e+30,4.8020446886e+19,4.8020446886e+16,3.2099229202e+08,5.0756206412e+03,1.5562253909e+03,1.9250983368e+03,1.9250983368e+00,2.4944412432e+16,2.4944412432e+16,2.8876475052e+03,5.7752950104e+03,False,False,1.0000000000e+00,0,1.0000000000e+00,2.0000000000e+00,9.6040893773e+19,9.6040893773e+16,1.3422056598e+00,1.8981654476e+00,1.8981654476e+00,2.6844113196e+00,1.3422056598e-03,1.8981654476e-03,1.8981654476e-03,2.6844113196e-03,4.4771161649e-09,6.3315984007e-09,0,0.0000000000e+00,inf,2.2479518255e+20,7.1233294849e+12,4.4959036510e+20,1.4246658970e+13,3.7515603249e-20,3.8242205147e-21,-1.8015160332e+00,2025-11-22T13:30:24.791113,1.6180339887e+00
Star_0952,2.7984506050e-01,5.5661182533e+29,1.7350573016e+19,1.7350573016e+16,1.1597976615e+08,1.8339047686e+03,5.6228969167e+02,8.2669772452e+02,8.2669772452e-01,2.0987807879e+16,2.0987807879e+16,1.2400465868e+03,2.4800931736e+03,False,False,1.0000000000e+00,0,1.0000000000e+00,2.0000000000e+00,3.4701146032e+19,3.4701146032e+16,1.4632622382e+00,2.0693653025e+00,2.0693653025e+00,2.9265244764e+00,1.4632622382e-03,2.0693653025e-03,2.0693653025e-03,2.9265244764e-03,4.8809174452e-09,6.9026596478e-09,0,0.0000000000e+00,inf,7.4502616551e+19,2.3608454557e+12,1.4900523310e+20,4.7216909113e+12,1.2340436110e-19,1.2579445576e-20,-2.1411363777e+00,2025-11-22T13:30:24.791113,1.6180339887e+00
Star_0953,1.5416344563e+00,3.0663109336e+30,5.7261798933e+19,5.7261798933e+16,3.8276603565e+08,6.0524044956e+03,1.8557150382e+03,4.5541832855e+03,4.5541832855e+00,1.2573450681e+16,1.2573450681e+16,6.8312749283e+03,1.3662549857e+04,False,False,1.0000000000e+00,0,1.0000000000e+00,2.0000000000e+00,1.1452359787e+20,1.1452359787e+17,1.8905077575e+00,2.6735817104e+00,2.6735817104e+00,3.7810155150e+00,1.8905077575e-03,2.6735817104e-03,2.6735817104e-03,3.7810155150e-03,6.3060550960e-09,8.9181086418e-09,0,2.2204460493e-16,inf,1.9031209594e+20,6.0306264081e+12,3.8062419187e+20,1.2061252816e+13,6.2415426127e-20,6.3624287592e-21,-3.5740195812e+00,2025-11-22T13:30:24.791113,1.6180339887e+00
Star_0954,1.4548424556e+00,2.8936816442e+30,4.6261819584e+19,4.6261819584e+16,3.0923676192e+08,4.8897388842e+03,1.4992325755e+03,4.2977887315e+03,4.2977887315e+00,1.0764098115e+16,1.0764098115e+16,6.4466830973e+03,1.2893366195e+04,False,False,1.0000000000e+00,0,1.0000000000e+00,2.0000000000e+00,9.2523639167e+19,9.2523639167e+16,2.0432282343e+00,2.8895610799e+00,2.8895610799e+00,4.0864564685e+00,2.0432282343e-03,2.8895610799e-03,2.8895610799e-03,4.0864564685e-03,6.8154757724e-09,9.6385382714e-09,0,2.2204460493e-16,inf,1.4226094776e+20,4.5079774051e+12,2.8452189552e+20,9.0159548101e+12,9.0242486241e-20,9.1990301979e-21,-4.1747816173e+00,2025-11-22T13:30:24.791113,1.6180339887e+00
Star_0955,4.1097305380e-01,8.1742540401e+29,2.5714466555e+19,2.5714466555e+16,1.7188814542e+08,2.7179438278e+03,8.3334305198e+02,1.2140664116e+03,1.2140664116e+00,2.1180444750e+16,2.1180444750e+16,1.8210996175e+03,3.6421992349e+03,False,False,1.0000000000e+00,0,1.0000000000e+00,2.0000000000e+00,5.1428933110e+19,5.1428933110e+16,1.4565928288e+00,2.0599333333e+00,2.0599333333e+00,2.9131856576e+00,1.4565928288e-03,2.0599333333e-03,2.0599333333e-03,2.9131856576e-03,4.8586706901e-09,6.8711979850e-09,0,0.0000000000e+00,inf,1.1092239042e+20,3.5149184482e+12,2.2184478084e+20,7.0298368964e+12,8.2508523533e-20,8.4106547944e-21,-2.1216626689e+00,2025-11-22T13:30:24.792116,1.6180339887e+00
Star_0956,5.1323320499e+00,1.0208208447e+31,1.5632658326e+19,1.5632658326e+16,1.0449637919e+08,1.6523262157e+03,5.0661627269e+02,1.5161558398e+04,1.5161558398e+01,1.0310719991e+15,1.0310719991e+15,2.2742337597e+04,4.5484675194e+04,False,False,1.0000000000e+00,0,1.0000000000e+00,2.0000000000e+00,3.1265316653e+19,3.1265316653e+16,6.6017824477e+00,9.3363302734e+00,9.3363302734e+00,1.3203564895e+01,6.6017824477e-03,9.3363302734e-03,9.3363302734e-03,1.3203564895e-02,2.2021175889e-08,3.1142645601e-08,0,6.6613381478e-16,inf,1.4878237792e+19,4.7146290567e+11,2.9756475584e+19,9.4292581134e+11,2.7879795347e-18,2.8419770996e-19,-4.3583531487e+01,2025-11-22T13:30:24.792116,1.6180339887e+00
Star_0957,1.8172302890e-01,3.6144710448e+29,3.2693562798e+19,3.2693562798e+16,2.1853985828e+08,3.4556138673e+03,1.0595185144e+03,5.3683282534e+02,5.3683282534e-01,6.0900826580e+16,6.0900826580e+16,8.0524923801e+02,1.6104984760e+03,False,False,1.0000000000e+00,0,1.0000000000e+00,2.0000000000e+00,6.5387125597e+19,6.5387125597e+16,8.5900187445e-01,1.2148121009e+00,1.2148121009e+00,1.7180037489e+00,8.5900187445e-04,1.2148121009e-03,1.2148121009e-03,1.7180037489e-03,2.8653218302e-09,4.0521769929e-09,0,0.0000000000e+00,inf,2.3913767772e+20,7.5778157313e+12,4.7827535544e+20,1.5155631463e+13,2.2569709666e-20,2.3006839619e-21,-7.3788422031e-01,2025-11-22T13:30:24.792116,1.6180339887e+00
Star_0958,2.5758201870e-01,5.1233063519e+29,1.3817282160e+18,1.3817282160e+15,9.2361511766e+06,1.4604462700e+02,4.4778436531e+01,7.6092988155e+02,7.6092988155e-01,1.8158417083e+15,1.8158417083e+15,1.1413948223e+03,2.2827896446e+03,False,False,1.0000000000e+00,0,1.0000000000e+00,2.0000000000e+00,2.7634564320e+18,2.7634564320e+15,4.9746978900e+00,7.0352852247e+00,7.0352852247e+00,9.9493957799e+00,4.9746978900e-03,7.0352852247e-03,7.0352852247e-03,9.9493957799e-03,1.6593806005e-08,2.3467185504e-08,0,4.4408920985e-16,inf,1.7451621420e+18,5.5300851205e+10,3.4903242840e+18,1.1060170241e+11,1.7910627292e-17,1.8257520176e-18,-2.4747619096e+01,2025-11-22T13:30:24.792116,1.6180339887e+00
Star_0959,3.1703130960e-01,6.3057527479e+29,1.4456455523e+20,1.4456455523e+17,9.6634060983e+08,1.5280050230e+04,4.6849841278e+03,9.3655061047e+02,9.3655061047e-01,1.5435850835e+17,1.5435850835e+17,1.4048259157e+03,2.8096518314e+03,False,False,1.0000000000e+00,0,1.0000000000e+00,2.0000000000e+00,2.8912911046e+20,2.8912911046e+17,5.3956083556e-01,7.6305425137e-01,7.6305425137e-01,1.0791216711e+00,5.3956083556e-04,7.6305425137e-04,7.6305425137e-04,1.0791216711e-03,1.7997812192e-09,2.5452750095e-09,0,0.0000000000e+00,inf,1.6834540788e+21,5.3345440679e+13,3.3669081575e+21,1.0669088136e+14,2.0138124093e-21,2.0528159116e-22,-2.9112589527e-01,2025-11-22T13:30:24.792116,1.6180339887e+00
Star_0960,1.7985370121e+00,3.5772901171e+30,6.0963623366e+19,6.0963623366e+16,4.0751085137e+08,6.4436764999e+03,1.9756821261e+03,5.3131059477e+03,5.3131059477e+00,1.1474196819e+16,1.1474196819e+16,7.9696589215e+03,1.5939317843e+04,False,False,1.0000000000e+00,0,1.0000000000e+00,2.0000000000e+00,1.2192724673e+20,1.2192724673e+17,1.9789943647e+00,2.7987206704e+00,2.7987206704e+00,3.9579887293e+00,1.9789943647e-03,2.7987206704e-03,2.7987206704e-03,3.9579887293e-03,6.6012146465e-09,9.3355272812e-09,0,2.2204460493e-16,inf,1.9355575208e+20,6.1334116687e+12,3.8711150415e+20,1.2266823337e+13,6.4241895070e-20,6.5486131570e-21,-3.9164186953e+00,2025-11-22T13:30:24.792116,1.6180339887e+00
Star_0961,4.2106581173e+00,8.3749989953e+30,1.4153214570e+19,1.4153214570e+16,9.4607049262e+07,1.4959533421e+03,4.5867111416e+02,1.2438816959e+04,1.2438816959e+01,1.1378264200e+15,1.1378264200e+15,1.8658225438e+04,3.7316450876e+04,False,False,1.0000000000e+00,0,1.0000000000e+00,2.0000000000e+00,2.8306429139e+19,2.8306429139e+16,6.2844561202e+00,8.8875630773e+00,8.8875630773e+00,1.2568912240e+01,6.2844561202e-03,8.8875630773e-03,8.8875630773e-03,1.2568912240e-02,2.0962689195e-08,2.9645719364e-08,0,4.4408920985e-16,inf,1.4150352573e+19,4.4839761495e+11,2.8300705147e+19,8.9679522989e+11,2.7904889403e-18,2.8445351074e-19,-3.9494388727e+01,2025-11-22T13:30:24.792621,1.6180339887e+00
Star_0962,2.7007507340e-01,5.3717932099e+29,2.8583418242e+19,2.8583418242e+16,1.9106562996e+08,3.0211836214e+03,9.2631876859e+02,7.9783594619e+02,7.9783594619e-01,3.5826185043e+16,3.5826185043e+16,1.1967539193e+03,2.3935078386e+03,False,False,1.0000000000e+00,0,1.0000000000e+00,2.0000000000e+00,5.7166836484e+19,5.7166836484e+16,1.1199675066e+00,1.5838732372e+00,1.5838732372e+00,2.2399350131e+00,1.1199675066e-03,1.5838732372e-03,1.5838732372e-03,2.2399350131e-03,3.7358094798e-09,5.2832324328e-09,0,0.0000000000e+00,inf,1.6035725365e+20,5.0814147352e+12,3.2071450730e+20,1.0162829470e+13,4.3883037541e-20,4.4732963854e-21,-1.2543272158e+00,2025-11-22T13:30:24.792621,1.6180339887e+00
Star_0963,3.6130251600e-01,7.1863070432e+29,1.8976524940e+19,1.8976524940e+16,1.2684842874e+08,2.0057631265e+03,6.1498282204e+02,1.0673333569e+03,1.0673333569e+00,1.7779379626e+16,1.7779379626e+16,1.6010000354e+03,3.2020000708e+03,False,False,1.0000000000e+00,0,1.0000000000e+00,2.0000000000e+00,3.7953049880e+19,3.7953049880e+16,1.5898179772e+00,2.2483421450e+00,2.2483421450e+00,3.1796359544e+00,1.5898179772e-03,2.2483421450e-03,2.2483421450e-03,3.1796359544e-03,5.3030619509e-09,7.4996621331e-09,0,2.2204460493e-16,inf,7.4997908185e+19,2.3765403004e+12,1.4999581637e+20,4.7530806008e+12,1.3319199425e-19,1.3577165570e-20,-2.5275212006e+00,2025-11-22T13:30:24.792621,1.6180339887e+00
Star_0964,3.4131205970e-01,6.7886968674e+29,1.2372534346e+20,1.2372534346e+17,8.2704106589e+08,1.3077406559e+04,4.0096361752e+03,1.0082790191e+03,1.0082790191e+00,1.2270942974e+17,1.2270942974e+17,1.5124185287e+03,3.0248370574e+03,False,False,1.0000000000e+00,0,1.0000000000e+00,2.0000000000e+00,2.4745068691e+20,2.4745068691e+17,6.0515515361e-01,8.5581862558e-01,8.5581862558e-01,1.2103103072e+00,6.0515515361e-04,8.5581862558e-04,8.5581862558e-04,1.2103103072e-03,2.0185803127e-09,2.8547036549e-09,0,0.0000000000e+00,inf,1.2846114843e+21,4.0706881523e+13,2.5692229687e+21,8.1413763046e+13,2.9598847714e-21,3.0172117956e-22,-3.6621275994e-01,2025-11-22T13:30:24.792621,1.6180339887e+00
Star_0965,7.6990450120e-01,1.5313400529e+30,3.0857000000e+19,3.0857000000e+16,2.0626336898e+08,3.2614945566e+03,1.0000000000e+03,2.2743953319e+03,2.2743953319e+00,1.3567122465e+16,1.3567122465e+16,3.4115929978e+03,6.8231859956e+03,False,False,1.0000000000e+00,0,1.0000000000e+00,2.0000000000e+00,6.1714000000e+19,6.1714000000e+16,1.8199599562e+00,2.5738120530e+00,2.5738120530e+00,3.6399199124e+00,1.8199599562e-03,2.5738120530e-03,2.5738120530e-03,3.6399199124e-03,6.0707329608e-09,8.5853128868e-09,0,2.2204460493e-16,inf,1.0652995324e+20,3.3757305130e+12,2.1305990647e+20,6.7514610259e+12,1.0734206962e-19,1.0942106995e-20,-3.3122542421e+00,2025-11-22T13:30:24.792621,1.6180339887e+00
Star_0966,4.2091452870e-01,8.3719899758e+29,3.0246341998e+19,3.0246341998e+16,2.0218143047e+08,3.1969497936e+03,9.8021006571e+02,1.2434347866e+03,1.2434347866e+00,2.4324831766e+16,2.4324831766e+16,1.8651521800e+03,3.7303043599e+03,False,False,1.0000000000e+00,0,1.0000000000e+00,2.0000000000e+00,6.0492683995e+19,6.0492683995e+16,1.3591919148e+00,1.9221876397e+00,1.9221876397e+00,2.7183838295e+00,1.3591919148e-03,1.9221876397e-03,1.9221876397e-03,2.7183838295e-03,4.5337762124e-09,6.4117278084e-09,0,0.0000000000e+00,inf,1.3982085206e+20,4.4306554384e+12,2.7964170412e+20,8.8613108767e+12,6.1078548317e-20,6.2261517143e-21,-1.8474026611e+00,2025-11-22T13:30:24.792621,1.6180339887e+00
Star_0967,1.7925179310e-01,3.5653181648e+29,5.5586691639e+19,5.5586691639e+16,3.7156879438e+08,5.8753505590e+03,1.8014289023e+03,5.2953248204e+02,5.2953248204e-01,1.0497314806e+17,1.0497314806e+17,7.9429872306e+02,1.5885974461e+03,False,False,1.0000000000e+00,0,1.0000000000e+00,2.0000000000e+00,1.1117338328e+20,1.1117338328e+17,6.5428444327e-01,9.2529793332e-01,9.2529793332e-01,1.3085688865e+00,6.5428444327e-04,9.2529793332e-04,9.2529793332e-04,1.3085688865e-03,2.1824579832e-09,3.0864616792e-09,0,0.0000000000e+00,inf,5.3380679882e+20,1.6915316717e+13,1.0676135976e+21,3.3830633433e+13,7.7012702157e-21,7.8504283544e-22,-4.2808813271e-01,2025-11-22T13:30:24.793122,1.6180339887e+00
Star_0968,2.3679442560e-01,4.7098411252e+29,6.6763183611e+18,6.6763183611e+15,4.4627796531e+07,7.0566730378e+02,2.1636317079e+02,6.9952070075e+02,6.9952070075e-01,9.5441326523e+15,9.5441326523e+15,1.0492810511e+03,2.0985621023e+03,False,False,1.0000000000e+00,0,1.0000000000e+00,2.0000000000e+00,1.3352636722e+19,1.3352636722e+16,2.1698887673e+00,3.0686861236e+00,3.0686861236e+00,4.3397775347e+00,2.1698887673e-03,3.0686861236e-03,3.0686861236e-03,4.3397775347e-03,7.2379698336e-09,1.0236035103e-08,0,2.2204460493e-16,inf,1.9332117878e+19,6.1259784895e+11,3.8664235756e+19,1.2251956979e+12,7.0524157297e-19,7.1890068600e-20,-4.7084172626e+00,2025-11-22T13:30:24.793122,1.6180339887e+00
Star_0969,2.9817226340e-01,5.9306463190e+29,7.7395748265e+19,7.7395748265e+16,5.1735125846e+08,8.1805039916e+03,2.5082071577e+03,8.8083860129e+02,8.8083860129e-01,8.7865981522e+16,8.7865981522e+16,1.3212579019e+03,2.6425158039e+03,False,False,1.0000000000e+00,0,1.0000000000e+00,2.0000000000e+00,1.5479149653e+20,1.5479149653e+17,7.1514700260e-01,1.0113705902e+00,1.0113705902e+00,1.4302940052e+00,7.1514700260e-04,1.0113705902e-03,1.0113705902e-03,1.4302940052e-03,2.3854736286e-09,3.3735691582e-09,0,0.0000000000e+00,inf,6.7998862691e+20,2.1547539322e+13,1.3599772538e+21,4.3095078644e+13,6.6080533723e-21,6.7360380961e-22,-5.1143523533e-01,2025-11-22T13:30:24.793122,1.6180339887e+00
Star_0970,2.4843437740e-01,4.9413597665e+29,4.4815374964e+19,4.4815374964e+16,2.9956801446e+08,4.7368539228e+03,1.4523568384e+03,7.3390659147e+02,7.3390659147e-01,6.1064140157e+16,6.1064140157e+16,1.1008598872e+03,2.2017197744e+03,False,False,1.0000000000e+00,0,1.0000000000e+00,2.0000000000e+00,8.9630749927e+19,8.9630749927e+16,8.5785242248e-01,1.2131865304e+00,1.2131865304e+00,1.7157048450e+00,8.5785242248e-04,1.2131865304e-03,1.2131865304e-03,1.7157048450e-03,2.8614876712e-09,4.0467546731e-09,0,0.0000000000e+00,inf,3.2824212898e+20,1.0401365408e+13,6.5648425797e+20,2.0802730815e+13,1.6420944360e-20,1.6738985076e-21,-7.3591077875e-01,2025-11-22T13:30:24.793627,1.6180339887e+00
Star_0971,4.6733067640e-01,9.2952071536e+29,2.4512734956e+19,2.4512734956e+16,1.6385518018e+08,2.5909243162e+03,7.9439786614e+02,1.3805539611e+03,1.3805539611e+00,1.7755723894e+16,1.7755723894e+16,2.0708309417e+03,4.1416618834e+03,False,False,1.0000000000e+00,0,1.0000000000e+00,2.0000000000e+00,4.9025469911e+19,4.9025469911e+16,1.5908766721e+00,2.2498393657e+00,2.2498393657e+00,3.1817533442e+00,1.5908766721e-03,2.2498393657e-03,2.2498393657e-03,3.1817533442e-03,5.3065933770e-09,7.5046563237e-09,0,2.2204460493e-16,inf,9.6813322374e+19,3.0678290609e+12,1.9362664475e+20,6.1356581219e+12,1.0324790728e-19,1.0524761190e-20,-2.5308885858e+00,2025-11-22T13:30:24.793627,1.6180339887e+00
Star_0972,3.4341459070e-01,6.8305162090e+29,6.5560637905e+19,6.5560637905e+16,4.3823955819e+08,6.9295674775e+03,2.1246601389e+03,1.0144901618e+03,1.0144901618e+00,6.4624222466e+16,6.4624222466e+16,1.5217352427e+03,3.0434704853e+03,False,False,1.0000000000e+00,0,1.0000000000e+00,2.0000000000e+00,1.3112127581e+20,1.3112127581e+17,8.3388860571e-01,1.1792965757e+00,1.1792965757e+00,1.6677772114e+00,8.3388860571e-04,1.1792965757e-03,1.1792965757e-03,1.6677772114e-03,2.7815529826e-09,3.9337099525e-09,0,0.0000000000e+00,inf,4.9398640776e+20,1.5653484668e+13,9.8797281553e+20,3.1306969336e+13,1.0606519841e-20,1.0811946831e-21,-6.9537020674e-01,2025-11-22T13:30:24.793627,1.6180339887e+00
Star_0973,3.6416586160e-01,7.2432589872e+29,1.0013032987e+19,1.0013032987e+16,6.6932038683e+07,1.0583482705e+03,3.2449794170e+02,1.0757920422e+03,1.0757920422e+00,9.3075916108e+15,9.3075916108e+15,1.6136880633e+03,3.2273761266e+03,False,False,1.0000000000e+00,0,1.0000000000e+00,2.0000000000e+00,2.0026065974e+19,2.0026065974e+16,2.1972883108e+00,3.1074349296e+00,3.1074349296e+00,4.3945766216e+00,2.1972883108e-03,3.1074349296e-03,3.1074349296e-03,4.3945766216e-03,7.3293648728e-09,1.0365287207e-08,0,2.2204460493e-16,inf,2.8632447292e+19,9.0730750411e+11,5.7264894584e+19,1.8146150082e+12,4.8217916860e-19,4.9151801080e-20,-4.8280759208e+00,2025-11-22T13:30:24.793627,1.6180339887e+00
Star_0974,3.9387572260e-01,7.8341881225e+29,3.0275588859e+19,3.0275588859e+16,2.0237693088e+08,3.2000411013e+03,9.8115788506e+02,1.1635587315e+03,1.1635587315e+00,2.6019820091e+16,2.6019820091e+16,1.7453380973e+03,3.4906761946e+03,False,False,1.0000000000e+00,0,1.0000000000e+00,2.0000000000e+00,6.0551177719e+19,6.0551177719e+16,1.3141760869e+00,1.8585256455e+00,1.8585256455e+00,2.6283521739e+00,1.3141760869e-03,1.8585256455e-03,1.8585256455e-03,2.6283521739e-03,4.3836195737e-09,6.1993742534e-09,0,0.0000000000e+00,inf,1.4475011148e+20,4.5868542436e+12,2.8950022296e+20,9.1737084872e+12,5.7044597729e-20,5.8149437033e-21,-1.7270587875e+00,2025-11-22T13:30:24.793627,1.6180339887e+00
Star_0975,4.4401135790e-01,8.8313859086e+29,5.7412968654e+19,5.7412968654e+16,3.8377652844e+08,6.0683826926e+03,1.8606140796e+03,1.3116657431e+03,1.3116657431e+00,4.3771036147e+16,4.3771036147e+16,1.9674986147e+03,3.9349972294e+03,False,False,1.0000000000e+00,0,1.0000000000e+00,2.0000000000e+00,1.1482593731e+20,1.1482593731e+17,1.0132399188e+00,1.4329376351e+00,1.4329376351e+00,2.0264798376e+00,1.0132399188e-03,1.4329376351e-03,1.4329376351e-03,2.0264798376e-03,3.3798045673e-09,4.7797654572e-09,0,0.0000000000e+00,inf,3.5602261064e+20,1.1281675750e+13,7.1204522129e+20,2.2563351500e+13,1.7881937776e-20,1.8228275001e-21,-1.0266551330e+00,2025-11-22T13:30:24.793627,1.6180339887e+00
Star_0976,3.1042905580e-01,6.1744339199e+29,8.9416799020e+19,8.9416799020e+16,5.9770587580e+08,9.4510938611e+03,2.8977800506e+03,9.1704671720e+02,9.1704671720e-01,9.7505173230e+16,9.7505173230e+16,1.3755700758e+03,2.7511401516e+03,False,False,1.0000000000e+00,0,1.0000000000e+00,2.0000000000e+00,1.7883359804e+20,1.7883359804e+17,6.7887822043e-01,9.6007878653e-01,9.6007878653e-01,1.3577564409e+00,6.7887822043e-04,9.6007878653e-04,9.6007878653e-04,1.3577564409e-03,2.2644939935e-09,3.2024781175e-09,0,0.0000000000e+00,inf,8.2757452061e+20,2.6224254082e+13,1.6551490412e+21,5.2448508163e+13,5.1542399551e-21,5.2540672325e-22,-4.6087563817e-01,2025-11-22T13:30:24.793627,1.6180339887e+00
Star_0977,3.6871141200e-01,7.3336699847e+29,4.9657408510e+18,4.9657408510e+15,3.3193454886e+07,5.2486426921e+02,1.6092753187e+02,1.0892201733e+03,1.0892201733e+00,4.5589872209e+15,4.5589872209e+15,1.6338302600e+03,3.2676605200e+03,False,False,1.0000000000e+00,0,1.0000000000e+00,2.0000000000e+00,9.9314817020e+18,9.9314817020e+15,3.1395797385e+00,4.4400362463e+00,4.4400362463e+00,6.2791594770e+00,3.1395797385e-03,4.4400362463e-03,4.4400362463e-03,6.2791594770e-03,1.0472510748e-08,1.4810366732e-08,0,2.2204460493e-16,inf,9.9378491878e+18,3.1491143775e+11,1.9875698376e+19,6.2982287549e+11,1.9849930212e-18,2.0234383499e-19,-9.8569609344e+00,2025-11-22T13:30:24.793627,1.6180339887e+00
Star_0978,1.6981377840e-01,3.3775960524e+29,1.2537345040e+20,1.2537345040e+17,8.3805782356e+08,1.3251606638e+04,4.0630472957e+03,5.0165139219e+02,5.0165139219e-01,2.4992146410e+17,2.4992146410e+17,7.5247708828e+02,1.5049541766e+03,False,False,1.0000000000e+00,0,1.0000000000e+00,2.0000000000e+00,2.5074690081e+20,2.5074690081e+17,4.2403716951e-01,5.9967911607e-01,5.9967911607e-01,8.4807433902e-01,4.2403716951e-04,5.9967911607e-04,5.9967911607e-04,8.4807433902e-04,1.4144357478e-09,2.0003142176e-09,0,0.0000000000e+00,inf,1.8577254027e+21,5.8867765695e+13,3.7154508054e+21,1.1773553139e+14,1.4341754219e-21,1.4619525198e-22,-1.7980752113e-01,2025-11-22T13:30:24.793627,1.6180339887e+00
Star_0979,1.7729912003e+00,3.5264794974e+30,1.5267597981e+19,1.5267597981e+16,1.0205613624e+08,1.6137404060e+03,4.9478555857e+02,5.2376403867e+03,5.2376403867e+00,2.9149763737e+15,2.9149763737e+15,7.8564605800e+03,1.5712921160e+04,False,False,1.0000000000e+00,0,1.0000000000e+00,2.0000000000e+00,3.0535195962e+19,3.0535195962e+16,3.9263425412e+00,5.5526868723e+00,5.5526868723e+00,7.8526850825e+00,3.9263425412e-03,5.5526868723e-03,5.5526868723e-03,7.8526850825e-03,1.3096868972e-08,1.8521769725e-08,0,2.2204460493e-16,inf,2.4432190086e+19,7.7420938493e+11,4.8864380172e+19,1.5484187699e+12,1.0097309197e-18,1.0292873799e-19,-1.5416165751e+01,2025-11-22T13:30:24.793627,1.6180339887e+00
Star_0980,2.5129126210e-01,4.9981832032e+29,7.1489291479e+19,7.1489291479e+16,4.7786959545e+08,7.5562088023e+03,2.3167933201e+03,7.4234619042e+02,7.4234619042e-01,9.6301823059e+16,9.6301823059e+16,1.1135192856e+03,2.2270385713e+03,False,False,1.0000000000e+00,0,1.0000000000e+00,2.0000000000e+00,1.4297858296e+20,1.4297858296e+17,6.8310655179e-01,9.6605855009e-01,9.6605855009e-01,1.3662131036e+00,6.8310655179e-04,9.6605855009e-04,9.6605855009e-04,1.3662131036e-03,2.2785981887e-09,3.2224244617e-09,0,0.0000000000e+00,inf,6.5755549359e+20,2.0836676224e+13,1.3151109872e+21,4.1673352447e+13,6.5273350938e-21,6.6537564667e-22,-4.6663456110e-01,2025-11-22T13:30:24.793627,1.6180339887e+00
Star_0981,5.6447322380e-01,1.1227372421e+30,1.4381427388e+20,1.4381427388e+17,9.6132536014e+08,1.5200747688e+04,4.6606693417e+03,1.6675253400e+03,1.6675253400e+00,8.6244131002e+16,8.6244131002e+16,2.5012880101e+03,5.0025760201e+03,False,False,1.0000000000e+00,0,1.0000000000e+00,2.0000000000e+00,2.8762854775e+20,2.8762854775e+17,7.2183997581e-01,1.0208358836e+00,1.0208358836e+00,1.4436799516e+00,7.2183997581e-04,1.0208358836e-03,1.0208358836e-03,1.4436799516e-03,2.4077989841e-09,3.4051419787e-09,0,0.0000000000e+00,inf,1.2518172488e+21,3.9667694907e+13,2.5036344976e+21,7.9335389814e+13,3.6230962103e-21,3.6932683082e-22,-5.2105295067e-01,2025-11-22T13:30:24.793627,1.6180339887e+00
Star_0982,3.5835100440e-01,7.1276014775e+29,6.8557095035e+19,6.8557095035e+16,4.5826935184e+08,7.2462842232e+03,2.2217679954e+03,1.0586142181e+03,1.0586142181e+00,6.4761169708e+16,6.4761169708e+16,1.5879213272e+03,3.1758426544e+03,False,False,1.0000000000e+00,0,1.0000000000e+00,2.0000000000e+00,1.3711419007e+20,1.3711419007e+17,8.3300644761e-01,1.1780490158e+00,1.1780490158e+00,1.6660128952e+00,8.3300644761e-04,1.1780490158e-03,1.1780490158e-03,1.6660128952e-03,2.7786104199e-09,3.9295485404e-09,0,0.0000000000e+00,inf,5.1711116218e+20,1.6386263917e+13,1.0342223244e+21,3.2772527834e+13,1.0121486936e-20,1.0317519812e-21,-6.9389974177e-01,2025-11-22T13:30:24.793627,1.6180339887e+00
Star_0983,1.0607117220e-01,2.1097556151e+29,4.3486619110e+19,4.3486619110e+16,2.9068595662e+08,4.5964083194e+03,1.4092951068e+03,3.1334766652e+02,3.1334766652e-01,1.3878073385e+17,1.3878073385e+17,4.7002149978e+02,9.4004299957e+02,False,False,1.0000000000e+00,0,1.0000000000e+00,2.0000000000e+00,8.6973238220e+19,8.6973238220e+16,5.6903779822e-01,8.0474097175e-01,8.0474097175e-01,1.1380755964e+00,5.6903779822e-04,8.0474097175e-04,8.0474097175e-04,1.1380755964e-03,1.8981057830e-09,2.6843269411e-09,0,0.0000000000e+00,inf,4.8016930880e+20,1.5215647223e+13,9.6033861759e+20,3.0431294445e+13,7.4460609363e-21,7.5902761837e-22,-3.2380401580e-01,2025-11-22T13:30:24.794679,1.6180339887e+00
Star_0984,6.1486370390e-01,1.2229639071e+30,6.8680853550e+19,6.8680853550e+16,4.5909661464e+08,7.2593651358e+03,2.2257787066e+03,1.8163851954e+03,1.8163851954e+00,3.7811832932e+16,3.7811832932e+16,2.7245777931e+03,5.4491555863e+03,False,False,1.0000000000e+00,0,1.0000000000e+00,2.0000000000e+00,1.3736170710e+20,1.3736170710e+17,1.0901640088e+00,1.5417247265e+00,1.5417247265e+00,2.1803280176e+00,1.0901640088e-03,1.5417247265e-03,1.5417247265e-03,2.1803280176e-03,3.6363957122e-09,5.1426401343e-09,0,0.0000000000e+00,inf,3.9584367712e+20,1.2543529201e+13,7.9168735423e+20,2.5087058402e+13,1.7304059351e-20,1.7639204232e-21,-1.1884575661e+00,2025-11-22T13:30:24.794679,1.6180339887e+00
Star_0985,7.6244200010e-01,1.5164971382e+30,4.9593638643e+19,4.9593638643e+16,3.3150827970e+08,5.2419024039e+03,1.6072086931e+03,2.2523501592e+03,2.2523501592e+00,2.2018618393e+16,2.2018618393e+16,3.3785252388e+03,6.7570504776e+03,False,False,1.0000000000e+00,0,1.0000000000e+00,2.0000000000e+00,9.9187277287e+19,9.9187277287e+16,1.4286000886e+00,2.0203456205e+00,2.0203456205e+00,2.8572001773e+00,1.4286000886e-03,2.0203456205e-03,2.0203456205e-03,2.8572001773e-03,4.7652969596e-09,6.7391475890e-09,0,0.0000000000e+00,inf,2.1811983923e+20,6.9118006195e+12,4.3623967846e+20,1.3823601239e+13,4.1152419323e-20,4.1949459045e-21,-2.0408982132e+00,2025-11-22T13:30:24.794679,1.6180339887e+00
Star_0986,3.3658820600e-01,6.6947394173e+29,1.2398617621e+20,1.2398617621e+17,8.2878460035e+08,1.3104975818e+04,4.0180891276e+03,9.9432415746e+02,9.9432415746e-01,1.2469391926e+17,1.2469391926e+17,1.4914862362e+03,2.9829724724e+03,False,False,1.0000000000e+00,0,1.0000000000e+00,2.0000000000e+00,2.4797235242e+20,2.4797235242e+17,6.0032035247e-01,8.4898118423e-01,8.4898118423e-01,1.2006407049e+00,6.0032035247e-04,8.4898118423e-04,8.4898118423e-04,1.2006407049e-03,2.0024531520e-09,2.8318964056e-09,0,0.0000000000e+00,inf,1.2976873389e+21,4.1121230350e+13,2.5953746778e+21,8.2242460699e+13,2.9066508590e-21,2.9629468491e-22,-3.6038452558e-01,2025-11-22T13:30:24.794679,1.6180339887e+00
Star_0987,1.6692577420e-01,3.3201536488e+29,5.2320155758e+19,5.2320155758e+16,3.4973366148e+08,5.5300872802e+03,1.6955684531e+03,4.9311986229e+02,4.9311986229e-01,1.0610028060e+17,1.0610028060e+17,7.3967979343e+02,1.4793595869e+03,False,False,1.0000000000e+00,0,1.0000000000e+00,2.0000000000e+00,1.0464031152e+20,1.0464031152e+17,6.5079984206e-01,9.2036996302e-01,9.2036996302e-01,1.3015996841e+00,6.5079984206e-04,9.2036996302e-04,9.2036996302e-04,1.3015996841e-03,2.1708346047e-09,3.0700237396e-09,0,0.0000000000e+00,inf,5.0512801738e+20,1.6006540972e+13,1.0102560348e+21,3.2013081944e+13,8.0951676899e-21,8.2519548317e-22,-4.2354043442e-01,2025-11-22T13:30:24.794679,1.6180339887e+00
Star_0988,3.0538289080e-01,6.0740656980e+29,1.2374425530e+19,1.2374425530e+16,8.2716748196e+07,1.3079405486e+03,4.0102490618e+02,9.0213970717e+02,9.0213970717e-01,1.3716750778e+16,1.3716750778e+16,1.3532095608e+03,2.7064191215e+03,False,False,1.0000000000e+00,0,1.0000000000e+00,2.0000000000e+00,2.4748851060e+19,2.4748851060e+16,1.8100062776e+00,2.5597354258e+00,2.5597354258e+00,3.6200125552e+00,1.8100062776e-03,2.5597354258e-03,2.5597354258e-03,3.6200125552e-03,6.0375310630e-09,8.5383583125e-09,0,2.2204460493e-16,inf,4.2956098902e+19,1.3611966342e+12,8.5912197805e+19,2.7223932683e+12,2.6474948005e-19,2.6987714582e-20,-3.2761227250e+00,2025-11-22T13:30:24.794679,1.6180339887e+00
Star_0989,4.7618697700e-01,9.4713589725e+29,3.2369642771e+19,3.2369642771e+16,2.1637461745e+08,3.4213764688e+03,1.0490210575e+03,1.4067165939e+03,1.4067165939e+00,2.3010777658e+16,2.3010777658e+16,2.1100748909e+03,4.2201497818e+03,False,False,1.0000000000e+00,0,1.0000000000e+00,2.0000000000e+00,6.4739285542e+19,6.4739285542e+16,1.3974621601e+00,1.9763099397e+00,1.9763099397e+00,2.7949243201e+00,1.3974621601e-03,1.9763099397e-03,1.9763099397e-03,2.7949243201e-03,4.6614320100e-09,6.5922603686e-09,0,0.0000000000e+00,inf,1.4553844080e+20,4.6118348925e+12,2.9107688161e+20,9.2236697850e+12,6.0331233885e-20,6.1499728731e-21,-1.9529004888e+00,2025-11-22T13:30:24.795184,1.6180339887e+00
Star_0990,2.8562332050e-01,5.6810478447e+29,1.5439094202e+20,1.5439094202e+17,1.0320250135e+09,1.6318670544e+04,5.0034333220e+03,8.4376743583e+02,8.4376743583e-01,1.8297807602e+17,1.8297807602e+17,1.2656511537e+03,2.5313023075e+03,False,False,1.0000000000e+00,0,1.0000000000e+00,2.0000000000e+00,3.0878188403e+20,3.0878188403e+17,4.9557133373e-01,7.0084370129e-01,7.0084370129e-01,9.9114266747e-01,4.9557133373e-04,7.0084370129e-04,7.0084370129e-04,9.9114266747e-04,1.6530480354e-09,2.3377629510e-09,0,0.0000000000e+00,inf,1.9574717753e+21,6.2028537510e+13,3.9149435507e+21,1.2405707502e+14,1.5907082605e-21,1.6215170851e-22,-2.4559094682e-01,2025-11-22T13:30:24.795184,1.6180339887e+00
Star_0991,1.6280875600e-01,3.2382661568e+29,2.7438487622e+19,2.7438487622e+16,1.8341235042e+08,2.9001678070e+03,8.8921436375e+02,4.8095766950e+02,4.8095766950e-01,5.7049693482e+16,5.7049693482e+16,7.2143650424e+02,1.4428730085e+03,False,False,1.0000000000e+00,0,1.0000000000e+00,2.0000000000e+00,5.4876975245e+19,5.4876975245e+16,8.8752183694e-01,1.2551454187e+00,1.2551454187e+00,1.7750436739e+00,8.8752183694e-04,1.2551454187e-03,1.2551454187e-03,1.7750436739e-03,2.9604541851e-09,4.1867144593e-09,0,0.0000000000e+00,inf,1.9424998361e+20,6.1554105386e+12,3.8849996722e+20,1.2310821077e+13,2.8707668654e-20,2.9263678547e-21,-7.8769501104e-01,2025-11-22T13:30:24.795184,1.6180339887e+00
Star_0992,1.8720278420e-01,3.7234633777e+29,1.7741979586e+19,1.7741979586e+16,1.1859612023e+08,1.8752752972e+03,5.7497422259e+02,5.5302071599e+02,5.5302071599e-01,3.2081943901e+16,3.2081943901e+16,8.2953107398e+02,1.6590621480e+03,False,False,1.0000000000e+00,0,1.0000000000e+00,2.0000000000e+00,3.5483959173e+19,3.5483959173e+16,1.1835193629e+00,1.6737491343e+00,1.6737491343e+00,2.3670387257e+00,1.1835193629e-03,1.6737491343e-03,1.6737491343e-03,2.3670387257e-03,3.9477956542e-09,5.5830261557e-09,0,0.0000000000e+00,inf,9.4190385857e+19,2.9847132183e+12,1.8838077171e+20,5.9694264365e+12,7.8949368387e-20,8.0478459110e-21,-1.4007180823e+00,2025-11-22T13:30:24.795184,1.6180339887e+00
Star_0993,3.7833818770e-01,7.5251465534e+29,2.9382650831e+19,2.9382650831e+16,1.9640809379e+08,3.1056601660e+03,9.5221994460e+02,1.1176588871e+03,1.1176588871e+00,2.6289461991e+16,2.6289461991e+16,1.6764883306e+03,3.3529766612e+03,False,False,1.0000000000e+00,0,1.0000000000e+00,2.0000000000e+00,5.8765301661e+19,5.8765301661e+16,1.3074191922e+00,1.8489699533e+00,1.8489699533e+00,2.6148383844e+00,1.3074191922e-03,1.8489699533e-03,1.8489699533e-03,2.6148383844e-03,4.3610809988e-09,6.1674998952e-09,0,0.0000000000e+00,inf,1.4120692207e+20,4.4745773465e+12,2.8241384414e+20,8.9491546931e+12,5.8175314199e-20,5.9302053210e-21,-1.7093449441e+00,2025-11-22T13:30:24.795184,1.6180339887e+00
Star_0994,4.3945315150e-01,8.7407231833e+29,1.5428517501e+20,1.5428517501e+17,1.0313180148e+09,1.6307491281e+04,5.0000056716e+03,1.2982002245e+03,1.2982002245e+00,1.1884543855e+17,1.1884543855e+17,1.9473003368e+03,3.8946006736e+03,False,False,1.0000000000e+00,0,1.0000000000e+00,2.0000000000e+00,3.0857035002e+20,3.0857035002e+17,6.1491409260e-01,8.6961984945e-01,8.6961984945e-01,1.2298281852e+00,6.1491409260e-04,8.6961984945e-04,8.6961984945e-04,1.2298281852e-03,2.0511326292e-09,2.9007395825e-09,0,0.0000000000e+00,inf,1.5764841892e+21,4.9955769426e+13,3.1529683785e+21,9.9911538852e+13,2.4507820745e-21,2.4982488018e-22,-3.7811934128e-01,2025-11-22T13:30:24.795184,1.6180339887e+00
Star_0995,1.8408264950e-01,3.6614038986e+29,1.6562662780e+20,1.6562662780e+17,1.1071298649e+09,1.7506249635e+04,5.3675544543e+03,5.4380344321e+02,5.4380344321e-01,3.0457075964e+17,3.0457075964e+17,8.1570516482e+02,1.6314103296e+03,False,False,1.0000000000e+00,0,1.0000000000e+00,2.0000000000e+00,3.3125325559e+20,3.3125325559e+17,3.8411529612e-01,5.4322106128e-01,5.4322106128e-01,7.6823059223e-01,3.8411529612e-04,5.4322106128e-04,5.4322106128e-04,7.6823059223e-04,1.2812707120e-09,1.8119904180e-09,0,0.0000000000e+00,inf,2.7092459081e+21,8.5850822246e+13,5.4184918162e+21,1.7170164449e+14,8.9082632832e-22,9.0807984538e-23,-1.4754456071e-01,2025-11-22T13:30:24.795685,1.6180339887e+00
Star_0996,1.8323316310e-01,3.6445076141e+29,1.9595554892e+19,1.9595554892e+16,1.3098632949e+08,2.0711927800e+03,6.3504407077e+02,5.4129395288e+02,5.4129395288e-01,3.6201318687e+16,3.6201318687e+16,8.1194092932e+02,1.6238818586e+03,False,False,1.0000000000e+00,0,1.0000000000e+00,2.0000000000e+00,3.9191109784e+19,3.9191109784e+16,1.1141496028e+00,1.5756454787e+00,1.5756454787e+00,2.2282992055e+00,1.1141496028e-03,1.5756454787e-03,1.5756454787e-03,2.2282992055e-03,3.7164030416e-09,5.2557875847e-09,0,0.0000000000e+00,inf,1.1050805231e+20,3.5017888657e+12,2.2101610462e+20,7.0035777315e+12,6.3347496113e-20,6.4574409901e-21,-1.2413293373e+00,2025-11-22T13:30:24.795685,1.6180339887e+00
Star_0997,2.3036572210e-01,4.5819742126e+29,2.9746420070e+19,2.9746420070e+16,1.9883970635e+08,3.1441095096e+03,9.6400881713e+02,6.8052949703e+02,6.8052949703e-01,4.3710699095e+16,4.3710699095e+16,1.0207942455e+03,2.0415884911e+03,False,False,1.0000000000e+00,0,1.0000000000e+00,2.0000000000e+00,5.9492840140e+19,5.9492840140e+16,1.0139390019e+00,1.4339262879e+00,1.4339262879e+00,2.0278780038e+00,1.0139390019e-03,1.4339262879e-03,1.4339262879e-03,2.0278780038e-03,3.3821364576e-09,4.7830632482e-09,0,0.0000000000e+00,inf,1.8433285353e+20,5.8411556495e+12,3.6866570705e+20,1.1682311299e+13,3.4561210969e-20,3.5230592221e-21,-1.0280722996e+00,2025-11-22T13:30:24.795685,1.6180339887e+00
Star_0998,1.7851344695e+00,3.5506324598e+30,2.1910609012e+19,2.1910609012e+16,1.4646129019e+08,2.3158872225e+03,7.1006932015e+02,5.2735131407e+03,5.2735131407e+00,4.1548410760e+15,4.1548410760e+15,7.9102697110e+03,1.5820539422e+04,False,False,1.0000000000e+00,0,1.0000000000e+00,2.0000000000e+00,4.3821218024e+19,4.3821218024e+16,3.2887320964e+00,4.6509695337e+00,4.6509695337e+00,6.5774641927e+00,3.2887320964e-03,4.6509695337e-03,4.6509695337e-03,6.5774641927e-03,1.0970029461e-08,1.5513964443e-08,0,2.2204460493e-16,inf,4.1860635826e+19,1.3264835040e+12,8.3721271652e+19,2.6529670080e+12,4.9363113530e-19,5.0319177910e-20,-1.0815758802e+01,2025-11-22T13:30:24.795685,1.6180339887e+00
Star_0999,1.6588577140e-01,3.2994679931e+29,2.2951161775e+19,2.2951161775e+16,1.5341685678e+08,2.4258706030e+03,7.4379109358e+02,4.9004756240e+02,4.9004756240e-01,4.6834559613e+16,4.6834559613e+16,7.3507134360e+02,1.4701426872e+03,False,False,1.0000000000e+00,0,1.0000000000e+00,2.0000000000e+00,4.5902323549e+19,4.5902323549e+16,9.7954069767e-01,1.3852797395e+00,1.3852797395e+00,1.9590813953e+00,9.7954069767e-04,1.3852797395e-03,1.3852797395e-03,1.9590813953e-03,3.2673960653e-09,4.6207958291e-09,0,0.0000000000e+00,inf,1.4721838795e+20,4.6650692053e+12,2.9443677591e+20,9.3301384106e+12,4.1806161614e-20,4.2615863012e-21,-9.5949997839e-01,2025-11-22T13:30:24.795685,1.6180339887e+00
